image_path,image_rel_path,dataset_name,modality,view,species,genus,family,specimen_id,source_id,phase,raw_species_name,normalized_species_name,protocol_group,overlap_type,protocol_usage,matched_species_name,taxonomy_match_status,taxonomy_suggestions
data/images/micro/Antiaris_toxicaria/Tw52852_A_toxicaria_Tr1_2_5x.jpg,Antiaris_toxicaria/Tw52852_A_toxicaria_Tr1_2_5x.jpg,micro_congo,micro,transversal_semi_thin_section,Antiaris toxicaria,Antiaris,,Tw52852,micro_congo:Antiaris_toxicaria/Tw52852_A_toxicaria_Tr1_2_5x,,Antiaris toxicaria,Antiaris toxicaria,,,,,unmatched,
data/images/micro/Antiaris_toxicaria/Tw52852_A_toxicaria_Tr2_2_5x.jpg,Antiaris_toxicaria/Tw52852_A_toxicaria_Tr2_2_5x.jpg,micro_congo,micro,transversal_semi_thin_section,Antiaris toxicaria,Antiaris,,Tw52852,micro_congo:Antiaris_toxicaria/Tw52852_A_toxicaria_Tr2_2_5x,,Antiaris toxicaria,Antiaris toxicaria,,,,,unmatched,
data/images/micro/Antiaris_toxicaria/Tw52852_A_toxicaria_Tr3_2_5x.jpg,Antiaris_toxicaria/Tw52852_A_toxicaria_Tr3_2_5x.jpg,micro_congo,micro,transversal_semi_thin_section,Antiaris toxicaria,Antiaris,,Tw52852,micro_congo:Antiaris_toxicaria/Tw52852_A_toxicaria_Tr3_2_5x,,Antiaris toxicaria,Antiaris toxicaria,,,,,unmatched,
data/images/micro/Antiaris_toxicaria/Tw53044_A_toxicaria_Tr1_2_5x.jpg,Antiaris_toxicaria/Tw53044_A_toxicaria_Tr1_2_5x.jpg,micro_congo,micro,transversal_semi_thin_section,Antiaris toxicaria,Antiaris,,Tw53044,micro_congo:Antiaris_toxicaria/Tw53044_A_toxicaria_Tr1_2_5x,,Antiaris toxicaria,Antiaris toxicaria,,,,,unmatched,
data/images/micro/Antiaris_toxicaria/Tw53044_A_toxicaria_Tr2_2_5x.jpg,Antiaris_toxicaria/Tw53044_A_toxicaria_Tr2_2_5x.jpg,micro_congo,micro,transversal_semi_thin_section,Antiaris toxicaria,Antiaris,,Tw53044,micro_congo:Antiaris_toxicaria/Tw53044_A_toxicaria_Tr2_2_5x,,Antiaris toxicaria,Antiaris toxicaria,,,,,unmatched,
data/images/micro/Antiaris_toxicaria/Tw53044_A_toxicaria_Tr3_2_5x.jpg,Antiaris_toxicaria/Tw53044_A_toxicaria_Tr3_2_5x.jpg,micro_congo,micro,transversal_semi_thin_section,Antiaris toxicaria,Antiaris,,Tw53044,micro_congo:Antiaris_toxicaria/Tw53044_A_toxicaria_Tr3_2_5x,,Antiaris toxicaria,Antiaris toxicaria,,,,,unmatched,
data/images/micro/Antiaris_toxicaria/Tw7488_a_toxicaria_Tr2_2_5x.jpg,Antiaris_toxicaria/Tw7488_a_toxicaria_Tr2_2_5x.jpg,micro_congo,micro,transversal_semi_thin_section,Antiaris toxicaria,Antiaris,,Tw7488,micro_congo:Antiaris_toxicaria/Tw7488_a_toxicaria_Tr2_2_5x,,Antiaris toxicaria,Antiaris toxicaria,,,,,unmatched,
data/images/micro/Antiaris_toxicaria/Tw7488_a_toxicaria_Tr3_2_5x.jpg,Antiaris_toxicaria/Tw7488_a_toxicaria_Tr3_2_5x.jpg,micro_congo,micro,transversal_semi_thin_section,Antiaris toxicaria,Antiaris,,Tw7488,micro_congo:Antiaris_toxicaria/Tw7488_a_toxicaria_Tr3_2_5x,,Antiaris toxicaria,Antiaris toxicaria,,,,,unmatched,
data/images/micro/Antiaris_toxicaria/Tw7488_a_toxicaria_Tr_2_5x.jpg,Antiaris_toxicaria/Tw7488_a_toxicaria_Tr_2_5x.jpg,micro_congo,micro,transversal_semi_thin_section,Antiaris toxicaria,Antiaris,,Tw7488,micro_congo:Antiaris_toxicaria/Tw7488_a_toxicaria_Tr_2_5x,,Antiaris toxicaria,Antiaris toxicaria,,,,,unmatched,
data/images/micro/Antiaris_toxicaria/Tw7568_a_toxicaria_Tr2_2_5x.jpg,Antiaris_toxicaria/Tw7568_a_toxicaria_Tr2_2_5x.jpg,micro_congo,micro,transversal_semi_thin_section,Antiaris toxicaria,Antiaris,,Tw7568,micro_congo:Antiaris_toxicaria/Tw7568_a_toxicaria_Tr2_2_5x,,Antiaris toxicaria,Antiaris toxicaria,,,,,unmatched,
data/images/micro/Antiaris_toxicaria/Tw7568_a_toxicaria_Tr3_2_5x.jpg,Antiaris_toxicaria/Tw7568_a_toxicaria_Tr3_2_5x.jpg,micro_congo,micro,transversal_semi_thin_section,Antiaris toxicaria,Antiaris,,Tw7568,micro_congo:Antiaris_toxicaria/Tw7568_a_toxicaria_Tr3_2_5x,,Antiaris toxicaria,Antiaris toxicaria,,,,,unmatched,
data/images/micro/Antiaris_toxicaria/Tw7568_a_toxicaria_Tr_2_5x.jpg,Antiaris_toxicaria/Tw7568_a_toxicaria_Tr_2_5x.jpg,micro_congo,micro,transversal_semi_thin_section,Antiaris toxicaria,Antiaris,,Tw7568,micro_congo:Antiaris_toxicaria/Tw7568_a_toxicaria_Tr_2_5x,,Antiaris toxicaria,Antiaris toxicaria,,,,,unmatched,
data/images/micro/Beilschmiedia_congolana/Tw5210_Tv_2_5x_1.jpg,Beilschmiedia_congolana/Tw5210_Tv_2_5x_1.jpg,micro_congo,micro,transversal_semi_thin_section,Beilschmiedia congolana,Beilschmiedia,,Tw5210,micro_congo:Beilschmiedia_congolana/Tw5210_Tv_2_5x_1,,Beilschmiedia congolana,Beilschmiedia congolana,,,,,unmatched,
data/images/micro/Beilschmiedia_congolana/Tw5210_Tv_2_5x_2.jpg,Beilschmiedia_congolana/Tw5210_Tv_2_5x_2.jpg,micro_congo,micro,transversal_semi_thin_section,Beilschmiedia congolana,Beilschmiedia,,Tw5210,micro_congo:Beilschmiedia_congolana/Tw5210_Tv_2_5x_2,,Beilschmiedia congolana,Beilschmiedia congolana,,,,,unmatched,
data/images/micro/Beilschmiedia_congolana/Tw5210_Tv_2_5x_3.jpg,Beilschmiedia_congolana/Tw5210_Tv_2_5x_3.jpg,micro_congo,micro,transversal_semi_thin_section,Beilschmiedia congolana,Beilschmiedia,,Tw5210,micro_congo:Beilschmiedia_congolana/Tw5210_Tv_2_5x_3,,Beilschmiedia congolana,Beilschmiedia congolana,,,,,unmatched,
data/images/micro/Beilschmiedia_congolana/Tw5210_Tv_2_5x_4.jpg,Beilschmiedia_congolana/Tw5210_Tv_2_5x_4.jpg,micro_congo,micro,transversal_semi_thin_section,Beilschmiedia congolana,Beilschmiedia,,Tw5210,micro_congo:Beilschmiedia_congolana/Tw5210_Tv_2_5x_4,,Beilschmiedia congolana,Beilschmiedia congolana,,,,,unmatched,
data/images/micro/Beilschmiedia_congolana/Tw5210_b_congolana_Tr2_2_5x.jpg,Beilschmiedia_congolana/Tw5210_b_congolana_Tr2_2_5x.jpg,micro_congo,micro,transversal_semi_thin_section,Beilschmiedia congolana,Beilschmiedia,,Tw5210,micro_congo:Beilschmiedia_congolana/Tw5210_b_congolana_Tr2_2_5x,,Beilschmiedia congolana,Beilschmiedia congolana,,,,,unmatched,
data/images/micro/Beilschmiedia_congolana/Tw5210_b_congolana_Tr3_2_5x.jpg,Beilschmiedia_congolana/Tw5210_b_congolana_Tr3_2_5x.jpg,micro_congo,micro,transversal_semi_thin_section,Beilschmiedia congolana,Beilschmiedia,,Tw5210,micro_congo:Beilschmiedia_congolana/Tw5210_b_congolana_Tr3_2_5x,,Beilschmiedia congolana,Beilschmiedia congolana,,,,,unmatched,
data/images/micro/Beilschmiedia_congolana/Tw5210_b_congolana_Tr4_2_5x.jpg,Beilschmiedia_congolana/Tw5210_b_congolana_Tr4_2_5x.jpg,micro_congo,micro,transversal_semi_thin_section,Beilschmiedia congolana,Beilschmiedia,,Tw5210,micro_congo:Beilschmiedia_congolana/Tw5210_b_congolana_Tr4_2_5x,,Beilschmiedia congolana,Beilschmiedia congolana,,,,,unmatched,
data/images/micro/Beilschmiedia_congolana/Tw5210_b_congolana_Tr_2_5x.jpg,Beilschmiedia_congolana/Tw5210_b_congolana_Tr_2_5x.jpg,micro_congo,micro,transversal_semi_thin_section,Beilschmiedia congolana,Beilschmiedia,,Tw5210,micro_congo:Beilschmiedia_congolana/Tw5210_b_congolana_Tr_2_5x,,Beilschmiedia congolana,Beilschmiedia congolana,,,,,unmatched,
data/images/micro/Beilschmiedia_congolana/Tw57553_Tv_2_5x_1.jpg,Beilschmiedia_congolana/Tw57553_Tv_2_5x_1.jpg,micro_congo,micro,transversal_semi_thin_section,Beilschmiedia congolana,Beilschmiedia,,Tw57553,micro_congo:Beilschmiedia_congolana/Tw57553_Tv_2_5x_1,,Beilschmiedia congolana,Beilschmiedia congolana,,,,,unmatched,
data/images/micro/Beilschmiedia_congolana/Tw57553_Tv_2_5x_2.jpg,Beilschmiedia_congolana/Tw57553_Tv_2_5x_2.jpg,micro_congo,micro,transversal_semi_thin_section,Beilschmiedia congolana,Beilschmiedia,,Tw57553,micro_congo:Beilschmiedia_congolana/Tw57553_Tv_2_5x_2,,Beilschmiedia congolana,Beilschmiedia congolana,,,,,unmatched,
data/images/micro/Beilschmiedia_congolana/Tw57583_Tv_2_5x_1.jpg,Beilschmiedia_congolana/Tw57583_Tv_2_5x_1.jpg,micro_congo,micro,transversal_semi_thin_section,Beilschmiedia congolana,Beilschmiedia,,Tw57583,micro_congo:Beilschmiedia_congolana/Tw57583_Tv_2_5x_1,,Beilschmiedia congolana,Beilschmiedia congolana,,,,,unmatched,
data/images/micro/Beilschmiedia_congolana/Tw57583_Tv_2_5x_2.jpg,Beilschmiedia_congolana/Tw57583_Tv_2_5x_2.jpg,micro_congo,micro,transversal_semi_thin_section,Beilschmiedia congolana,Beilschmiedia,,Tw57583,micro_congo:Beilschmiedia_congolana/Tw57583_Tv_2_5x_2,,Beilschmiedia congolana,Beilschmiedia congolana,,,,,unmatched,
data/images/micro/Brachystegia_laurentii/B_laurentii0102.jpg,Brachystegia_laurentii/B_laurentii0102.jpg,micro_congo,micro,transversal_semi_thin_section,Brachystegia laurentii,Brachystegia,,B_laurentii0102,micro_congo:Brachystegia_laurentii/B_laurentii0102,,Brachystegia laurentii,Brachystegia laurentii,,,,,unmatched,
data/images/micro/Brachystegia_laurentii/B_laurentii074.jpg,Brachystegia_laurentii/B_laurentii074.jpg,micro_congo,micro,transversal_semi_thin_section,Brachystegia laurentii,Brachystegia,,B_laurentii074,micro_congo:Brachystegia_laurentii/B_laurentii074,,Brachystegia laurentii,Brachystegia laurentii,,,,,unmatched,
data/images/micro/Brachystegia_laurentii/B_laurentii075.jpg,Brachystegia_laurentii/B_laurentii075.jpg,micro_congo,micro,transversal_semi_thin_section,Brachystegia laurentii,Brachystegia,,B_laurentii075,micro_congo:Brachystegia_laurentii/B_laurentii075,,Brachystegia laurentii,Brachystegia laurentii,,,,,unmatched,
data/images/micro/Brachystegia_laurentii/B_laurentii076.jpg,Brachystegia_laurentii/B_laurentii076.jpg,micro_congo,micro,transversal_semi_thin_section,Brachystegia laurentii,Brachystegia,,B_laurentii076,micro_congo:Brachystegia_laurentii/B_laurentii076,,Brachystegia laurentii,Brachystegia laurentii,,,,,unmatched,
data/images/micro/Brachystegia_laurentii/B_laurentii077.jpg,Brachystegia_laurentii/B_laurentii077.jpg,micro_congo,micro,transversal_semi_thin_section,Brachystegia laurentii,Brachystegia,,B_laurentii077,micro_congo:Brachystegia_laurentii/B_laurentii077,,Brachystegia laurentii,Brachystegia laurentii,,,,,unmatched,
data/images/micro/Brachystegia_laurentii/B_laurentii078.jpg,Brachystegia_laurentii/B_laurentii078.jpg,micro_congo,micro,transversal_semi_thin_section,Brachystegia laurentii,Brachystegia,,B_laurentii078,micro_congo:Brachystegia_laurentii/B_laurentii078,,Brachystegia laurentii,Brachystegia laurentii,,,,,unmatched,
data/images/micro/Brachystegia_laurentii/B_laurentii079.jpg,Brachystegia_laurentii/B_laurentii079.jpg,micro_congo,micro,transversal_semi_thin_section,Brachystegia laurentii,Brachystegia,,B_laurentii079,micro_congo:Brachystegia_laurentii/B_laurentii079,,Brachystegia laurentii,Brachystegia laurentii,,,,,unmatched,
data/images/micro/Brachystegia_laurentii/B_laurentii080.jpg,Brachystegia_laurentii/B_laurentii080.jpg,micro_congo,micro,transversal_semi_thin_section,Brachystegia laurentii,Brachystegia,,B_laurentii080,micro_congo:Brachystegia_laurentii/B_laurentii080,,Brachystegia laurentii,Brachystegia laurentii,,,,,unmatched,
data/images/micro/Brachystegia_laurentii/B_laurentii103.jpg,Brachystegia_laurentii/B_laurentii103.jpg,micro_congo,micro,transversal_semi_thin_section,Brachystegia laurentii,Brachystegia,,B_laurentii103,micro_congo:Brachystegia_laurentii/B_laurentii103,,Brachystegia laurentii,Brachystegia laurentii,,,,,unmatched,
data/images/micro/Brachystegia_laurentii/B_laurentii104.jpg,Brachystegia_laurentii/B_laurentii104.jpg,micro_congo,micro,transversal_semi_thin_section,Brachystegia laurentii,Brachystegia,,B_laurentii104,micro_congo:Brachystegia_laurentii/B_laurentii104,,Brachystegia laurentii,Brachystegia laurentii,,,,,unmatched,
data/images/micro/Brachystegia_laurentii/Brachystegia_laurentii0018.jpg,Brachystegia_laurentii/Brachystegia_laurentii0018.jpg,micro_congo,micro,transversal_semi_thin_section,Brachystegia laurentii,Brachystegia,,Brachystegia_laurentii0018,micro_congo:Brachystegia_laurentii/Brachystegia_laurentii0018,,Brachystegia laurentii,Brachystegia laurentii,,,,,unmatched,
data/images/micro/Brachystegia_laurentii/Brachystegia_laurentii0019.jpg,Brachystegia_laurentii/Brachystegia_laurentii0019.jpg,micro_congo,micro,transversal_semi_thin_section,Brachystegia laurentii,Brachystegia,,Brachystegia_laurentii0019,micro_congo:Brachystegia_laurentii/Brachystegia_laurentii0019,,Brachystegia laurentii,Brachystegia laurentii,,,,,unmatched,
data/images/micro/Brachystegia_laurentii/Brachystegia_laurentii0020.jpg,Brachystegia_laurentii/Brachystegia_laurentii0020.jpg,micro_congo,micro,transversal_semi_thin_section,Brachystegia laurentii,Brachystegia,,Brachystegia_laurentii0020,micro_congo:Brachystegia_laurentii/Brachystegia_laurentii0020,,Brachystegia laurentii,Brachystegia laurentii,,,,,unmatched,
data/images/micro/Brachystegia_laurentii/Brachystegia_laurentii0022.jpg,Brachystegia_laurentii/Brachystegia_laurentii0022.jpg,micro_congo,micro,transversal_semi_thin_section,Brachystegia laurentii,Brachystegia,,Brachystegia_laurentii0022,micro_congo:Brachystegia_laurentii/Brachystegia_laurentii0022,,Brachystegia laurentii,Brachystegia laurentii,,,,,unmatched,
data/images/micro/Brachystegia_laurentii/Brachystegia_laurentii0023.jpg,Brachystegia_laurentii/Brachystegia_laurentii0023.jpg,micro_congo,micro,transversal_semi_thin_section,Brachystegia laurentii,Brachystegia,,Brachystegia_laurentii0023,micro_congo:Brachystegia_laurentii/Brachystegia_laurentii0023,,Brachystegia laurentii,Brachystegia laurentii,,,,,unmatched,
data/images/micro/Brachystegia_laurentii/Brachystegia_laurentii0024.jpg,Brachystegia_laurentii/Brachystegia_laurentii0024.jpg,micro_congo,micro,transversal_semi_thin_section,Brachystegia laurentii,Brachystegia,,Brachystegia_laurentii0024,micro_congo:Brachystegia_laurentii/Brachystegia_laurentii0024,,Brachystegia laurentii,Brachystegia laurentii,,,,,unmatched,
data/images/micro/Brachystegia_laurentii/Brachystegia_laurentii0039.jpg,Brachystegia_laurentii/Brachystegia_laurentii0039.jpg,micro_congo,micro,transversal_semi_thin_section,Brachystegia laurentii,Brachystegia,,Brachystegia_laurentii0039,micro_congo:Brachystegia_laurentii/Brachystegia_laurentii0039,,Brachystegia laurentii,Brachystegia laurentii,,,,,unmatched,
data/images/micro/Brachystegia_laurentii/Brachystegia_laurentii0040.jpg,Brachystegia_laurentii/Brachystegia_laurentii0040.jpg,micro_congo,micro,transversal_semi_thin_section,Brachystegia laurentii,Brachystegia,,Brachystegia_laurentii0040,micro_congo:Brachystegia_laurentii/Brachystegia_laurentii0040,,Brachystegia laurentii,Brachystegia laurentii,,,,,unmatched,
data/images/micro/Brachystegia_laurentii/Brachystegia_laurentii0041.jpg,Brachystegia_laurentii/Brachystegia_laurentii0041.jpg,micro_congo,micro,transversal_semi_thin_section,Brachystegia laurentii,Brachystegia,,Brachystegia_laurentii0041,micro_congo:Brachystegia_laurentii/Brachystegia_laurentii0041,,Brachystegia laurentii,Brachystegia laurentii,,,,,unmatched,
data/images/micro/Brachystegia_laurentii/Brachystegia_laurentii0042.jpg,Brachystegia_laurentii/Brachystegia_laurentii0042.jpg,micro_congo,micro,transversal_semi_thin_section,Brachystegia laurentii,Brachystegia,,Brachystegia_laurentii0042,micro_congo:Brachystegia_laurentii/Brachystegia_laurentii0042,,Brachystegia laurentii,Brachystegia laurentii,,,,,unmatched,
data/images/micro/Brachystegia_laurentii/Brachystegia_laurentii0043.jpg,Brachystegia_laurentii/Brachystegia_laurentii0043.jpg,micro_congo,micro,transversal_semi_thin_section,Brachystegia laurentii,Brachystegia,,Brachystegia_laurentii0043,micro_congo:Brachystegia_laurentii/Brachystegia_laurentii0043,,Brachystegia laurentii,Brachystegia laurentii,,,,,unmatched,
data/images/micro/Brachystegia_laurentii/Brachystegia_laurentii0044.jpg,Brachystegia_laurentii/Brachystegia_laurentii0044.jpg,micro_congo,micro,transversal_semi_thin_section,Brachystegia laurentii,Brachystegia,,Brachystegia_laurentii0044,micro_congo:Brachystegia_laurentii/Brachystegia_laurentii0044,,Brachystegia laurentii,Brachystegia laurentii,,,,,unmatched,
data/images/micro/Brachystegia_laurentii/Tw1562_Tv_2_5x_1.jpg,Brachystegia_laurentii/Tw1562_Tv_2_5x_1.jpg,micro_congo,micro,transversal_semi_thin_section,Brachystegia laurentii,Brachystegia,,Tw1562,micro_congo:Brachystegia_laurentii/Tw1562_Tv_2_5x_1,,Brachystegia laurentii,Brachystegia laurentii,,,,,unmatched,
data/images/micro/Brachystegia_laurentii/Tw1562_Tv_2_5x_2.jpg,Brachystegia_laurentii/Tw1562_Tv_2_5x_2.jpg,micro_congo,micro,transversal_semi_thin_section,Brachystegia laurentii,Brachystegia,,Tw1562,micro_congo:Brachystegia_laurentii/Tw1562_Tv_2_5x_2,,Brachystegia laurentii,Brachystegia laurentii,,,,,unmatched,
data/images/micro/Brachystegia_laurentii/Tw1562_Tv_2_5x_3.jpg,Brachystegia_laurentii/Tw1562_Tv_2_5x_3.jpg,micro_congo,micro,transversal_semi_thin_section,Brachystegia laurentii,Brachystegia,,Tw1562,micro_congo:Brachystegia_laurentii/Tw1562_Tv_2_5x_3,,Brachystegia laurentii,Brachystegia laurentii,,,,,unmatched,
data/images/micro/Brachystegia_laurentii/Tw2414_Tv_2_5x_1.jpg,Brachystegia_laurentii/Tw2414_Tv_2_5x_1.jpg,micro_congo,micro,transversal_semi_thin_section,Brachystegia laurentii,Brachystegia,,Tw2414,micro_congo:Brachystegia_laurentii/Tw2414_Tv_2_5x_1,,Brachystegia laurentii,Brachystegia laurentii,,,,,unmatched,
data/images/micro/Brachystegia_laurentii/Tw2414_Tv_2_5x_2.jpg,Brachystegia_laurentii/Tw2414_Tv_2_5x_2.jpg,micro_congo,micro,transversal_semi_thin_section,Brachystegia laurentii,Brachystegia,,Tw2414,micro_congo:Brachystegia_laurentii/Tw2414_Tv_2_5x_2,,Brachystegia laurentii,Brachystegia laurentii,,,,,unmatched,
data/images/micro/Brachystegia_laurentii/Tw2414_Tv_2_5x_3.jpg,Brachystegia_laurentii/Tw2414_Tv_2_5x_3.jpg,micro_congo,micro,transversal_semi_thin_section,Brachystegia laurentii,Brachystegia,,Tw2414,micro_congo:Brachystegia_laurentii/Tw2414_Tv_2_5x_3,,Brachystegia laurentii,Brachystegia laurentii,,,,,unmatched,
data/images/micro/Brachystegia_laurentii/Tw5232_Tv_2_5x_1.jpg,Brachystegia_laurentii/Tw5232_Tv_2_5x_1.jpg,micro_congo,micro,transversal_semi_thin_section,Brachystegia laurentii,Brachystegia,,Tw5232,micro_congo:Brachystegia_laurentii/Tw5232_Tv_2_5x_1,,Brachystegia laurentii,Brachystegia laurentii,,,,,unmatched,
data/images/micro/Brachystegia_laurentii/Tw5232_Tv_2_5x_2.jpg,Brachystegia_laurentii/Tw5232_Tv_2_5x_2.jpg,micro_congo,micro,transversal_semi_thin_section,Brachystegia laurentii,Brachystegia,,Tw5232,micro_congo:Brachystegia_laurentii/Tw5232_Tv_2_5x_2,,Brachystegia laurentii,Brachystegia laurentii,,,,,unmatched,
data/images/micro/Brachystegia_laurentii/Tw52798_Tv_2_5x_1.jpg,Brachystegia_laurentii/Tw52798_Tv_2_5x_1.jpg,micro_congo,micro,transversal_semi_thin_section,Brachystegia laurentii,Brachystegia,,Tw52798,micro_congo:Brachystegia_laurentii/Tw52798_Tv_2_5x_1,,Brachystegia laurentii,Brachystegia laurentii,,,,,unmatched,
data/images/micro/Ceiba_pentandra/C_pentandra111.jpg,Ceiba_pentandra/C_pentandra111.jpg,micro_congo,micro,transversal_semi_thin_section,Ceiba pentandra,Ceiba,,C_pentandra111,micro_congo:Ceiba_pentandra/C_pentandra111,,Ceiba pentandra,Ceiba pentandra,,,,,unmatched,
data/images/micro/Ceiba_pentandra/C_pentandra112.jpg,Ceiba_pentandra/C_pentandra112.jpg,micro_congo,micro,transversal_semi_thin_section,Ceiba pentandra,Ceiba,,C_pentandra112,micro_congo:Ceiba_pentandra/C_pentandra112,,Ceiba pentandra,Ceiba pentandra,,,,,unmatched,
data/images/micro/Ceiba_pentandra/C_pentandra113.jpg,Ceiba_pentandra/C_pentandra113.jpg,micro_congo,micro,transversal_semi_thin_section,Ceiba pentandra,Ceiba,,C_pentandra113,micro_congo:Ceiba_pentandra/C_pentandra113,,Ceiba pentandra,Ceiba pentandra,,,,,unmatched,
data/images/micro/Ceiba_pentandra/C_pentandra114.jpg,Ceiba_pentandra/C_pentandra114.jpg,micro_congo,micro,transversal_semi_thin_section,Ceiba pentandra,Ceiba,,C_pentandra114,micro_congo:Ceiba_pentandra/C_pentandra114,,Ceiba pentandra,Ceiba pentandra,,,,,unmatched,
data/images/micro/Ceiba_pentandra/C_pentandra115.jpg,Ceiba_pentandra/C_pentandra115.jpg,micro_congo,micro,transversal_semi_thin_section,Ceiba pentandra,Ceiba,,C_pentandra115,micro_congo:Ceiba_pentandra/C_pentandra115,,Ceiba pentandra,Ceiba pentandra,,,,,unmatched,
data/images/micro/Ceiba_pentandra/Tw11470_C_pentandra_Tr_2_5x.jpg,Ceiba_pentandra/Tw11470_C_pentandra_Tr_2_5x.jpg,micro_congo,micro,transversal_semi_thin_section,Ceiba pentandra,Ceiba,,Tw11470,micro_congo:Ceiba_pentandra/Tw11470_C_pentandra_Tr_2_5x,,Ceiba pentandra,Ceiba pentandra,,,,,unmatched,
data/images/micro/Ceiba_pentandra/Tw251_C_pentandra_Tr_2_5x.jpg,Ceiba_pentandra/Tw251_C_pentandra_Tr_2_5x.jpg,micro_congo,micro,transversal_semi_thin_section,Ceiba pentandra,Ceiba,,Tw251,micro_congo:Ceiba_pentandra/Tw251_C_pentandra_Tr_2_5x,,Ceiba pentandra,Ceiba pentandra,,,,,unmatched,
data/images/micro/Ceiba_pentandra/Tw251_C_pentandra_Tr_vessels_2_5x.jpg,Ceiba_pentandra/Tw251_C_pentandra_Tr_vessels_2_5x.jpg,micro_congo,micro,transversal_semi_thin_section,Ceiba pentandra,Ceiba,,Tw251,micro_congo:Ceiba_pentandra/Tw251_C_pentandra_Tr_vessels_2_5x,,Ceiba pentandra,Ceiba pentandra,,,,,unmatched,
data/images/micro/Copaifera_mildbraedii/Tw23109_c_mildbraedii_Tr_2_5x.jpg,Copaifera_mildbraedii/Tw23109_c_mildbraedii_Tr_2_5x.jpg,micro_congo,micro,transversal_semi_thin_section,Copaifera mildbraedii,Copaifera,,Tw23109,micro_congo:Copaifera_mildbraedii/Tw23109_c_mildbraedii_Tr_2_5x,,Copaifera mildbraedii,Copaifera mildbraedii,,,,,unmatched,
data/images/micro/Copaifera_mildbraedii/Tw3681_c_mildbraedii_Tr2_2_5x.jpg,Copaifera_mildbraedii/Tw3681_c_mildbraedii_Tr2_2_5x.jpg,micro_congo,micro,transversal_semi_thin_section,Copaifera mildbraedii,Copaifera,,Tw3681,micro_congo:Copaifera_mildbraedii/Tw3681_c_mildbraedii_Tr2_2_5x,,Copaifera mildbraedii,Copaifera mildbraedii,,,,,unmatched,
data/images/micro/Copaifera_mildbraedii/Tw3681_c_mildbraedii_Tr3_2_5x.jpg,Copaifera_mildbraedii/Tw3681_c_mildbraedii_Tr3_2_5x.jpg,micro_congo,micro,transversal_semi_thin_section,Copaifera mildbraedii,Copaifera,,Tw3681,micro_congo:Copaifera_mildbraedii/Tw3681_c_mildbraedii_Tr3_2_5x,,Copaifera mildbraedii,Copaifera mildbraedii,,,,,unmatched,
data/images/micro/Copaifera_mildbraedii/Tw3681_c_mildbraedii_Tr4_2_5x.jpg,Copaifera_mildbraedii/Tw3681_c_mildbraedii_Tr4_2_5x.jpg,micro_congo,micro,transversal_semi_thin_section,Copaifera mildbraedii,Copaifera,,Tw3681,micro_congo:Copaifera_mildbraedii/Tw3681_c_mildbraedii_Tr4_2_5x,,Copaifera mildbraedii,Copaifera mildbraedii,,,,,unmatched,
data/images/micro/Copaifera_mildbraedii/Tw3681_c_mildbraedii_Tr_2_5x.jpg,Copaifera_mildbraedii/Tw3681_c_mildbraedii_Tr_2_5x.jpg,micro_congo,micro,transversal_semi_thin_section,Copaifera mildbraedii,Copaifera,,Tw3681,micro_congo:Copaifera_mildbraedii/Tw3681_c_mildbraedii_Tr_2_5x,,Copaifera mildbraedii,Copaifera mildbraedii,,,,,unmatched,
data/images/micro/Copaifera_mildbraedii/Tw5228_c_mildbraedii_Tr2_2_5x.jpg,Copaifera_mildbraedii/Tw5228_c_mildbraedii_Tr2_2_5x.jpg,micro_congo,micro,transversal_semi_thin_section,Copaifera mildbraedii,Copaifera,,Tw5228,micro_congo:Copaifera_mildbraedii/Tw5228_c_mildbraedii_Tr2_2_5x,,Copaifera mildbraedii,Copaifera mildbraedii,,,,,unmatched,
data/images/micro/Copaifera_mildbraedii/Tw5228_c_mildbraedii_Tr3_2_5x.jpg,Copaifera_mildbraedii/Tw5228_c_mildbraedii_Tr3_2_5x.jpg,micro_congo,micro,transversal_semi_thin_section,Copaifera mildbraedii,Copaifera,,Tw5228,micro_congo:Copaifera_mildbraedii/Tw5228_c_mildbraedii_Tr3_2_5x,,Copaifera mildbraedii,Copaifera mildbraedii,,,,,unmatched,
data/images/micro/Copaifera_mildbraedii/Tw5228_c_mildbraedii_Tr4_2_5x.jpg,Copaifera_mildbraedii/Tw5228_c_mildbraedii_Tr4_2_5x.jpg,micro_congo,micro,transversal_semi_thin_section,Copaifera mildbraedii,Copaifera,,Tw5228,micro_congo:Copaifera_mildbraedii/Tw5228_c_mildbraedii_Tr4_2_5x,,Copaifera mildbraedii,Copaifera mildbraedii,,,,,unmatched,
data/images/micro/Copaifera_mildbraedii/Tw5228_c_mildbraedii_Tr_2_5x.jpg,Copaifera_mildbraedii/Tw5228_c_mildbraedii_Tr_2_5x.jpg,micro_congo,micro,transversal_semi_thin_section,Copaifera mildbraedii,Copaifera,,Tw5228,micro_congo:Copaifera_mildbraedii/Tw5228_c_mildbraedii_Tr_2_5x,,Copaifera mildbraedii,Copaifera mildbraedii,,,,,unmatched,
data/images/micro/Copaifera_mildbraedii/Tw5304_c_mildbraedii_Tr2_2_5x.jpg,Copaifera_mildbraedii/Tw5304_c_mildbraedii_Tr2_2_5x.jpg,micro_congo,micro,transversal_semi_thin_section,Copaifera mildbraedii,Copaifera,,Tw5304,micro_congo:Copaifera_mildbraedii/Tw5304_c_mildbraedii_Tr2_2_5x,,Copaifera mildbraedii,Copaifera mildbraedii,,,,,unmatched,
data/images/micro/Copaifera_mildbraedii/Tw5304_c_mildbraedii_Tr3_2_5x.jpg,Copaifera_mildbraedii/Tw5304_c_mildbraedii_Tr3_2_5x.jpg,micro_congo,micro,transversal_semi_thin_section,Copaifera mildbraedii,Copaifera,,Tw5304,micro_congo:Copaifera_mildbraedii/Tw5304_c_mildbraedii_Tr3_2_5x,,Copaifera mildbraedii,Copaifera mildbraedii,,,,,unmatched,
data/images/micro/Copaifera_mildbraedii/Tw5304_c_mildbraedii_Tr_2_5x.jpg,Copaifera_mildbraedii/Tw5304_c_mildbraedii_Tr_2_5x.jpg,micro_congo,micro,transversal_semi_thin_section,Copaifera mildbraedii,Copaifera,,Tw5304,micro_congo:Copaifera_mildbraedii/Tw5304_c_mildbraedii_Tr_2_5x,,Copaifera mildbraedii,Copaifera mildbraedii,,,,,unmatched,
data/images/micro/Copaifera_mildbraedii/Tw7472_c_mildbraedii_Tr2_2_5x.jpg,Copaifera_mildbraedii/Tw7472_c_mildbraedii_Tr2_2_5x.jpg,micro_congo,micro,transversal_semi_thin_section,Copaifera mildbraedii,Copaifera,,Tw7472,micro_congo:Copaifera_mildbraedii/Tw7472_c_mildbraedii_Tr2_2_5x,,Copaifera mildbraedii,Copaifera mildbraedii,,,,,unmatched,
data/images/micro/Copaifera_mildbraedii/Tw7472_c_mildbraedii_Tr3_2_5x.jpg,Copaifera_mildbraedii/Tw7472_c_mildbraedii_Tr3_2_5x.jpg,micro_congo,micro,transversal_semi_thin_section,Copaifera mildbraedii,Copaifera,,Tw7472,micro_congo:Copaifera_mildbraedii/Tw7472_c_mildbraedii_Tr3_2_5x,,Copaifera mildbraedii,Copaifera mildbraedii,,,,,unmatched,
data/images/micro/Copaifera_mildbraedii/Tw7472_c_mildbraedii_Tr4_2_5x.jpg,Copaifera_mildbraedii/Tw7472_c_mildbraedii_Tr4_2_5x.jpg,micro_congo,micro,transversal_semi_thin_section,Copaifera mildbraedii,Copaifera,,Tw7472,micro_congo:Copaifera_mildbraedii/Tw7472_c_mildbraedii_Tr4_2_5x,,Copaifera mildbraedii,Copaifera mildbraedii,,,,,unmatched,
data/images/micro/Copaifera_mildbraedii/Tw7472_c_mildbraedii_Tr_2_5x.jpg,Copaifera_mildbraedii/Tw7472_c_mildbraedii_Tr_2_5x.jpg,micro_congo,micro,transversal_semi_thin_section,Copaifera mildbraedii,Copaifera,,Tw7472,micro_congo:Copaifera_mildbraedii/Tw7472_c_mildbraedii_Tr_2_5x,,Copaifera mildbraedii,Copaifera mildbraedii,,,,,unmatched,
data/images/micro/Cordia_platythyrsa/Tw1242_C_platythyrsa_tr2_2_5x.jpg,Cordia_platythyrsa/Tw1242_C_platythyrsa_tr2_2_5x.jpg,micro_congo,micro,transversal_semi_thin_section,Cordia platythyrsa,Cordia,,Tw1242,micro_congo:Cordia_platythyrsa/Tw1242_C_platythyrsa_tr2_2_5x,,Cordia platythyrsa,Cordia platythyrsa,,,,,unmatched,
data/images/micro/Cordia_platythyrsa/Tw1242_C_platythyrsa_tr3_2_5x.jpg,Cordia_platythyrsa/Tw1242_C_platythyrsa_tr3_2_5x.jpg,micro_congo,micro,transversal_semi_thin_section,Cordia platythyrsa,Cordia,,Tw1242,micro_congo:Cordia_platythyrsa/Tw1242_C_platythyrsa_tr3_2_5x,,Cordia platythyrsa,Cordia platythyrsa,,,,,unmatched,
data/images/micro/Cordia_platythyrsa/Tw1242_C_platythyrsa_tr4_2_5x.jpg,Cordia_platythyrsa/Tw1242_C_platythyrsa_tr4_2_5x.jpg,micro_congo,micro,transversal_semi_thin_section,Cordia platythyrsa,Cordia,,Tw1242,micro_congo:Cordia_platythyrsa/Tw1242_C_platythyrsa_tr4_2_5x,,Cordia platythyrsa,Cordia platythyrsa,,,,,unmatched,
data/images/micro/Cordia_platythyrsa/Tw1242_C_platythyrsa_tr_2_5x.jpg,Cordia_platythyrsa/Tw1242_C_platythyrsa_tr_2_5x.jpg,micro_congo,micro,transversal_semi_thin_section,Cordia platythyrsa,Cordia,,Tw1242,micro_congo:Cordia_platythyrsa/Tw1242_C_platythyrsa_tr_2_5x,,Cordia platythyrsa,Cordia platythyrsa,,,,,unmatched,
data/images/micro/Cordia_platythyrsa/Tw1259_c_platythyrsa_tr2_2_5x.jpg,Cordia_platythyrsa/Tw1259_c_platythyrsa_tr2_2_5x.jpg,micro_congo,micro,transversal_semi_thin_section,Cordia platythyrsa,Cordia,,Tw1259,micro_congo:Cordia_platythyrsa/Tw1259_c_platythyrsa_tr2_2_5x,,Cordia platythyrsa,Cordia platythyrsa,,,,,unmatched,
data/images/micro/Cordia_platythyrsa/Tw1259_c_platythyrsa_tr3_2_5x.jpg,Cordia_platythyrsa/Tw1259_c_platythyrsa_tr3_2_5x.jpg,micro_congo,micro,transversal_semi_thin_section,Cordia platythyrsa,Cordia,,Tw1259,micro_congo:Cordia_platythyrsa/Tw1259_c_platythyrsa_tr3_2_5x,,Cordia platythyrsa,Cordia platythyrsa,,,,,unmatched,
data/images/micro/Cordia_platythyrsa/Tw1259_c_platythyrsa_tr_2_5x.jpg,Cordia_platythyrsa/Tw1259_c_platythyrsa_tr_2_5x.jpg,micro_congo,micro,transversal_semi_thin_section,Cordia platythyrsa,Cordia,,Tw1259,micro_congo:Cordia_platythyrsa/Tw1259_c_platythyrsa_tr_2_5x,,Cordia platythyrsa,Cordia platythyrsa,,,,,unmatched,
data/images/micro/Cordia_platythyrsa/Tw29880_C_plathythysra_Tr2_2_5x.jpg,Cordia_platythyrsa/Tw29880_C_plathythysra_Tr2_2_5x.jpg,micro_congo,micro,transversal_semi_thin_section,Cordia platythyrsa,Cordia,,Tw29880,micro_congo:Cordia_platythyrsa/Tw29880_C_plathythysra_Tr2_2_5x,,Cordia platythyrsa,Cordia platythyrsa,,,,,unmatched,
data/images/micro/Cordia_platythyrsa/Tw29880_C_plathythysra_Tr3_2_5x.jpg,Cordia_platythyrsa/Tw29880_C_plathythysra_Tr3_2_5x.jpg,micro_congo,micro,transversal_semi_thin_section,Cordia platythyrsa,Cordia,,Tw29880,micro_congo:Cordia_platythyrsa/Tw29880_C_plathythysra_Tr3_2_5x,,Cordia platythyrsa,Cordia platythyrsa,,,,,unmatched,
data/images/micro/Cordia_platythyrsa/Tw29880_C_plathythysra_Tr4_2_5x.jpg,Cordia_platythyrsa/Tw29880_C_plathythysra_Tr4_2_5x.jpg,micro_congo,micro,transversal_semi_thin_section,Cordia platythyrsa,Cordia,,Tw29880,micro_congo:Cordia_platythyrsa/Tw29880_C_plathythysra_Tr4_2_5x,,Cordia platythyrsa,Cordia platythyrsa,,,,,unmatched,
data/images/micro/Cordia_platythyrsa/Tw29880_C_plathythysra_Tr_2_5x.jpg,Cordia_platythyrsa/Tw29880_C_plathythysra_Tr_2_5x.jpg,micro_congo,micro,transversal_semi_thin_section,Cordia platythyrsa,Cordia,,Tw29880,micro_congo:Cordia_platythyrsa/Tw29880_C_plathythysra_Tr_2_5x,,Cordia platythyrsa,Cordia platythyrsa,,,,,unmatched,
data/images/micro/Cynometra_alexandri/Tw1992_c_alexandri_tr2_2_5x.jpg,Cynometra_alexandri/Tw1992_c_alexandri_tr2_2_5x.jpg,micro_congo,micro,transversal_semi_thin_section,Cynometra alexandri,Cynometra,,Tw1992,micro_congo:Cynometra_alexandri/Tw1992_c_alexandri_tr2_2_5x,,Cynometra alexandri,Cynometra alexandri,,,,,unmatched,
data/images/micro/Cynometra_alexandri/Tw1992_c_alexandri_tr3_2_5x.jpg,Cynometra_alexandri/Tw1992_c_alexandri_tr3_2_5x.jpg,micro_congo,micro,transversal_semi_thin_section,Cynometra alexandri,Cynometra,,Tw1992,micro_congo:Cynometra_alexandri/Tw1992_c_alexandri_tr3_2_5x,,Cynometra alexandri,Cynometra alexandri,,,,,unmatched,
data/images/micro/Cynometra_alexandri/Tw1992_c_alexandri_tr_2_5x.jpg,Cynometra_alexandri/Tw1992_c_alexandri_tr_2_5x.jpg,micro_congo,micro,transversal_semi_thin_section,Cynometra alexandri,Cynometra,,Tw1992,micro_congo:Cynometra_alexandri/Tw1992_c_alexandri_tr_2_5x,,Cynometra alexandri,Cynometra alexandri,,,,,unmatched,
data/images/micro/Cynometra_alexandri/Tw1992_c_alexandri_tr_transition_2_5x.jpg,Cynometra_alexandri/Tw1992_c_alexandri_tr_transition_2_5x.jpg,micro_congo,micro,transversal_semi_thin_section,Cynometra alexandri,Cynometra,,Tw1992,micro_congo:Cynometra_alexandri/Tw1992_c_alexandri_tr_transition_2_5x,,Cynometra alexandri,Cynometra alexandri,,,,,unmatched,
data/images/micro/Cynometra_alexandri/Tw3489_c_alexandri_tr2_2_5x.jpg,Cynometra_alexandri/Tw3489_c_alexandri_tr2_2_5x.jpg,micro_congo,micro,transversal_semi_thin_section,Cynometra alexandri,Cynometra,,Tw3489,micro_congo:Cynometra_alexandri/Tw3489_c_alexandri_tr2_2_5x,,Cynometra alexandri,Cynometra alexandri,,,,,unmatched,
data/images/micro/Cynometra_alexandri/Tw3489_c_alexandri_tr3_2_5x.jpg,Cynometra_alexandri/Tw3489_c_alexandri_tr3_2_5x.jpg,micro_congo,micro,transversal_semi_thin_section,Cynometra alexandri,Cynometra,,Tw3489,micro_congo:Cynometra_alexandri/Tw3489_c_alexandri_tr3_2_5x,,Cynometra alexandri,Cynometra alexandri,,,,,unmatched,
data/images/micro/Cynometra_alexandri/Tw3489_c_alexandri_tr_2_5x.jpg,Cynometra_alexandri/Tw3489_c_alexandri_tr_2_5x.jpg,micro_congo,micro,transversal_semi_thin_section,Cynometra alexandri,Cynometra,,Tw3489,micro_congo:Cynometra_alexandri/Tw3489_c_alexandri_tr_2_5x,,Cynometra alexandri,Cynometra alexandri,,,,,unmatched,
data/images/micro/Cynometra_alexandri/Tw412_c_alexandri_tr2_2_5x.jpg,Cynometra_alexandri/Tw412_c_alexandri_tr2_2_5x.jpg,micro_congo,micro,transversal_semi_thin_section,Cynometra alexandri,Cynometra,,Tw412,micro_congo:Cynometra_alexandri/Tw412_c_alexandri_tr2_2_5x,,Cynometra alexandri,Cynometra alexandri,,,,,unmatched,
data/images/micro/Cynometra_alexandri/Tw412_c_alexandri_tr3_2_5x.jpg,Cynometra_alexandri/Tw412_c_alexandri_tr3_2_5x.jpg,micro_congo,micro,transversal_semi_thin_section,Cynometra alexandri,Cynometra,,Tw412,micro_congo:Cynometra_alexandri/Tw412_c_alexandri_tr3_2_5x,,Cynometra alexandri,Cynometra alexandri,,,,,unmatched,
data/images/micro/Cynometra_alexandri/Tw412_c_alexandri_tr_2_5x.jpg,Cynometra_alexandri/Tw412_c_alexandri_tr_2_5x.jpg,micro_congo,micro,transversal_semi_thin_section,Cynometra alexandri,Cynometra,,Tw412,micro_congo:Cynometra_alexandri/Tw412_c_alexandri_tr_2_5x,,Cynometra alexandri,Cynometra alexandri,,,,,unmatched,
data/images/micro/Cynometra_alexandri/Tw4323_c_alexandri_tr2_transition_2_5x.jpg,Cynometra_alexandri/Tw4323_c_alexandri_tr2_transition_2_5x.jpg,micro_congo,micro,transversal_semi_thin_section,Cynometra alexandri,Cynometra,,Tw4323,micro_congo:Cynometra_alexandri/Tw4323_c_alexandri_tr2_transition_2_5x,,Cynometra alexandri,Cynometra alexandri,,,,,unmatched,
data/images/micro/Cynometra_alexandri/Tw4323_c_alexandri_tr3_2_5x.jpg,Cynometra_alexandri/Tw4323_c_alexandri_tr3_2_5x.jpg,micro_congo,micro,transversal_semi_thin_section,Cynometra alexandri,Cynometra,,Tw4323,micro_congo:Cynometra_alexandri/Tw4323_c_alexandri_tr3_2_5x,,Cynometra alexandri,Cynometra alexandri,,,,,unmatched,
data/images/micro/Cynometra_alexandri/Tw4323_c_alexandri_tr_2_5x.jpg,Cynometra_alexandri/Tw4323_c_alexandri_tr_2_5x.jpg,micro_congo,micro,transversal_semi_thin_section,Cynometra alexandri,Cynometra,,Tw4323,micro_congo:Cynometra_alexandri/Tw4323_c_alexandri_tr_2_5x,,Cynometra alexandri,Cynometra alexandri,,,,,unmatched,
data/images/micro/Cynometra_alexandri/Tw5248_c_alexandri_tr2_2_5x.jpg,Cynometra_alexandri/Tw5248_c_alexandri_tr2_2_5x.jpg,micro_congo,micro,transversal_semi_thin_section,Cynometra alexandri,Cynometra,,Tw5248,micro_congo:Cynometra_alexandri/Tw5248_c_alexandri_tr2_2_5x,,Cynometra alexandri,Cynometra alexandri,,,,,unmatched,
data/images/micro/Cynometra_alexandri/Tw5248_c_alexandri_tr3_2_5x.jpg,Cynometra_alexandri/Tw5248_c_alexandri_tr3_2_5x.jpg,micro_congo,micro,transversal_semi_thin_section,Cynometra alexandri,Cynometra,,Tw5248,micro_congo:Cynometra_alexandri/Tw5248_c_alexandri_tr3_2_5x,,Cynometra alexandri,Cynometra alexandri,,,,,unmatched,
data/images/micro/Cynometra_alexandri/Tw5248_c_alexandri_tr_2_5x.jpg,Cynometra_alexandri/Tw5248_c_alexandri_tr_2_5x.jpg,micro_congo,micro,transversal_semi_thin_section,Cynometra alexandri,Cynometra,,Tw5248,micro_congo:Cynometra_alexandri/Tw5248_c_alexandri_tr_2_5x,,Cynometra alexandri,Cynometra alexandri,,,,,unmatched,
data/images/micro/Cynometra_alexandri/Tw5248_c_alexandri_tr_transition_2_5x.jpg,Cynometra_alexandri/Tw5248_c_alexandri_tr_transition_2_5x.jpg,micro_congo,micro,transversal_semi_thin_section,Cynometra alexandri,Cynometra,,Tw5248,micro_congo:Cynometra_alexandri/Tw5248_c_alexandri_tr_transition_2_5x,,Cynometra alexandri,Cynometra alexandri,,,,,unmatched,
data/images/micro/Cynometra_hankei/Tw1158_c_hankei_tr2_2_5x.jpg,Cynometra_hankei/Tw1158_c_hankei_tr2_2_5x.jpg,micro_congo,micro,transversal_semi_thin_section,Cynometra hankei,Cynometra,,Tw1158,micro_congo:Cynometra_hankei/Tw1158_c_hankei_tr2_2_5x,,Cynometra hankei,Cynometra hankei,,,,,unmatched,
data/images/micro/Cynometra_hankei/Tw1158_c_hankei_tr3_2_5x.jpg,Cynometra_hankei/Tw1158_c_hankei_tr3_2_5x.jpg,micro_congo,micro,transversal_semi_thin_section,Cynometra hankei,Cynometra,,Tw1158,micro_congo:Cynometra_hankei/Tw1158_c_hankei_tr3_2_5x,,Cynometra hankei,Cynometra hankei,,,,,unmatched,
data/images/micro/Cynometra_hankei/Tw1158_c_hankei_tr3_transition_2_5x.jpg,Cynometra_hankei/Tw1158_c_hankei_tr3_transition_2_5x.jpg,micro_congo,micro,transversal_semi_thin_section,Cynometra hankei,Cynometra,,Tw1158,micro_congo:Cynometra_hankei/Tw1158_c_hankei_tr3_transition_2_5x,,Cynometra hankei,Cynometra hankei,,,,,unmatched,
data/images/micro/Cynometra_hankei/Tw1158_c_hankei_tr_2_5x.jpg,Cynometra_hankei/Tw1158_c_hankei_tr_2_5x.jpg,micro_congo,micro,transversal_semi_thin_section,Cynometra hankei,Cynometra,,Tw1158,micro_congo:Cynometra_hankei/Tw1158_c_hankei_tr_2_5x,,Cynometra hankei,Cynometra hankei,,,,,unmatched,
data/images/micro/Cynometra_hankei/Tw1662_c_hankei_tr2_2_5x.jpg,Cynometra_hankei/Tw1662_c_hankei_tr2_2_5x.jpg,micro_congo,micro,transversal_semi_thin_section,Cynometra hankei,Cynometra,,Tw1662,micro_congo:Cynometra_hankei/Tw1662_c_hankei_tr2_2_5x,,Cynometra hankei,Cynometra hankei,,,,,unmatched,
data/images/micro/Cynometra_hankei/Tw1662_c_hankei_tr_2_5x.jpg,Cynometra_hankei/Tw1662_c_hankei_tr_2_5x.jpg,micro_congo,micro,transversal_semi_thin_section,Cynometra hankei,Cynometra,,Tw1662,micro_congo:Cynometra_hankei/Tw1662_c_hankei_tr_2_5x,,Cynometra hankei,Cynometra hankei,,,,,unmatched,
data/images/micro/Cynometra_hankei/Tw1668_c_hankei_tr2_2_5x.jpg,Cynometra_hankei/Tw1668_c_hankei_tr2_2_5x.jpg,micro_congo,micro,transversal_semi_thin_section,Cynometra hankei,Cynometra,,Tw1668,micro_congo:Cynometra_hankei/Tw1668_c_hankei_tr2_2_5x,,Cynometra hankei,Cynometra hankei,,,,,unmatched,
data/images/micro/Cynometra_hankei/Tw1668_c_hankei_tr3_2_5x.jpg,Cynometra_hankei/Tw1668_c_hankei_tr3_2_5x.jpg,micro_congo,micro,transversal_semi_thin_section,Cynometra hankei,Cynometra,,Tw1668,micro_congo:Cynometra_hankei/Tw1668_c_hankei_tr3_2_5x,,Cynometra hankei,Cynometra hankei,,,,,unmatched,
data/images/micro/Cynometra_hankei/Tw1668_c_hankei_tr4_2_5x.jpg,Cynometra_hankei/Tw1668_c_hankei_tr4_2_5x.jpg,micro_congo,micro,transversal_semi_thin_section,Cynometra hankei,Cynometra,,Tw1668,micro_congo:Cynometra_hankei/Tw1668_c_hankei_tr4_2_5x,,Cynometra hankei,Cynometra hankei,,,,,unmatched,
data/images/micro/Cynometra_hankei/Tw1668_c_hankei_tr_2_5x.jpg,Cynometra_hankei/Tw1668_c_hankei_tr_2_5x.jpg,micro_congo,micro,transversal_semi_thin_section,Cynometra hankei,Cynometra,,Tw1668,micro_congo:Cynometra_hankei/Tw1668_c_hankei_tr_2_5x,,Cynometra hankei,Cynometra hankei,,,,,unmatched,
data/images/micro/Cynometra_hankei/Tw3680_c_hankei_tr2_2_5x.jpg,Cynometra_hankei/Tw3680_c_hankei_tr2_2_5x.jpg,micro_congo,micro,transversal_semi_thin_section,Cynometra hankei,Cynometra,,Tw3680,micro_congo:Cynometra_hankei/Tw3680_c_hankei_tr2_2_5x,,Cynometra hankei,Cynometra hankei,,,,,unmatched,
data/images/micro/Cynometra_hankei/Tw3680_c_hankei_tr3_transition_2_5x.jpg,Cynometra_hankei/Tw3680_c_hankei_tr3_transition_2_5x.jpg,micro_congo,micro,transversal_semi_thin_section,Cynometra hankei,Cynometra,,Tw3680,micro_congo:Cynometra_hankei/Tw3680_c_hankei_tr3_transition_2_5x,,Cynometra hankei,Cynometra hankei,,,,,unmatched,
data/images/micro/Cynometra_hankei/Tw3680_c_hankei_tr_2_5x.jpg,Cynometra_hankei/Tw3680_c_hankei_tr_2_5x.jpg,micro_congo,micro,transversal_semi_thin_section,Cynometra hankei,Cynometra,,Tw3680,micro_congo:Cynometra_hankei/Tw3680_c_hankei_tr_2_5x,,Cynometra hankei,Cynometra hankei,,,,,unmatched,
data/images/micro/Drypetes_gossweileri/Tw1219_d__gossweileri_tr2_2_5x.jpg,Drypetes_gossweileri/Tw1219_d__gossweileri_tr2_2_5x.jpg,micro_congo,micro,transversal_semi_thin_section,Drypetes gossweileri,Drypetes,,Tw1219,micro_congo:Drypetes_gossweileri/Tw1219_d__gossweileri_tr2_2_5x,,Drypetes gossweileri,Drypetes gossweileri,,,,,unmatched,
data/images/micro/Drypetes_gossweileri/Tw1219_d__gossweileri_tr3_2_5x.jpg,Drypetes_gossweileri/Tw1219_d__gossweileri_tr3_2_5x.jpg,micro_congo,micro,transversal_semi_thin_section,Drypetes gossweileri,Drypetes,,Tw1219,micro_congo:Drypetes_gossweileri/Tw1219_d__gossweileri_tr3_2_5x,,Drypetes gossweileri,Drypetes gossweileri,,,,,unmatched,
data/images/micro/Drypetes_gossweileri/Tw1219_d__gossweileri_tr4_2_5x.jpg,Drypetes_gossweileri/Tw1219_d__gossweileri_tr4_2_5x.jpg,micro_congo,micro,transversal_semi_thin_section,Drypetes gossweileri,Drypetes,,Tw1219,micro_congo:Drypetes_gossweileri/Tw1219_d__gossweileri_tr4_2_5x,,Drypetes gossweileri,Drypetes gossweileri,,,,,unmatched,
data/images/micro/Drypetes_gossweileri/Tw1219_d__gossweileri_tr_2_5x.jpg,Drypetes_gossweileri/Tw1219_d__gossweileri_tr_2_5x.jpg,micro_congo,micro,transversal_semi_thin_section,Drypetes gossweileri,Drypetes,,Tw1219,micro_congo:Drypetes_gossweileri/Tw1219_d__gossweileri_tr_2_5x,,Drypetes gossweileri,Drypetes gossweileri,,,,,unmatched,
data/images/micro/Drypetes_gossweileri/Tw39896_d__gossweileri_tr2_2_5x.jpg,Drypetes_gossweileri/Tw39896_d__gossweileri_tr2_2_5x.jpg,micro_congo,micro,transversal_semi_thin_section,Drypetes gossweileri,Drypetes,,Tw39896,micro_congo:Drypetes_gossweileri/Tw39896_d__gossweileri_tr2_2_5x,,Drypetes gossweileri,Drypetes gossweileri,,,,,unmatched,
data/images/micro/Drypetes_gossweileri/Tw39896_d__gossweileri_tr3_2_5x.jpg,Drypetes_gossweileri/Tw39896_d__gossweileri_tr3_2_5x.jpg,micro_congo,micro,transversal_semi_thin_section,Drypetes gossweileri,Drypetes,,Tw39896,micro_congo:Drypetes_gossweileri/Tw39896_d__gossweileri_tr3_2_5x,,Drypetes gossweileri,Drypetes gossweileri,,,,,unmatched,
data/images/micro/Drypetes_gossweileri/Tw39896_d__gossweileri_tr_2_5x.jpg,Drypetes_gossweileri/Tw39896_d__gossweileri_tr_2_5x.jpg,micro_congo,micro,transversal_semi_thin_section,Drypetes gossweileri,Drypetes,,Tw39896,micro_congo:Drypetes_gossweileri/Tw39896_d__gossweileri_tr_2_5x,,Drypetes gossweileri,Drypetes gossweileri,,,,,unmatched,
data/images/micro/Drypetes_gossweileri/Tw5236_d__gossweileri_tr2_2_5x.jpg,Drypetes_gossweileri/Tw5236_d__gossweileri_tr2_2_5x.jpg,micro_congo,micro,transversal_semi_thin_section,Drypetes gossweileri,Drypetes,,Tw5236,micro_congo:Drypetes_gossweileri/Tw5236_d__gossweileri_tr2_2_5x,,Drypetes gossweileri,Drypetes gossweileri,,,,,unmatched,
data/images/micro/Drypetes_gossweileri/Tw5236_d__gossweileri_tr3_2_5x.jpg,Drypetes_gossweileri/Tw5236_d__gossweileri_tr3_2_5x.jpg,micro_congo,micro,transversal_semi_thin_section,Drypetes gossweileri,Drypetes,,Tw5236,micro_congo:Drypetes_gossweileri/Tw5236_d__gossweileri_tr3_2_5x,,Drypetes gossweileri,Drypetes gossweileri,,,,,unmatched,
data/images/micro/Drypetes_gossweileri/Tw5236_d__gossweileri_tr_2_5x.jpg,Drypetes_gossweileri/Tw5236_d__gossweileri_tr_2_5x.jpg,micro_congo,micro,transversal_semi_thin_section,Drypetes gossweileri,Drypetes,,Tw5236,micro_congo:Drypetes_gossweileri/Tw5236_d__gossweileri_tr_2_5x,,Drypetes gossweileri,Drypetes gossweileri,,,,,unmatched,
data/images/micro/Drypetes_gossweileri/Tw7099_d__gossweileri_tr2_2_5x.jpg,Drypetes_gossweileri/Tw7099_d__gossweileri_tr2_2_5x.jpg,micro_congo,micro,transversal_semi_thin_section,Drypetes gossweileri,Drypetes,,Tw7099,micro_congo:Drypetes_gossweileri/Tw7099_d__gossweileri_tr2_2_5x,,Drypetes gossweileri,Drypetes gossweileri,,,,,unmatched,
data/images/micro/Drypetes_gossweileri/Tw7099_d__gossweileri_tr_2_5x.jpg,Drypetes_gossweileri/Tw7099_d__gossweileri_tr_2_5x.jpg,micro_congo,micro,transversal_semi_thin_section,Drypetes gossweileri,Drypetes,,Tw7099,micro_congo:Drypetes_gossweileri/Tw7099_d__gossweileri_tr_2_5x,,Drypetes gossweileri,Drypetes gossweileri,,,,,unmatched,
data/images/micro/Ekebergia_capensis/Tw24219_E_mildbraedii_tr2_2_5x.jpg,Ekebergia_capensis/Tw24219_E_mildbraedii_tr2_2_5x.jpg,micro_congo,micro,transversal_semi_thin_section,Ekebergia capensis,Ekebergia,,Tw24219,micro_congo:Ekebergia_capensis/Tw24219_E_mildbraedii_tr2_2_5x,,Ekebergia capensis,Ekebergia capensis,,,,,unmatched,
data/images/micro/Ekebergia_capensis/Tw24219_E_mildbraedii_tr3_2_5x.jpg,Ekebergia_capensis/Tw24219_E_mildbraedii_tr3_2_5x.jpg,micro_congo,micro,transversal_semi_thin_section,Ekebergia capensis,Ekebergia,,Tw24219,micro_congo:Ekebergia_capensis/Tw24219_E_mildbraedii_tr3_2_5x,,Ekebergia capensis,Ekebergia capensis,,,,,unmatched,
data/images/micro/Ekebergia_capensis/Tw24219_E_mildbraedii_tr_2_5x.jpg,Ekebergia_capensis/Tw24219_E_mildbraedii_tr_2_5x.jpg,micro_congo,micro,transversal_semi_thin_section,Ekebergia capensis,Ekebergia,,Tw24219,micro_congo:Ekebergia_capensis/Tw24219_E_mildbraedii_tr_2_5x,,Ekebergia capensis,Ekebergia capensis,,,,,unmatched,
data/images/micro/Ekebergia_capensis/Tw28958_E_mildbraedii_tr_2_5x_centre.jpg,Ekebergia_capensis/Tw28958_E_mildbraedii_tr_2_5x_centre.jpg,micro_congo,micro,transversal_semi_thin_section,Ekebergia capensis,Ekebergia,,Tw28958,micro_congo:Ekebergia_capensis/Tw28958_E_mildbraedii_tr_2_5x_centre,,Ekebergia capensis,Ekebergia capensis,,,,,unmatched,
data/images/micro/Ekebergia_capensis/Tw28958_E_mildbraedii_tr_2_5x_centre_bark.jpg,Ekebergia_capensis/Tw28958_E_mildbraedii_tr_2_5x_centre_bark.jpg,micro_congo,micro,transversal_semi_thin_section,Ekebergia capensis,Ekebergia,,Tw28958,micro_congo:Ekebergia_capensis/Tw28958_E_mildbraedii_tr_2_5x_centre_bark,,Ekebergia capensis,Ekebergia capensis,,,,,unmatched,
data/images/micro/Ekebergia_capensis/Tw28958_E_mildbraedii_tr_2_5x_ext.jpg,Ekebergia_capensis/Tw28958_E_mildbraedii_tr_2_5x_ext.jpg,micro_congo,micro,transversal_semi_thin_section,Ekebergia capensis,Ekebergia,,Tw28958,micro_congo:Ekebergia_capensis/Tw28958_E_mildbraedii_tr_2_5x_ext,,Ekebergia capensis,Ekebergia capensis,,,,,unmatched,
data/images/micro/Ekebergia_capensis/Tw33812_E_mildbraedii_tr_2_5x_ext.jpg,Ekebergia_capensis/Tw33812_E_mildbraedii_tr_2_5x_ext.jpg,micro_congo,micro,transversal_semi_thin_section,Ekebergia capensis,Ekebergia,,Tw33812,micro_congo:Ekebergia_capensis/Tw33812_E_mildbraedii_tr_2_5x_ext,,Ekebergia capensis,Ekebergia capensis,,,,,unmatched,
data/images/micro/Ekebergia_capensis/Tw33812_E_mildbraedii_tr_2_5x_ext2.jpg,Ekebergia_capensis/Tw33812_E_mildbraedii_tr_2_5x_ext2.jpg,micro_congo,micro,transversal_semi_thin_section,Ekebergia capensis,Ekebergia,,Tw33812,micro_congo:Ekebergia_capensis/Tw33812_E_mildbraedii_tr_2_5x_ext2,,Ekebergia capensis,Ekebergia capensis,,,,,unmatched,
data/images/micro/Ekebergia_capensis/Tw33812_E_mildbraedii_tr_2_5x_ext3.jpg,Ekebergia_capensis/Tw33812_E_mildbraedii_tr_2_5x_ext3.jpg,micro_congo,micro,transversal_semi_thin_section,Ekebergia capensis,Ekebergia,,Tw33812,micro_congo:Ekebergia_capensis/Tw33812_E_mildbraedii_tr_2_5x_ext3,,Ekebergia capensis,Ekebergia capensis,,,,,unmatched,
data/images/micro/Ekebergia_capensis/Tw33812_E_mildbraedii_tr_2_5x_ext4.jpg,Ekebergia_capensis/Tw33812_E_mildbraedii_tr_2_5x_ext4.jpg,micro_congo,micro,transversal_semi_thin_section,Ekebergia capensis,Ekebergia,,Tw33812,micro_congo:Ekebergia_capensis/Tw33812_E_mildbraedii_tr_2_5x_ext4,,Ekebergia capensis,Ekebergia capensis,,,,,unmatched,
data/images/micro/Ekebergia_capensis/Tw33812_E_mildbraedii_tr_2_5x_middle.jpg,Ekebergia_capensis/Tw33812_E_mildbraedii_tr_2_5x_middle.jpg,micro_congo,micro,transversal_semi_thin_section,Ekebergia capensis,Ekebergia,,Tw33812,micro_congo:Ekebergia_capensis/Tw33812_E_mildbraedii_tr_2_5x_middle,,Ekebergia capensis,Ekebergia capensis,,,,,unmatched,
data/images/micro/Ficus_mucuso/Tw1411_F_mucuso_tr2_2_5x.jpg,Ficus_mucuso/Tw1411_F_mucuso_tr2_2_5x.jpg,micro_congo,micro,transversal_semi_thin_section,Ficus mucuso,Ficus,,Tw1411,micro_congo:Ficus_mucuso/Tw1411_F_mucuso_tr2_2_5x,,Ficus mucuso,Ficus mucuso,,,,,unmatched,
data/images/micro/Ficus_mucuso/Tw1411_F_mucuso_tr3_2_5x.jpg,Ficus_mucuso/Tw1411_F_mucuso_tr3_2_5x.jpg,micro_congo,micro,transversal_semi_thin_section,Ficus mucuso,Ficus,,Tw1411,micro_congo:Ficus_mucuso/Tw1411_F_mucuso_tr3_2_5x,,Ficus mucuso,Ficus mucuso,,,,,unmatched,
data/images/micro/Ficus_mucuso/Tw1411_F_mucuso_tr4_2_5x.jpg,Ficus_mucuso/Tw1411_F_mucuso_tr4_2_5x.jpg,micro_congo,micro,transversal_semi_thin_section,Ficus mucuso,Ficus,,Tw1411,micro_congo:Ficus_mucuso/Tw1411_F_mucuso_tr4_2_5x,,Ficus mucuso,Ficus mucuso,,,,,unmatched,
data/images/micro/Ficus_mucuso/Tw1411_F_mucuso_tr_2_5x.jpg,Ficus_mucuso/Tw1411_F_mucuso_tr_2_5x.jpg,micro_congo,micro,transversal_semi_thin_section,Ficus mucuso,Ficus,,Tw1411,micro_congo:Ficus_mucuso/Tw1411_F_mucuso_tr_2_5x,,Ficus mucuso,Ficus mucuso,,,,,unmatched,
data/images/micro/Ficus_mucuso/Tw22780_F_mucuso_tr_2_5x.jpg,Ficus_mucuso/Tw22780_F_mucuso_tr_2_5x.jpg,micro_congo,micro,transversal_semi_thin_section,Ficus mucuso,Ficus,,Tw22780,micro_congo:Ficus_mucuso/Tw22780_F_mucuso_tr_2_5x,,Ficus mucuso,Ficus mucuso,,,,,unmatched,
data/images/micro/Ficus_mucuso/Tw6963_F_mucuso_tr2_2_5x.jpg,Ficus_mucuso/Tw6963_F_mucuso_tr2_2_5x.jpg,micro_congo,micro,transversal_semi_thin_section,Ficus mucuso,Ficus,,Tw6963,micro_congo:Ficus_mucuso/Tw6963_F_mucuso_tr2_2_5x,,Ficus mucuso,Ficus mucuso,,,,,unmatched,
data/images/micro/Ficus_mucuso/Tw6963_F_mucuso_tr3_2_5x.jpg,Ficus_mucuso/Tw6963_F_mucuso_tr3_2_5x.jpg,micro_congo,micro,transversal_semi_thin_section,Ficus mucuso,Ficus,,Tw6963,micro_congo:Ficus_mucuso/Tw6963_F_mucuso_tr3_2_5x,,Ficus mucuso,Ficus mucuso,,,,,unmatched,
data/images/micro/Ficus_mucuso/Tw6963_F_mucuso_tr4_2_5x.jpg,Ficus_mucuso/Tw6963_F_mucuso_tr4_2_5x.jpg,micro_congo,micro,transversal_semi_thin_section,Ficus mucuso,Ficus,,Tw6963,micro_congo:Ficus_mucuso/Tw6963_F_mucuso_tr4_2_5x,,Ficus mucuso,Ficus mucuso,,,,,unmatched,
data/images/micro/Ficus_mucuso/Tw6963_F_mucuso_tr_2_5x.jpg,Ficus_mucuso/Tw6963_F_mucuso_tr_2_5x.jpg,micro_congo,micro,transversal_semi_thin_section,Ficus mucuso,Ficus,,Tw6963,micro_congo:Ficus_mucuso/Tw6963_F_mucuso_tr_2_5x,,Ficus mucuso,Ficus mucuso,,,,,unmatched,
data/images/micro/Ficus_mucuso/Tw7555_F_mucuso_tr2_2_5x.jpg,Ficus_mucuso/Tw7555_F_mucuso_tr2_2_5x.jpg,micro_congo,micro,transversal_semi_thin_section,Ficus mucuso,Ficus,,Tw7555,micro_congo:Ficus_mucuso/Tw7555_F_mucuso_tr2_2_5x,,Ficus mucuso,Ficus mucuso,,,,,unmatched,
data/images/micro/Ficus_mucuso/Tw7555_F_mucuso_tr_2_5x.jpg,Ficus_mucuso/Tw7555_F_mucuso_tr_2_5x.jpg,micro_congo,micro,transversal_semi_thin_section,Ficus mucuso,Ficus,,Tw7555,micro_congo:Ficus_mucuso/Tw7555_F_mucuso_tr_2_5x,,Ficus mucuso,Ficus mucuso,,,,,unmatched,
data/images/micro/Hallea_stipulosa/Tw12_H_stipulosa_Tr2_2_5x.jpg,Hallea_stipulosa/Tw12_H_stipulosa_Tr2_2_5x.jpg,micro_congo,micro,transversal_semi_thin_section,Hallea stipulosa,Hallea,,Tw12,micro_congo:Hallea_stipulosa/Tw12_H_stipulosa_Tr2_2_5x,,Hallea stipulosa,Hallea stipulosa,,,,,unmatched,
data/images/micro/Hallea_stipulosa/Tw12_H_stipulosa_Tr3_2_5x.jpg,Hallea_stipulosa/Tw12_H_stipulosa_Tr3_2_5x.jpg,micro_congo,micro,transversal_semi_thin_section,Hallea stipulosa,Hallea,,Tw12,micro_congo:Hallea_stipulosa/Tw12_H_stipulosa_Tr3_2_5x,,Hallea stipulosa,Hallea stipulosa,,,,,unmatched,
data/images/micro/Hallea_stipulosa/Tw12_H_stipulosa_Tr_2_5x.jpg,Hallea_stipulosa/Tw12_H_stipulosa_Tr_2_5x.jpg,micro_congo,micro,transversal_semi_thin_section,Hallea stipulosa,Hallea,,Tw12,micro_congo:Hallea_stipulosa/Tw12_H_stipulosa_Tr_2_5x,,Hallea stipulosa,Hallea stipulosa,,,,,unmatched,
data/images/micro/Hallea_stipulosa/Tw12_Tv_2_5x_1.jpg,Hallea_stipulosa/Tw12_Tv_2_5x_1.jpg,micro_congo,micro,transversal_semi_thin_section,Hallea stipulosa,Hallea,,Tw12,micro_congo:Hallea_stipulosa/Tw12_Tv_2_5x_1,,Hallea stipulosa,Hallea stipulosa,,,,,unmatched,
data/images/micro/Hallea_stipulosa/Tw12_Tv_2_5x_2.jpg,Hallea_stipulosa/Tw12_Tv_2_5x_2.jpg,micro_congo,micro,transversal_semi_thin_section,Hallea stipulosa,Hallea,,Tw12,micro_congo:Hallea_stipulosa/Tw12_Tv_2_5x_2,,Hallea stipulosa,Hallea stipulosa,,,,,unmatched,
data/images/micro/Hallea_stipulosa/Tw1379_H_stipulosa_Tr2_2_5x.jpg,Hallea_stipulosa/Tw1379_H_stipulosa_Tr2_2_5x.jpg,micro_congo,micro,transversal_semi_thin_section,Hallea stipulosa,Hallea,,Tw1379,micro_congo:Hallea_stipulosa/Tw1379_H_stipulosa_Tr2_2_5x,,Hallea stipulosa,Hallea stipulosa,,,,,unmatched,
data/images/micro/Hallea_stipulosa/Tw1379_H_stipulosa_Tr_2_5x.jpg,Hallea_stipulosa/Tw1379_H_stipulosa_Tr_2_5x.jpg,micro_congo,micro,transversal_semi_thin_section,Hallea stipulosa,Hallea,,Tw1379,micro_congo:Hallea_stipulosa/Tw1379_H_stipulosa_Tr_2_5x,,Hallea stipulosa,Hallea stipulosa,,,,,unmatched,
data/images/micro/Hallea_stipulosa/Tw1379_Tv_2_5x_1.jpg,Hallea_stipulosa/Tw1379_Tv_2_5x_1.jpg,micro_congo,micro,transversal_semi_thin_section,Hallea stipulosa,Hallea,,Tw1379,micro_congo:Hallea_stipulosa/Tw1379_Tv_2_5x_1,,Hallea stipulosa,Hallea stipulosa,,,,,unmatched,
data/images/micro/Hallea_stipulosa/Tw1379_Tv_2_5x_2.jpg,Hallea_stipulosa/Tw1379_Tv_2_5x_2.jpg,micro_congo,micro,transversal_semi_thin_section,Hallea stipulosa,Hallea,,Tw1379,micro_congo:Hallea_stipulosa/Tw1379_Tv_2_5x_2,,Hallea stipulosa,Hallea stipulosa,,,,,unmatched,
data/images/micro/Hallea_stipulosa/Tw26502_Tv_2_5x_1.jpg,Hallea_stipulosa/Tw26502_Tv_2_5x_1.jpg,micro_congo,micro,transversal_semi_thin_section,Hallea stipulosa,Hallea,,Tw26502,micro_congo:Hallea_stipulosa/Tw26502_Tv_2_5x_1,,Hallea stipulosa,Hallea stipulosa,,,,,unmatched,
data/images/micro/Hallea_stipulosa/Tw293_H_stipulosa_Tr_2_5x.jpg,Hallea_stipulosa/Tw293_H_stipulosa_Tr_2_5x.jpg,micro_congo,micro,transversal_semi_thin_section,Hallea stipulosa,Hallea,,Tw293,micro_congo:Hallea_stipulosa/Tw293_H_stipulosa_Tr_2_5x,,Hallea stipulosa,Hallea stipulosa,,,,,unmatched,
data/images/micro/Hallea_stipulosa/Tw293_H_stipulosa_Tr_perturbation_2_5x.jpg,Hallea_stipulosa/Tw293_H_stipulosa_Tr_perturbation_2_5x.jpg,micro_congo,micro,transversal_semi_thin_section,Hallea stipulosa,Hallea,,Tw293,micro_congo:Hallea_stipulosa/Tw293_H_stipulosa_Tr_perturbation_2_5x,,Hallea stipulosa,Hallea stipulosa,,,,,unmatched,
data/images/micro/Hallea_stipulosa/Tw293_Tv_2_5x_1.jpg,Hallea_stipulosa/Tw293_Tv_2_5x_1.jpg,micro_congo,micro,transversal_semi_thin_section,Hallea stipulosa,Hallea,,Tw293,micro_congo:Hallea_stipulosa/Tw293_Tv_2_5x_1,,Hallea stipulosa,Hallea stipulosa,,,,,unmatched,
data/images/micro/Hallea_stipulosa/Tw293_Tv_2_5x_2.jpg,Hallea_stipulosa/Tw293_Tv_2_5x_2.jpg,micro_congo,micro,transversal_semi_thin_section,Hallea stipulosa,Hallea,,Tw293,micro_congo:Hallea_stipulosa/Tw293_Tv_2_5x_2,,Hallea stipulosa,Hallea stipulosa,,,,,unmatched,
data/images/micro/Hallea_stipulosa/Tw32_H_stipulosa_Tr2_2_5x.jpg,Hallea_stipulosa/Tw32_H_stipulosa_Tr2_2_5x.jpg,micro_congo,micro,transversal_semi_thin_section,Hallea stipulosa,Hallea,,Tw32,micro_congo:Hallea_stipulosa/Tw32_H_stipulosa_Tr2_2_5x,,Hallea stipulosa,Hallea stipulosa,,,,,unmatched,
data/images/micro/Hallea_stipulosa/Tw32_H_stipulosa_Tr_2_5x.jpg,Hallea_stipulosa/Tw32_H_stipulosa_Tr_2_5x.jpg,micro_congo,micro,transversal_semi_thin_section,Hallea stipulosa,Hallea,,Tw32,micro_congo:Hallea_stipulosa/Tw32_H_stipulosa_Tr_2_5x,,Hallea stipulosa,Hallea stipulosa,,,,,unmatched,
data/images/micro/Hallea_stipulosa/Tw32_Tv_2_5x_1.jpg,Hallea_stipulosa/Tw32_Tv_2_5x_1.jpg,micro_congo,micro,transversal_semi_thin_section,Hallea stipulosa,Hallea,,Tw32,micro_congo:Hallea_stipulosa/Tw32_Tv_2_5x_1,,Hallea stipulosa,Hallea stipulosa,,,,,unmatched,
data/images/micro/Hallea_stipulosa/Tw32_Tv_2_5x_2.jpg,Hallea_stipulosa/Tw32_Tv_2_5x_2.jpg,micro_congo,micro,transversal_semi_thin_section,Hallea stipulosa,Hallea,,Tw32,micro_congo:Hallea_stipulosa/Tw32_Tv_2_5x_2,,Hallea stipulosa,Hallea stipulosa,,,,,unmatched,
data/images/micro/Hallea_stipulosa/Tw349_H_stipulosa_Tr_general2_2_5x.jpg,Hallea_stipulosa/Tw349_H_stipulosa_Tr_general2_2_5x.jpg,micro_congo,micro,transversal_semi_thin_section,Hallea stipulosa,Hallea,,Tw349,micro_congo:Hallea_stipulosa/Tw349_H_stipulosa_Tr_general2_2_5x,,Hallea stipulosa,Hallea stipulosa,,,,,unmatched,
data/images/micro/Hallea_stipulosa/Tw349_Tv_2_5x_1.jpg,Hallea_stipulosa/Tw349_Tv_2_5x_1.jpg,micro_congo,micro,transversal_semi_thin_section,Hallea stipulosa,Hallea,,Tw349,micro_congo:Hallea_stipulosa/Tw349_Tv_2_5x_1,,Hallea stipulosa,Hallea stipulosa,,,,,unmatched,
data/images/micro/Hallea_stipulosa/Tw39918_Tv_2_5x_1.jpg,Hallea_stipulosa/Tw39918_Tv_2_5x_1.jpg,micro_congo,micro,transversal_semi_thin_section,Hallea stipulosa,Hallea,,Tw39918,micro_congo:Hallea_stipulosa/Tw39918_Tv_2_5x_1,,Hallea stipulosa,Hallea stipulosa,,,,,unmatched,
data/images/micro/Hallea_stipulosa/Tw39918_Tv_2_5x_2.jpg,Hallea_stipulosa/Tw39918_Tv_2_5x_2.jpg,micro_congo,micro,transversal_semi_thin_section,Hallea stipulosa,Hallea,,Tw39918,micro_congo:Hallea_stipulosa/Tw39918_Tv_2_5x_2,,Hallea stipulosa,Hallea stipulosa,,,,,unmatched,
data/images/micro/Hallea_stipulosa/Tw53049_Tv_2_5x_1.jpg,Hallea_stipulosa/Tw53049_Tv_2_5x_1.jpg,micro_congo,micro,transversal_semi_thin_section,Hallea stipulosa,Hallea,,Tw53049,micro_congo:Hallea_stipulosa/Tw53049_Tv_2_5x_1,,Hallea stipulosa,Hallea stipulosa,,,,,unmatched,
data/images/micro/Hallea_stipulosa/Tw53049_Tv_2_5x_2.jpg,Hallea_stipulosa/Tw53049_Tv_2_5x_2.jpg,micro_congo,micro,transversal_semi_thin_section,Hallea stipulosa,Hallea,,Tw53049,micro_congo:Hallea_stipulosa/Tw53049_Tv_2_5x_2,,Hallea stipulosa,Hallea stipulosa,,,,,unmatched,
data/images/micro/Hallea_stipulosa/Tw7325_Tv_2_5x_1.jpg,Hallea_stipulosa/Tw7325_Tv_2_5x_1.jpg,micro_congo,micro,transversal_semi_thin_section,Hallea stipulosa,Hallea,,Tw7325,micro_congo:Hallea_stipulosa/Tw7325_Tv_2_5x_1,,Hallea stipulosa,Hallea stipulosa,,,,,unmatched,
data/images/micro/Hallea_stipulosa/Tw775_Tv_2_5x_1.jpg,Hallea_stipulosa/Tw775_Tv_2_5x_1.jpg,micro_congo,micro,transversal_semi_thin_section,Hallea stipulosa,Hallea,,Tw775,micro_congo:Hallea_stipulosa/Tw775_Tv_2_5x_1,,Hallea stipulosa,Hallea stipulosa,,,,,unmatched,
data/images/micro/Hallea_stipulosa/Tw775_Tv_2_5x_2.jpg,Hallea_stipulosa/Tw775_Tv_2_5x_2.jpg,micro_congo,micro,transversal_semi_thin_section,Hallea stipulosa,Hallea,,Tw775,micro_congo:Hallea_stipulosa/Tw775_Tv_2_5x_2,,Hallea stipulosa,Hallea stipulosa,,,,,unmatched,
data/images/micro/Hallea_stipulosa/Tw840_H_stipulosa_Tr_general_2_5x.jpg,Hallea_stipulosa/Tw840_H_stipulosa_Tr_general_2_5x.jpg,micro_congo,micro,transversal_semi_thin_section,Hallea stipulosa,Hallea,,Tw840,micro_congo:Hallea_stipulosa/Tw840_H_stipulosa_Tr_general_2_5x,,Hallea stipulosa,Hallea stipulosa,,,,,unmatched,
data/images/micro/Irvingia_grandifolia/Tw1117_I_grandifolia_tr2_2_5x.jpg,Irvingia_grandifolia/Tw1117_I_grandifolia_tr2_2_5x.jpg,micro_congo,micro,transversal_semi_thin_section,Irvingia grandifolia,Irvingia,,Tw1117,micro_congo:Irvingia_grandifolia/Tw1117_I_grandifolia_tr2_2_5x,,Irvingia grandifolia,Irvingia grandifolia,,,,,unmatched,
data/images/micro/Irvingia_grandifolia/Tw1117_I_grandifolia_tr3_2_5x.jpg,Irvingia_grandifolia/Tw1117_I_grandifolia_tr3_2_5x.jpg,micro_congo,micro,transversal_semi_thin_section,Irvingia grandifolia,Irvingia,,Tw1117,micro_congo:Irvingia_grandifolia/Tw1117_I_grandifolia_tr3_2_5x,,Irvingia grandifolia,Irvingia grandifolia,,,,,unmatched,
data/images/micro/Irvingia_grandifolia/Tw1117_I_grandifolia_tr_2_5x.jpg,Irvingia_grandifolia/Tw1117_I_grandifolia_tr_2_5x.jpg,micro_congo,micro,transversal_semi_thin_section,Irvingia grandifolia,Irvingia,,Tw1117,micro_congo:Irvingia_grandifolia/Tw1117_I_grandifolia_tr_2_5x,,Irvingia grandifolia,Irvingia grandifolia,,,,,unmatched,
data/images/micro/Irvingia_grandifolia/Tw137_I_grandifolia_tr2_2_5x.jpg,Irvingia_grandifolia/Tw137_I_grandifolia_tr2_2_5x.jpg,micro_congo,micro,transversal_semi_thin_section,Irvingia grandifolia,Irvingia,,Tw137,micro_congo:Irvingia_grandifolia/Tw137_I_grandifolia_tr2_2_5x,,Irvingia grandifolia,Irvingia grandifolia,,,,,unmatched,
data/images/micro/Irvingia_grandifolia/Tw137_I_grandifolia_tr3_2_5x.jpg,Irvingia_grandifolia/Tw137_I_grandifolia_tr3_2_5x.jpg,micro_congo,micro,transversal_semi_thin_section,Irvingia grandifolia,Irvingia,,Tw137,micro_congo:Irvingia_grandifolia/Tw137_I_grandifolia_tr3_2_5x,,Irvingia grandifolia,Irvingia grandifolia,,,,,unmatched,
data/images/micro/Irvingia_grandifolia/Tw137_I_grandifolia_tr_2_5x.jpg,Irvingia_grandifolia/Tw137_I_grandifolia_tr_2_5x.jpg,micro_congo,micro,transversal_semi_thin_section,Irvingia grandifolia,Irvingia,,Tw137,micro_congo:Irvingia_grandifolia/Tw137_I_grandifolia_tr_2_5x,,Irvingia grandifolia,Irvingia grandifolia,,,,,unmatched,
data/images/micro/Irvingia_grandifolia/Tw1415_I_grandifolia_tr2_2_5x.jpg,Irvingia_grandifolia/Tw1415_I_grandifolia_tr2_2_5x.jpg,micro_congo,micro,transversal_semi_thin_section,Irvingia grandifolia,Irvingia,,Tw1415,micro_congo:Irvingia_grandifolia/Tw1415_I_grandifolia_tr2_2_5x,,Irvingia grandifolia,Irvingia grandifolia,,,,,unmatched,
data/images/micro/Irvingia_grandifolia/Tw1415_I_grandifolia_tr_2_5x.jpg,Irvingia_grandifolia/Tw1415_I_grandifolia_tr_2_5x.jpg,micro_congo,micro,transversal_semi_thin_section,Irvingia grandifolia,Irvingia,,Tw1415,micro_congo:Irvingia_grandifolia/Tw1415_I_grandifolia_tr_2_5x,,Irvingia grandifolia,Irvingia grandifolia,,,,,unmatched,
data/images/micro/Irvingia_grandifolia/Tw6984_I_grandifolia_tr2_2_5x.jpg,Irvingia_grandifolia/Tw6984_I_grandifolia_tr2_2_5x.jpg,micro_congo,micro,transversal_semi_thin_section,Irvingia grandifolia,Irvingia,,Tw6984,micro_congo:Irvingia_grandifolia/Tw6984_I_grandifolia_tr2_2_5x,,Irvingia grandifolia,Irvingia grandifolia,,,,,unmatched,
data/images/micro/Irvingia_grandifolia/Tw6984_I_grandifolia_tr3_2_5x.jpg,Irvingia_grandifolia/Tw6984_I_grandifolia_tr3_2_5x.jpg,micro_congo,micro,transversal_semi_thin_section,Irvingia grandifolia,Irvingia,,Tw6984,micro_congo:Irvingia_grandifolia/Tw6984_I_grandifolia_tr3_2_5x,,Irvingia grandifolia,Irvingia grandifolia,,,,,unmatched,
data/images/micro/Irvingia_grandifolia/Tw6984_I_grandifolia_tr4_2_5x.jpg,Irvingia_grandifolia/Tw6984_I_grandifolia_tr4_2_5x.jpg,micro_congo,micro,transversal_semi_thin_section,Irvingia grandifolia,Irvingia,,Tw6984,micro_congo:Irvingia_grandifolia/Tw6984_I_grandifolia_tr4_2_5x,,Irvingia grandifolia,Irvingia grandifolia,,,,,unmatched,
data/images/micro/Irvingia_grandifolia/Tw6984_I_grandifolia_tr_2_5x.jpg,Irvingia_grandifolia/Tw6984_I_grandifolia_tr_2_5x.jpg,micro_congo,micro,transversal_semi_thin_section,Irvingia grandifolia,Irvingia,,Tw6984,micro_congo:Irvingia_grandifolia/Tw6984_I_grandifolia_tr_2_5x,,Irvingia grandifolia,Irvingia grandifolia,,,,,unmatched,
data/images/micro/Irvingia_grandifolia/Tw7141_I_grandifolia_tr_2_5x.jpg,Irvingia_grandifolia/Tw7141_I_grandifolia_tr_2_5x.jpg,micro_congo,micro,transversal_semi_thin_section,Irvingia grandifolia,Irvingia,,Tw7141,micro_congo:Irvingia_grandifolia/Tw7141_I_grandifolia_tr_2_5x,,Irvingia grandifolia,Irvingia grandifolia,,,,,unmatched,
data/images/micro/Irvingia_grandifolia/Tw7494_I_grandifolia_tr2_2_5x.jpg,Irvingia_grandifolia/Tw7494_I_grandifolia_tr2_2_5x.jpg,micro_congo,micro,transversal_semi_thin_section,Irvingia grandifolia,Irvingia,,Tw7494,micro_congo:Irvingia_grandifolia/Tw7494_I_grandifolia_tr2_2_5x,,Irvingia grandifolia,Irvingia grandifolia,,,,,unmatched,
data/images/micro/Irvingia_grandifolia/Tw7494_I_grandifolia_tr3_2_5x.jpg,Irvingia_grandifolia/Tw7494_I_grandifolia_tr3_2_5x.jpg,micro_congo,micro,transversal_semi_thin_section,Irvingia grandifolia,Irvingia,,Tw7494,micro_congo:Irvingia_grandifolia/Tw7494_I_grandifolia_tr3_2_5x,,Irvingia grandifolia,Irvingia grandifolia,,,,,unmatched,
data/images/micro/Irvingia_grandifolia/Tw7494_I_grandifolia_tr_2_5x.jpg,Irvingia_grandifolia/Tw7494_I_grandifolia_tr_2_5x.jpg,micro_congo,micro,transversal_semi_thin_section,Irvingia grandifolia,Irvingia,,Tw7494,micro_congo:Irvingia_grandifolia/Tw7494_I_grandifolia_tr_2_5x,,Irvingia grandifolia,Irvingia grandifolia,,,,,unmatched,
data/images/micro/Leplaea_cedrata/G_cedrata02.jpg,Leplaea_cedrata/G_cedrata02.jpg,micro_congo,micro,transversal_semi_thin_section,Leplaea cedrata,Leplaea,,G_cedrata02,micro_congo:Leplaea_cedrata/G_cedrata02,,Leplaea cedrata,Leplaea cedrata,,,,,unmatched,
data/images/micro/Leplaea_cedrata/G_cedrata03.jpg,Leplaea_cedrata/G_cedrata03.jpg,micro_congo,micro,transversal_semi_thin_section,Leplaea cedrata,Leplaea,,G_cedrata03,micro_congo:Leplaea_cedrata/G_cedrata03,,Leplaea cedrata,Leplaea cedrata,,,,,unmatched,
data/images/micro/Leplaea_cedrata/G_cedrata04.jpg,Leplaea_cedrata/G_cedrata04.jpg,micro_congo,micro,transversal_semi_thin_section,Leplaea cedrata,Leplaea,,G_cedrata04,micro_congo:Leplaea_cedrata/G_cedrata04,,Leplaea cedrata,Leplaea cedrata,,,,,unmatched,
data/images/micro/Leplaea_cedrata/G_cedrata05.jpg,Leplaea_cedrata/G_cedrata05.jpg,micro_congo,micro,transversal_semi_thin_section,Leplaea cedrata,Leplaea,,G_cedrata05,micro_congo:Leplaea_cedrata/G_cedrata05,,Leplaea cedrata,Leplaea cedrata,,,,,unmatched,
data/images/micro/Leplaea_cedrata/G_cedrata06.jpg,Leplaea_cedrata/G_cedrata06.jpg,micro_congo,micro,transversal_semi_thin_section,Leplaea cedrata,Leplaea,,G_cedrata06,micro_congo:Leplaea_cedrata/G_cedrata06,,Leplaea cedrata,Leplaea cedrata,,,,,unmatched,
data/images/micro/Leplaea_cedrata/G_cedrata07.jpg,Leplaea_cedrata/G_cedrata07.jpg,micro_congo,micro,transversal_semi_thin_section,Leplaea cedrata,Leplaea,,G_cedrata07,micro_congo:Leplaea_cedrata/G_cedrata07,,Leplaea cedrata,Leplaea cedrata,,,,,unmatched,
data/images/micro/Leplaea_cedrata/G_cedrata08.jpg,Leplaea_cedrata/G_cedrata08.jpg,micro_congo,micro,transversal_semi_thin_section,Leplaea cedrata,Leplaea,,G_cedrata08,micro_congo:Leplaea_cedrata/G_cedrata08,,Leplaea cedrata,Leplaea cedrata,,,,,unmatched,
data/images/micro/Leplaea_cedrata/Guarea_cedrata_a076.jpg,Leplaea_cedrata/Guarea_cedrata_a076.jpg,micro_congo,micro,transversal_semi_thin_section,Leplaea cedrata,Leplaea,,Guarea_cedrata_a076,micro_congo:Leplaea_cedrata/Guarea_cedrata_a076,,Leplaea cedrata,Leplaea cedrata,,,,,unmatched,
data/images/micro/Leplaea_cedrata/Guarea_cedrata_a077.jpg,Leplaea_cedrata/Guarea_cedrata_a077.jpg,micro_congo,micro,transversal_semi_thin_section,Leplaea cedrata,Leplaea,,Guarea_cedrata_a077,micro_congo:Leplaea_cedrata/Guarea_cedrata_a077,,Leplaea cedrata,Leplaea cedrata,,,,,unmatched,
data/images/micro/Leplaea_cedrata/Guarea_cedrata_a078.jpg,Leplaea_cedrata/Guarea_cedrata_a078.jpg,micro_congo,micro,transversal_semi_thin_section,Leplaea cedrata,Leplaea,,Guarea_cedrata_a078,micro_congo:Leplaea_cedrata/Guarea_cedrata_a078,,Leplaea cedrata,Leplaea cedrata,,,,,unmatched,
data/images/micro/Leplaea_cedrata/Tw1239_Tv_2_5x_1.jpg,Leplaea_cedrata/Tw1239_Tv_2_5x_1.jpg,micro_congo,micro,transversal_semi_thin_section,Leplaea cedrata,Leplaea,,Tw1239,micro_congo:Leplaea_cedrata/Tw1239_Tv_2_5x_1,,Leplaea cedrata,Leplaea cedrata,,,,,unmatched,
data/images/micro/Leplaea_cedrata/Tw1239_Tv_2_5x_2.jpg,Leplaea_cedrata/Tw1239_Tv_2_5x_2.jpg,micro_congo,micro,transversal_semi_thin_section,Leplaea cedrata,Leplaea,,Tw1239,micro_congo:Leplaea_cedrata/Tw1239_Tv_2_5x_2,,Leplaea cedrata,Leplaea cedrata,,,,,unmatched,
data/images/micro/Leplaea_cedrata/Tw1239_Tv_2_5x_3.jpg,Leplaea_cedrata/Tw1239_Tv_2_5x_3.jpg,micro_congo,micro,transversal_semi_thin_section,Leplaea cedrata,Leplaea,,Tw1239,micro_congo:Leplaea_cedrata/Tw1239_Tv_2_5x_3,,Leplaea cedrata,Leplaea cedrata,,,,,unmatched,
data/images/micro/Leplaea_cedrata/Tw1305_Tv_2_5x_1.jpg,Leplaea_cedrata/Tw1305_Tv_2_5x_1.jpg,micro_congo,micro,transversal_semi_thin_section,Leplaea cedrata,Leplaea,,Tw1305,micro_congo:Leplaea_cedrata/Tw1305_Tv_2_5x_1,,Leplaea cedrata,Leplaea cedrata,,,,,unmatched,
data/images/micro/Leplaea_cedrata/Tw1305_Tv_2_5x_2.jpg,Leplaea_cedrata/Tw1305_Tv_2_5x_2.jpg,micro_congo,micro,transversal_semi_thin_section,Leplaea cedrata,Leplaea,,Tw1305,micro_congo:Leplaea_cedrata/Tw1305_Tv_2_5x_2,,Leplaea cedrata,Leplaea cedrata,,,,,unmatched,
data/images/micro/Leplaea_cedrata/Tw26492_Tv_2_5x_1.jpg,Leplaea_cedrata/Tw26492_Tv_2_5x_1.jpg,micro_congo,micro,transversal_semi_thin_section,Leplaea cedrata,Leplaea,,Tw26492,micro_congo:Leplaea_cedrata/Tw26492_Tv_2_5x_1,,Leplaea cedrata,Leplaea cedrata,,,,,unmatched,
data/images/micro/Leplaea_cedrata/Tw26492_Tv_2_5x_2.jpg,Leplaea_cedrata/Tw26492_Tv_2_5x_2.jpg,micro_congo,micro,transversal_semi_thin_section,Leplaea cedrata,Leplaea,,Tw26492,micro_congo:Leplaea_cedrata/Tw26492_Tv_2_5x_2,,Leplaea cedrata,Leplaea cedrata,,,,,unmatched,
data/images/micro/Leplaea_cedrata/Tw26492_Tv_2_5x_3.jpg,Leplaea_cedrata/Tw26492_Tv_2_5x_3.jpg,micro_congo,micro,transversal_semi_thin_section,Leplaea cedrata,Leplaea,,Tw26492,micro_congo:Leplaea_cedrata/Tw26492_Tv_2_5x_3,,Leplaea cedrata,Leplaea cedrata,,,,,unmatched,
data/images/micro/Leplaea_cedrata/Tw46415_Tv_2_5x_1.jpg,Leplaea_cedrata/Tw46415_Tv_2_5x_1.jpg,micro_congo,micro,transversal_semi_thin_section,Leplaea cedrata,Leplaea,,Tw46415,micro_congo:Leplaea_cedrata/Tw46415_Tv_2_5x_1,,Leplaea cedrata,Leplaea cedrata,,,,,unmatched,
data/images/micro/Leplaea_cedrata/Tw46415_Tv_2_5x_2.jpg,Leplaea_cedrata/Tw46415_Tv_2_5x_2.jpg,micro_congo,micro,transversal_semi_thin_section,Leplaea cedrata,Leplaea,,Tw46415,micro_congo:Leplaea_cedrata/Tw46415_Tv_2_5x_2,,Leplaea cedrata,Leplaea cedrata,,,,,unmatched,
data/images/micro/Leplaea_cedrata/Tw583_Tv_2_5x_1.jpg,Leplaea_cedrata/Tw583_Tv_2_5x_1.jpg,micro_congo,micro,transversal_semi_thin_section,Leplaea cedrata,Leplaea,,Tw583,micro_congo:Leplaea_cedrata/Tw583_Tv_2_5x_1,,Leplaea cedrata,Leplaea cedrata,,,,,unmatched,
data/images/micro/Leplaea_cedrata/Tw583_Tv_2_5x_2.jpg,Leplaea_cedrata/Tw583_Tv_2_5x_2.jpg,micro_congo,micro,transversal_semi_thin_section,Leplaea cedrata,Leplaea,,Tw583,micro_congo:Leplaea_cedrata/Tw583_Tv_2_5x_2,,Leplaea cedrata,Leplaea cedrata,,,,,unmatched,
data/images/micro/Leplaea_cedrata/Tw85_Tv_2_5x_1.jpg,Leplaea_cedrata/Tw85_Tv_2_5x_1.jpg,micro_congo,micro,transversal_semi_thin_section,Leplaea cedrata,Leplaea,,Tw85,micro_congo:Leplaea_cedrata/Tw85_Tv_2_5x_1,,Leplaea cedrata,Leplaea cedrata,,,,,unmatched,
data/images/micro/Leplaea_cedrata/Tw85_Tv_2_5x_2.jpg,Leplaea_cedrata/Tw85_Tv_2_5x_2.jpg,micro_congo,micro,transversal_semi_thin_section,Leplaea cedrata,Leplaea,,Tw85,micro_congo:Leplaea_cedrata/Tw85_Tv_2_5x_2,,Leplaea cedrata,Leplaea cedrata,,,,,unmatched,
data/images/micro/Leplaea_cedrata/Tw85_Tv_2_5x_3.jpg,Leplaea_cedrata/Tw85_Tv_2_5x_3.jpg,micro_congo,micro,transversal_semi_thin_section,Leplaea cedrata,Leplaea,,Tw85,micro_congo:Leplaea_cedrata/Tw85_Tv_2_5x_3,,Leplaea cedrata,Leplaea cedrata,,,,,unmatched,
data/images/micro/Leplaea_laurentii/Tw10159_Tv_2_5x_1.jpg,Leplaea_laurentii/Tw10159_Tv_2_5x_1.jpg,micro_congo,micro,transversal_semi_thin_section,Leplaea laurentii,Leplaea,,Tw10159,micro_congo:Leplaea_laurentii/Tw10159_Tv_2_5x_1,,Leplaea laurentii,Leplaea laurentii,,,,,unmatched,
data/images/micro/Leplaea_laurentii/Tw10159_Tv_2_5x_2.jpg,Leplaea_laurentii/Tw10159_Tv_2_5x_2.jpg,micro_congo,micro,transversal_semi_thin_section,Leplaea laurentii,Leplaea,,Tw10159,micro_congo:Leplaea_laurentii/Tw10159_Tv_2_5x_2,,Leplaea laurentii,Leplaea laurentii,,,,,unmatched,
data/images/micro/Leplaea_laurentii/Tw10159_Tv_2_5x_3.jpg,Leplaea_laurentii/Tw10159_Tv_2_5x_3.jpg,micro_congo,micro,transversal_semi_thin_section,Leplaea laurentii,Leplaea,,Tw10159,micro_congo:Leplaea_laurentii/Tw10159_Tv_2_5x_3,,Leplaea laurentii,Leplaea laurentii,,,,,unmatched,
data/images/micro/Leplaea_laurentii/Tw1140_G_laurentii_Tr_g2(ring)_2_5x.jpg,Leplaea_laurentii/Tw1140_G_laurentii_Tr_g2(ring)_2_5x.jpg,micro_congo,micro,transversal_semi_thin_section,Leplaea laurentii,Leplaea,,Tw1140,micro_congo:Leplaea_laurentii/Tw1140_G_laurentii_Tr_g2(ring)_2_5x,,Leplaea laurentii,Leplaea laurentii,,,,,unmatched,
data/images/micro/Leplaea_laurentii/Tw1140_G_laurentii_Tr_g3_2_5x.jpg,Leplaea_laurentii/Tw1140_G_laurentii_Tr_g3_2_5x.jpg,micro_congo,micro,transversal_semi_thin_section,Leplaea laurentii,Leplaea,,Tw1140,micro_congo:Leplaea_laurentii/Tw1140_G_laurentii_Tr_g3_2_5x,,Leplaea laurentii,Leplaea laurentii,,,,,unmatched,
data/images/micro/Leplaea_laurentii/Tw1140_G_laurentii_Tr_g_2_5x.jpg,Leplaea_laurentii/Tw1140_G_laurentii_Tr_g_2_5x.jpg,micro_congo,micro,transversal_semi_thin_section,Leplaea laurentii,Leplaea,,Tw1140,micro_congo:Leplaea_laurentii/Tw1140_G_laurentii_Tr_g_2_5x,,Leplaea laurentii,Leplaea laurentii,,,,,unmatched,
data/images/micro/Leplaea_laurentii/Tw1140_Tv_2_5x_1.jpg,Leplaea_laurentii/Tw1140_Tv_2_5x_1.jpg,micro_congo,micro,transversal_semi_thin_section,Leplaea laurentii,Leplaea,,Tw1140,micro_congo:Leplaea_laurentii/Tw1140_Tv_2_5x_1,,Leplaea laurentii,Leplaea laurentii,,,,,unmatched,
data/images/micro/Leplaea_laurentii/Tw1140_Tv_2_5x_2.jpg,Leplaea_laurentii/Tw1140_Tv_2_5x_2.jpg,micro_congo,micro,transversal_semi_thin_section,Leplaea laurentii,Leplaea,,Tw1140,micro_congo:Leplaea_laurentii/Tw1140_Tv_2_5x_2,,Leplaea laurentii,Leplaea laurentii,,,,,unmatched,
data/images/micro/Leplaea_laurentii/Tw1140_Tv_2_5x_3.jpg,Leplaea_laurentii/Tw1140_Tv_2_5x_3.jpg,micro_congo,micro,transversal_semi_thin_section,Leplaea laurentii,Leplaea,,Tw1140,micro_congo:Leplaea_laurentii/Tw1140_Tv_2_5x_3,,Leplaea laurentii,Leplaea laurentii,,,,,unmatched,
data/images/micro/Leplaea_laurentii/Tw1350_Tv_2_5x.jpg,Leplaea_laurentii/Tw1350_Tv_2_5x.jpg,micro_congo,micro,transversal_semi_thin_section,Leplaea laurentii,Leplaea,,Tw1350,micro_congo:Leplaea_laurentii/Tw1350_Tv_2_5x,,Leplaea laurentii,Leplaea laurentii,,,,,unmatched,
data/images/micro/Leplaea_laurentii/Tw1365_Tv_2_5x_1.jpg,Leplaea_laurentii/Tw1365_Tv_2_5x_1.jpg,micro_congo,micro,transversal_semi_thin_section,Leplaea laurentii,Leplaea,,Tw1365,micro_congo:Leplaea_laurentii/Tw1365_Tv_2_5x_1,,Leplaea laurentii,Leplaea laurentii,,,,,unmatched,
data/images/micro/Leplaea_laurentii/Tw1365_Tv_2_5x_2.jpg,Leplaea_laurentii/Tw1365_Tv_2_5x_2.jpg,micro_congo,micro,transversal_semi_thin_section,Leplaea laurentii,Leplaea,,Tw1365,micro_congo:Leplaea_laurentii/Tw1365_Tv_2_5x_2,,Leplaea laurentii,Leplaea laurentii,,,,,unmatched,
data/images/micro/Leplaea_laurentii/Tw1365_Tv_2_5x_3.jpg,Leplaea_laurentii/Tw1365_Tv_2_5x_3.jpg,micro_congo,micro,transversal_semi_thin_section,Leplaea laurentii,Leplaea,,Tw1365,micro_congo:Leplaea_laurentii/Tw1365_Tv_2_5x_3,,Leplaea laurentii,Leplaea laurentii,,,,,unmatched,
data/images/micro/Leplaea_laurentii/Tw2419_G_laurentii_Tr_g2_2_5x.jpg,Leplaea_laurentii/Tw2419_G_laurentii_Tr_g2_2_5x.jpg,micro_congo,micro,transversal_semi_thin_section,Leplaea laurentii,Leplaea,,Tw2419,micro_congo:Leplaea_laurentii/Tw2419_G_laurentii_Tr_g2_2_5x,,Leplaea laurentii,Leplaea laurentii,,,,,unmatched,
data/images/micro/Leplaea_laurentii/Tw2419_G_laurentii_Tr_g_2_5x.jpg,Leplaea_laurentii/Tw2419_G_laurentii_Tr_g_2_5x.jpg,micro_congo,micro,transversal_semi_thin_section,Leplaea laurentii,Leplaea,,Tw2419,micro_congo:Leplaea_laurentii/Tw2419_G_laurentii_Tr_g_2_5x,,Leplaea laurentii,Leplaea laurentii,,,,,unmatched,
data/images/micro/Leplaea_laurentii/Tw2419_Tv_2_5x_1.jpg,Leplaea_laurentii/Tw2419_Tv_2_5x_1.jpg,micro_congo,micro,transversal_semi_thin_section,Leplaea laurentii,Leplaea,,Tw2419,micro_congo:Leplaea_laurentii/Tw2419_Tv_2_5x_1,,Leplaea laurentii,Leplaea laurentii,,,,,unmatched,
data/images/micro/Leplaea_laurentii/Tw2419_Tv_2_5x_2.jpg,Leplaea_laurentii/Tw2419_Tv_2_5x_2.jpg,micro_congo,micro,transversal_semi_thin_section,Leplaea laurentii,Leplaea,,Tw2419,micro_congo:Leplaea_laurentii/Tw2419_Tv_2_5x_2,,Leplaea laurentii,Leplaea laurentii,,,,,unmatched,
data/images/micro/Leplaea_laurentii/Tw603_G_laurentii_Tr_general2_2_5x.jpg,Leplaea_laurentii/Tw603_G_laurentii_Tr_general2_2_5x.jpg,micro_congo,micro,transversal_semi_thin_section,Leplaea laurentii,Leplaea,,Tw603,micro_congo:Leplaea_laurentii/Tw603_G_laurentii_Tr_general2_2_5x,,Leplaea laurentii,Leplaea laurentii,,,,,unmatched,
data/images/micro/Leplaea_laurentii/Tw603_G_laurentii_Tr_general_2_5x.jpg,Leplaea_laurentii/Tw603_G_laurentii_Tr_general_2_5x.jpg,micro_congo,micro,transversal_semi_thin_section,Leplaea laurentii,Leplaea,,Tw603,micro_congo:Leplaea_laurentii/Tw603_G_laurentii_Tr_general_2_5x,,Leplaea laurentii,Leplaea laurentii,,,,,unmatched,
data/images/micro/Leplaea_laurentii/Tw603_G_laurentii_Tr_woodring_2_5x.jpg,Leplaea_laurentii/Tw603_G_laurentii_Tr_woodring_2_5x.jpg,micro_congo,micro,transversal_semi_thin_section,Leplaea laurentii,Leplaea,,Tw603,micro_congo:Leplaea_laurentii/Tw603_G_laurentii_Tr_woodring_2_5x,,Leplaea laurentii,Leplaea laurentii,,,,,unmatched,
data/images/micro/Leplaea_laurentii/Tw603_Tv_2_5x_1.jpg,Leplaea_laurentii/Tw603_Tv_2_5x_1.jpg,micro_congo,micro,transversal_semi_thin_section,Leplaea laurentii,Leplaea,,Tw603,micro_congo:Leplaea_laurentii/Tw603_Tv_2_5x_1,,Leplaea laurentii,Leplaea laurentii,,,,,unmatched,
data/images/micro/Leplaea_laurentii/Tw603_Tv_2_5x_2.jpg,Leplaea_laurentii/Tw603_Tv_2_5x_2.jpg,micro_congo,micro,transversal_semi_thin_section,Leplaea laurentii,Leplaea,,Tw603,micro_congo:Leplaea_laurentii/Tw603_Tv_2_5x_2,,Leplaea laurentii,Leplaea laurentii,,,,,unmatched,
data/images/micro/Leplaea_laurentii/Tw700_Tv_2_5x_1.jpg,Leplaea_laurentii/Tw700_Tv_2_5x_1.jpg,micro_congo,micro,transversal_semi_thin_section,Leplaea laurentii,Leplaea,,Tw700,micro_congo:Leplaea_laurentii/Tw700_Tv_2_5x_1,,Leplaea laurentii,Leplaea laurentii,,,,,unmatched,
data/images/micro/Leplaea_laurentii/Tw700_Tv_2_5x_2.jpg,Leplaea_laurentii/Tw700_Tv_2_5x_2.jpg,micro_congo,micro,transversal_semi_thin_section,Leplaea laurentii,Leplaea,,Tw700,micro_congo:Leplaea_laurentii/Tw700_Tv_2_5x_2,,Leplaea laurentii,Leplaea laurentii,,,,,unmatched,
data/images/micro/Leplaea_laurentii/Tw843_G_laurentii_general2_Tr_2_5x.jpg,Leplaea_laurentii/Tw843_G_laurentii_general2_Tr_2_5x.jpg,micro_congo,micro,transversal_semi_thin_section,Leplaea laurentii,Leplaea,,Tw843,micro_congo:Leplaea_laurentii/Tw843_G_laurentii_general2_Tr_2_5x,,Leplaea laurentii,Leplaea laurentii,,,,,unmatched,
data/images/micro/Leplaea_laurentii/Tw843_G_laurentii_general_Tr_2_5x.jpg,Leplaea_laurentii/Tw843_G_laurentii_general_Tr_2_5x.jpg,micro_congo,micro,transversal_semi_thin_section,Leplaea laurentii,Leplaea,,Tw843,micro_congo:Leplaea_laurentii/Tw843_G_laurentii_general_Tr_2_5x,,Leplaea laurentii,Leplaea laurentii,,,,,unmatched,
data/images/micro/Leplaea_thompsonii/G_thompsonii43.jpg,Leplaea_thompsonii/G_thompsonii43.jpg,micro_congo,micro,transversal_semi_thin_section,Leplaea thompsonii,Leplaea,,G_thompsonii43,micro_congo:Leplaea_thompsonii/G_thompsonii43,,Leplaea thompsonii,Leplaea thompsonii,,,,,unmatched,
data/images/micro/Leplaea_thompsonii/G_thompsonii44.jpg,Leplaea_thompsonii/G_thompsonii44.jpg,micro_congo,micro,transversal_semi_thin_section,Leplaea thompsonii,Leplaea,,G_thompsonii44,micro_congo:Leplaea_thompsonii/G_thompsonii44,,Leplaea thompsonii,Leplaea thompsonii,,,,,unmatched,
data/images/micro/Leplaea_thompsonii/G_thompsonii45.jpg,Leplaea_thompsonii/G_thompsonii45.jpg,micro_congo,micro,transversal_semi_thin_section,Leplaea thompsonii,Leplaea,,G_thompsonii45,micro_congo:Leplaea_thompsonii/G_thompsonii45,,Leplaea thompsonii,Leplaea thompsonii,,,,,unmatched,
data/images/micro/Leplaea_thompsonii/G_thompsonii46.jpg,Leplaea_thompsonii/G_thompsonii46.jpg,micro_congo,micro,transversal_semi_thin_section,Leplaea thompsonii,Leplaea,,G_thompsonii46,micro_congo:Leplaea_thompsonii/G_thompsonii46,,Leplaea thompsonii,Leplaea thompsonii,,,,,unmatched,
data/images/micro/Leplaea_thompsonii/G_thompsonii47.jpg,Leplaea_thompsonii/G_thompsonii47.jpg,micro_congo,micro,transversal_semi_thin_section,Leplaea thompsonii,Leplaea,,G_thompsonii47,micro_congo:Leplaea_thompsonii/G_thompsonii47,,Leplaea thompsonii,Leplaea thompsonii,,,,,unmatched,
data/images/micro/Leplaea_thompsonii/Tw1110_G_thompsonii_Tr_2_5x.jpg,Leplaea_thompsonii/Tw1110_G_thompsonii_Tr_2_5x.jpg,micro_congo,micro,transversal_semi_thin_section,Leplaea thompsonii,Leplaea,,Tw1110,micro_congo:Leplaea_thompsonii/Tw1110_G_thompsonii_Tr_2_5x,,Leplaea thompsonii,Leplaea thompsonii,,,,,unmatched,
data/images/micro/Leplaea_thompsonii/Tw26919_G_thompsonii_Tr_2_5x.jpg,Leplaea_thompsonii/Tw26919_G_thompsonii_Tr_2_5x.jpg,micro_congo,micro,transversal_semi_thin_section,Leplaea thompsonii,Leplaea,,Tw26919,micro_congo:Leplaea_thompsonii/Tw26919_G_thompsonii_Tr_2_5x,,Leplaea thompsonii,Leplaea thompsonii,,,,,unmatched,
data/images/micro/Leplaea_thompsonii/Tw26919_G_thompsonii_Tr_vessels_2_5x.jpg,Leplaea_thompsonii/Tw26919_G_thompsonii_Tr_vessels_2_5x.jpg,micro_congo,micro,transversal_semi_thin_section,Leplaea thompsonii,Leplaea,,Tw26919,micro_congo:Leplaea_thompsonii/Tw26919_G_thompsonii_Tr_vessels_2_5x,,Leplaea thompsonii,Leplaea thompsonii,,,,,unmatched,
data/images/micro/Lovoa_trichilioides/Lovoa_trichilioides001.jpg,Lovoa_trichilioides/Lovoa_trichilioides001.jpg,micro_congo,micro,transversal_semi_thin_section,Lovoa trichilioides,Lovoa,,Lovoa_trichilioides001,micro_congo:Lovoa_trichilioides/Lovoa_trichilioides001,,Lovoa trichilioides,Lovoa trichilioides,,,,,unmatched,
data/images/micro/Lovoa_trichilioides/Lovoa_trichilioides002.jpg,Lovoa_trichilioides/Lovoa_trichilioides002.jpg,micro_congo,micro,transversal_semi_thin_section,Lovoa trichilioides,Lovoa,,Lovoa_trichilioides002,micro_congo:Lovoa_trichilioides/Lovoa_trichilioides002,,Lovoa trichilioides,Lovoa trichilioides,,,,,unmatched,
data/images/micro/Lovoa_trichilioides/Lovoa_trichilioides003.jpg,Lovoa_trichilioides/Lovoa_trichilioides003.jpg,micro_congo,micro,transversal_semi_thin_section,Lovoa trichilioides,Lovoa,,Lovoa_trichilioides003,micro_congo:Lovoa_trichilioides/Lovoa_trichilioides003,,Lovoa trichilioides,Lovoa trichilioides,,,,,unmatched,
data/images/micro/Lovoa_trichilioides/Lovoa_trichilioides004.jpg,Lovoa_trichilioides/Lovoa_trichilioides004.jpg,micro_congo,micro,transversal_semi_thin_section,Lovoa trichilioides,Lovoa,,Lovoa_trichilioides004,micro_congo:Lovoa_trichilioides/Lovoa_trichilioides004,,Lovoa trichilioides,Lovoa trichilioides,,,,,unmatched,
data/images/micro/Lovoa_trichilioides/Lovoa_trichilioides005.jpg,Lovoa_trichilioides/Lovoa_trichilioides005.jpg,micro_congo,micro,transversal_semi_thin_section,Lovoa trichilioides,Lovoa,,Lovoa_trichilioides005,micro_congo:Lovoa_trichilioides/Lovoa_trichilioides005,,Lovoa trichilioides,Lovoa trichilioides,,,,,unmatched,
data/images/micro/Lovoa_trichilioides/Lovoa_trichilioides035.jpg,Lovoa_trichilioides/Lovoa_trichilioides035.jpg,micro_congo,micro,transversal_semi_thin_section,Lovoa trichilioides,Lovoa,,Lovoa_trichilioides035,micro_congo:Lovoa_trichilioides/Lovoa_trichilioides035,,Lovoa trichilioides,Lovoa trichilioides,,,,,unmatched,
data/images/micro/Lovoa_trichilioides/Lovoa_trichilioides036.jpg,Lovoa_trichilioides/Lovoa_trichilioides036.jpg,micro_congo,micro,transversal_semi_thin_section,Lovoa trichilioides,Lovoa,,Lovoa_trichilioides036,micro_congo:Lovoa_trichilioides/Lovoa_trichilioides036,,Lovoa trichilioides,Lovoa trichilioides,,,,,unmatched,
data/images/micro/Lovoa_trichilioides/Lovoa_trichilioides037.jpg,Lovoa_trichilioides/Lovoa_trichilioides037.jpg,micro_congo,micro,transversal_semi_thin_section,Lovoa trichilioides,Lovoa,,Lovoa_trichilioides037,micro_congo:Lovoa_trichilioides/Lovoa_trichilioides037,,Lovoa trichilioides,Lovoa trichilioides,,,,,unmatched,
data/images/micro/Lovoa_trichilioides/Tw1033_Tv_2_5x_1.jpg,Lovoa_trichilioides/Tw1033_Tv_2_5x_1.jpg,micro_congo,micro,transversal_semi_thin_section,Lovoa trichilioides,Lovoa,,Tw1033,micro_congo:Lovoa_trichilioides/Tw1033_Tv_2_5x_1,,Lovoa trichilioides,Lovoa trichilioides,,,,,unmatched,
data/images/micro/Lovoa_trichilioides/Tw1033_Tv_2_5x_2.jpg,Lovoa_trichilioides/Tw1033_Tv_2_5x_2.jpg,micro_congo,micro,transversal_semi_thin_section,Lovoa trichilioides,Lovoa,,Tw1033,micro_congo:Lovoa_trichilioides/Tw1033_Tv_2_5x_2,,Lovoa trichilioides,Lovoa trichilioides,,,,,unmatched,
data/images/micro/Lovoa_trichilioides/Tw1033_Tv_2_5x_3.jpg,Lovoa_trichilioides/Tw1033_Tv_2_5x_3.jpg,micro_congo,micro,transversal_semi_thin_section,Lovoa trichilioides,Lovoa,,Tw1033,micro_congo:Lovoa_trichilioides/Tw1033_Tv_2_5x_3,,Lovoa trichilioides,Lovoa trichilioides,,,,,unmatched,
data/images/micro/Lovoa_trichilioides/Tw26496_Tv_2_5x_1.jpg,Lovoa_trichilioides/Tw26496_Tv_2_5x_1.jpg,micro_congo,micro,transversal_semi_thin_section,Lovoa trichilioides,Lovoa,,Tw26496,micro_congo:Lovoa_trichilioides/Tw26496_Tv_2_5x_1,,Lovoa trichilioides,Lovoa trichilioides,,,,,unmatched,
data/images/micro/Lovoa_trichilioides/Tw26496_Tv_2_5x_2.jpg,Lovoa_trichilioides/Tw26496_Tv_2_5x_2.jpg,micro_congo,micro,transversal_semi_thin_section,Lovoa trichilioides,Lovoa,,Tw26496,micro_congo:Lovoa_trichilioides/Tw26496_Tv_2_5x_2,,Lovoa trichilioides,Lovoa trichilioides,,,,,unmatched,
data/images/micro/Lovoa_trichilioides/Tw708_Tv_2_5x_1.jpg,Lovoa_trichilioides/Tw708_Tv_2_5x_1.jpg,micro_congo,micro,transversal_semi_thin_section,Lovoa trichilioides,Lovoa,,Tw708,micro_congo:Lovoa_trichilioides/Tw708_Tv_2_5x_1,,Lovoa trichilioides,Lovoa trichilioides,,,,,unmatched,
data/images/micro/Lovoa_trichilioides/Tw708_Tv_2_5x_2.jpg,Lovoa_trichilioides/Tw708_Tv_2_5x_2.jpg,micro_congo,micro,transversal_semi_thin_section,Lovoa trichilioides,Lovoa,,Tw708,micro_congo:Lovoa_trichilioides/Tw708_Tv_2_5x_2,,Lovoa trichilioides,Lovoa trichilioides,,,,,unmatched,
data/images/micro/Lovoa_trichilioides/Tw708_Tv_2_5x_3.jpg,Lovoa_trichilioides/Tw708_Tv_2_5x_3.jpg,micro_congo,micro,transversal_semi_thin_section,Lovoa trichilioides,Lovoa,,Tw708,micro_congo:Lovoa_trichilioides/Tw708_Tv_2_5x_3,,Lovoa trichilioides,Lovoa trichilioides,,,,,unmatched,
data/images/micro/Lovoa_trichilioides/Tw7120_Tv_2_5x_1.jpg,Lovoa_trichilioides/Tw7120_Tv_2_5x_1.jpg,micro_congo,micro,transversal_semi_thin_section,Lovoa trichilioides,Lovoa,,Tw7120,micro_congo:Lovoa_trichilioides/Tw7120_Tv_2_5x_1,,Lovoa trichilioides,Lovoa trichilioides,,,,,unmatched,
data/images/micro/Lovoa_trichilioides/Tw7120_Tv_2_5x_2.jpg,Lovoa_trichilioides/Tw7120_Tv_2_5x_2.jpg,micro_congo,micro,transversal_semi_thin_section,Lovoa trichilioides,Lovoa,,Tw7120,micro_congo:Lovoa_trichilioides/Tw7120_Tv_2_5x_2,,Lovoa trichilioides,Lovoa trichilioides,,,,,unmatched,
data/images/micro/Lovoa_trichilioides/Tw7120_Tv_2_5x_3.jpg,Lovoa_trichilioides/Tw7120_Tv_2_5x_3.jpg,micro_congo,micro,transversal_semi_thin_section,Lovoa trichilioides,Lovoa,,Tw7120,micro_congo:Lovoa_trichilioides/Tw7120_Tv_2_5x_3,,Lovoa trichilioides,Lovoa trichilioides,,,,,unmatched,
data/images/micro/Lovoa_trichilioides/Tw7467_Tv_2_5x_1.jpg,Lovoa_trichilioides/Tw7467_Tv_2_5x_1.jpg,micro_congo,micro,transversal_semi_thin_section,Lovoa trichilioides,Lovoa,,Tw7467,micro_congo:Lovoa_trichilioides/Tw7467_Tv_2_5x_1,,Lovoa trichilioides,Lovoa trichilioides,,,,,unmatched,
data/images/micro/Lovoa_trichilioides/Tw7467_Tv_2_5x_2.jpg,Lovoa_trichilioides/Tw7467_Tv_2_5x_2.jpg,micro_congo,micro,transversal_semi_thin_section,Lovoa trichilioides,Lovoa,,Tw7467,micro_congo:Lovoa_trichilioides/Tw7467_Tv_2_5x_2,,Lovoa trichilioides,Lovoa trichilioides,,,,,unmatched,
data/images/micro/Newtonia_leucocarpa/Tw2133_Tv_2_5x_1.jpg,Newtonia_leucocarpa/Tw2133_Tv_2_5x_1.jpg,micro_congo,micro,transversal_semi_thin_section,Newtonia leucocarpa,Newtonia,,Tw2133,micro_congo:Newtonia_leucocarpa/Tw2133_Tv_2_5x_1,,Newtonia leucocarpa,Newtonia leucocarpa,,,,,unmatched,
data/images/micro/Newtonia_leucocarpa/Tw2133_Tv_2_5x_2.jpg,Newtonia_leucocarpa/Tw2133_Tv_2_5x_2.jpg,micro_congo,micro,transversal_semi_thin_section,Newtonia leucocarpa,Newtonia,,Tw2133,micro_congo:Newtonia_leucocarpa/Tw2133_Tv_2_5x_2,,Newtonia leucocarpa,Newtonia leucocarpa,,,,,unmatched,
data/images/micro/Newtonia_leucocarpa/Tw2133_Tv_2_5x_3.jpg,Newtonia_leucocarpa/Tw2133_Tv_2_5x_3.jpg,micro_congo,micro,transversal_semi_thin_section,Newtonia leucocarpa,Newtonia,,Tw2133,micro_congo:Newtonia_leucocarpa/Tw2133_Tv_2_5x_3,,Newtonia leucocarpa,Newtonia leucocarpa,,,,,unmatched,
data/images/micro/Newtonia_leucocarpa/Tw2133_Tv_2_5x_4.jpg,Newtonia_leucocarpa/Tw2133_Tv_2_5x_4.jpg,micro_congo,micro,transversal_semi_thin_section,Newtonia leucocarpa,Newtonia,,Tw2133,micro_congo:Newtonia_leucocarpa/Tw2133_Tv_2_5x_4,,Newtonia leucocarpa,Newtonia leucocarpa,,,,,unmatched,
data/images/micro/Newtonia_leucocarpa/Tw4821_N_leucocarpa_Tr2_2_5x.jpg,Newtonia_leucocarpa/Tw4821_N_leucocarpa_Tr2_2_5x.jpg,micro_congo,micro,transversal_semi_thin_section,Newtonia leucocarpa,Newtonia,,Tw4821,micro_congo:Newtonia_leucocarpa/Tw4821_N_leucocarpa_Tr2_2_5x,,Newtonia leucocarpa,Newtonia leucocarpa,,,,,unmatched,
data/images/micro/Newtonia_leucocarpa/Tw4821_N_leucocarpa_Tr3_2_5x.jpg,Newtonia_leucocarpa/Tw4821_N_leucocarpa_Tr3_2_5x.jpg,micro_congo,micro,transversal_semi_thin_section,Newtonia leucocarpa,Newtonia,,Tw4821,micro_congo:Newtonia_leucocarpa/Tw4821_N_leucocarpa_Tr3_2_5x,,Newtonia leucocarpa,Newtonia leucocarpa,,,,,unmatched,
data/images/micro/Newtonia_leucocarpa/Tw4821_N_leucocarpa_Tr_2_5x.jpg,Newtonia_leucocarpa/Tw4821_N_leucocarpa_Tr_2_5x.jpg,micro_congo,micro,transversal_semi_thin_section,Newtonia leucocarpa,Newtonia,,Tw4821,micro_congo:Newtonia_leucocarpa/Tw4821_N_leucocarpa_Tr_2_5x,,Newtonia leucocarpa,Newtonia leucocarpa,,,,,unmatched,
data/images/micro/Newtonia_leucocarpa/Tw4821_Tv_2_5x_5.jpg,Newtonia_leucocarpa/Tw4821_Tv_2_5x_5.jpg,micro_congo,micro,transversal_semi_thin_section,Newtonia leucocarpa,Newtonia,,Tw4821,micro_congo:Newtonia_leucocarpa/Tw4821_Tv_2_5x_5,,Newtonia leucocarpa,Newtonia leucocarpa,,,,,unmatched,
data/images/micro/Newtonia_leucocarpa/Tw4821_Tv_2_5x_6.jpg,Newtonia_leucocarpa/Tw4821_Tv_2_5x_6.jpg,micro_congo,micro,transversal_semi_thin_section,Newtonia leucocarpa,Newtonia,,Tw4821,micro_congo:Newtonia_leucocarpa/Tw4821_Tv_2_5x_6,,Newtonia leucocarpa,Newtonia leucocarpa,,,,,unmatched,
data/images/micro/Newtonia_leucocarpa/Tw64766_Tv_2_5x_4.jpg,Newtonia_leucocarpa/Tw64766_Tv_2_5x_4.jpg,micro_congo,micro,transversal_semi_thin_section,Newtonia leucocarpa,Newtonia,,Tw64766,micro_congo:Newtonia_leucocarpa/Tw64766_Tv_2_5x_4,,Newtonia leucocarpa,Newtonia leucocarpa,,,,,unmatched,
data/images/micro/Newtonia_leucocarpa/Tw64766_Tv_2_5x_5.jpg,Newtonia_leucocarpa/Tw64766_Tv_2_5x_5.jpg,micro_congo,micro,transversal_semi_thin_section,Newtonia leucocarpa,Newtonia,,Tw64766,micro_congo:Newtonia_leucocarpa/Tw64766_Tv_2_5x_5,,Newtonia leucocarpa,Newtonia leucocarpa,,,,,unmatched,
data/images/micro/Ongokea_gore/Tw1243_Tv_2_5x_1.jpg,Ongokea_gore/Tw1243_Tv_2_5x_1.jpg,micro_congo,micro,transversal_semi_thin_section,Ongokea gore,Ongokea,,Tw1243,micro_congo:Ongokea_gore/Tw1243_Tv_2_5x_1,,Ongokea gore,Ongokea gore,,,,,unmatched,
data/images/micro/Ongokea_gore/Tw1243_Tv_2_5x_2.jpg,Ongokea_gore/Tw1243_Tv_2_5x_2.jpg,micro_congo,micro,transversal_semi_thin_section,Ongokea gore,Ongokea,,Tw1243,micro_congo:Ongokea_gore/Tw1243_Tv_2_5x_2,,Ongokea gore,Ongokea gore,,,,,unmatched,
data/images/micro/Ongokea_gore/Tw1697_Tv_2_5x_1.jpg,Ongokea_gore/Tw1697_Tv_2_5x_1.jpg,micro_congo,micro,transversal_semi_thin_section,Ongokea gore,Ongokea,,Tw1697,micro_congo:Ongokea_gore/Tw1697_Tv_2_5x_1,,Ongokea gore,Ongokea gore,,,,,unmatched,
data/images/micro/Ongokea_gore/Tw1941_Tv_2_5x_1.jpg,Ongokea_gore/Tw1941_Tv_2_5x_1.jpg,micro_congo,micro,transversal_semi_thin_section,Ongokea gore,Ongokea,,Tw1941,micro_congo:Ongokea_gore/Tw1941_Tv_2_5x_1,,Ongokea gore,Ongokea gore,,,,,unmatched,
data/images/micro/Ongokea_gore/Tw1941_Tv_2_5x_2.jpg,Ongokea_gore/Tw1941_Tv_2_5x_2.jpg,micro_congo,micro,transversal_semi_thin_section,Ongokea gore,Ongokea,,Tw1941,micro_congo:Ongokea_gore/Tw1941_Tv_2_5x_2,,Ongokea gore,Ongokea gore,,,,,unmatched,
data/images/micro/Ongokea_gore/Tw1963_Tv_2_5x_1.jpg,Ongokea_gore/Tw1963_Tv_2_5x_1.jpg,micro_congo,micro,transversal_semi_thin_section,Ongokea gore,Ongokea,,Tw1963,micro_congo:Ongokea_gore/Tw1963_Tv_2_5x_1,,Ongokea gore,Ongokea gore,,,,,unmatched,
data/images/micro/Ongokea_gore/Tw1963_Tv_2_5x_2.jpg,Ongokea_gore/Tw1963_Tv_2_5x_2.jpg,micro_congo,micro,transversal_semi_thin_section,Ongokea gore,Ongokea,,Tw1963,micro_congo:Ongokea_gore/Tw1963_Tv_2_5x_2,,Ongokea gore,Ongokea gore,,,,,unmatched,
data/images/micro/Ongokea_gore/Tw26907_Tv_2_5x_1.jpg,Ongokea_gore/Tw26907_Tv_2_5x_1.jpg,micro_congo,micro,transversal_semi_thin_section,Ongokea gore,Ongokea,,Tw26907,micro_congo:Ongokea_gore/Tw26907_Tv_2_5x_1,,Ongokea gore,Ongokea gore,,,,,unmatched,
data/images/micro/Ongokea_gore/Tw26907_Tv_2_5x_2.jpg,Ongokea_gore/Tw26907_Tv_2_5x_2.jpg,micro_congo,micro,transversal_semi_thin_section,Ongokea gore,Ongokea,,Tw26907,micro_congo:Ongokea_gore/Tw26907_Tv_2_5x_2,,Ongokea gore,Ongokea gore,,,,,unmatched,
data/images/micro/Ongokea_gore/Tw26907_Tv_2_5x_3.jpg,Ongokea_gore/Tw26907_Tv_2_5x_3.jpg,micro_congo,micro,transversal_semi_thin_section,Ongokea gore,Ongokea,,Tw26907,micro_congo:Ongokea_gore/Tw26907_Tv_2_5x_3,,Ongokea gore,Ongokea gore,,,,,unmatched,
data/images/micro/Ongokea_gore/Tw824_Tv_2_5x_1.jpg,Ongokea_gore/Tw824_Tv_2_5x_1.jpg,micro_congo,micro,transversal_semi_thin_section,Ongokea gore,Ongokea,,Tw824,micro_congo:Ongokea_gore/Tw824_Tv_2_5x_1,,Ongokea gore,Ongokea gore,,,,,unmatched,
data/images/micro/Pentaclethra_eetveldeana/Tw4834_p_eetveldeana_Tr2_2_5x.jpg,Pentaclethra_eetveldeana/Tw4834_p_eetveldeana_Tr2_2_5x.jpg,micro_congo,micro,transversal_semi_thin_section,Pentaclethra eetveldeana,Pentaclethra,,Tw4834,micro_congo:Pentaclethra_eetveldeana/Tw4834_p_eetveldeana_Tr2_2_5x,,Pentaclethra eetveldeana,Pentaclethra eetveldeana,,,,,unmatched,
data/images/micro/Pentaclethra_eetveldeana/Tw4834_p_eetveldeana_Tr3_2_5x.jpg,Pentaclethra_eetveldeana/Tw4834_p_eetveldeana_Tr3_2_5x.jpg,micro_congo,micro,transversal_semi_thin_section,Pentaclethra eetveldeana,Pentaclethra,,Tw4834,micro_congo:Pentaclethra_eetveldeana/Tw4834_p_eetveldeana_Tr3_2_5x,,Pentaclethra eetveldeana,Pentaclethra eetveldeana,,,,,unmatched,
data/images/micro/Pentaclethra_eetveldeana/Tw4834_p_eetveldeana_Tr4_2_5x.jpg,Pentaclethra_eetveldeana/Tw4834_p_eetveldeana_Tr4_2_5x.jpg,micro_congo,micro,transversal_semi_thin_section,Pentaclethra eetveldeana,Pentaclethra,,Tw4834,micro_congo:Pentaclethra_eetveldeana/Tw4834_p_eetveldeana_Tr4_2_5x,,Pentaclethra eetveldeana,Pentaclethra eetveldeana,,,,,unmatched,
data/images/micro/Pentaclethra_eetveldeana/Tw4834_p_eetveldeana_Tr_2_5x.jpg,Pentaclethra_eetveldeana/Tw4834_p_eetveldeana_Tr_2_5x.jpg,micro_congo,micro,transversal_semi_thin_section,Pentaclethra eetveldeana,Pentaclethra,,Tw4834,micro_congo:Pentaclethra_eetveldeana/Tw4834_p_eetveldeana_Tr_2_5x,,Pentaclethra eetveldeana,Pentaclethra eetveldeana,,,,,unmatched,
data/images/micro/Pentaclethra_eetveldeana/Tw7466_p_eetveldeana_Tr2_2_5x.jpg,Pentaclethra_eetveldeana/Tw7466_p_eetveldeana_Tr2_2_5x.jpg,micro_congo,micro,transversal_semi_thin_section,Pentaclethra eetveldeana,Pentaclethra,,Tw7466,micro_congo:Pentaclethra_eetveldeana/Tw7466_p_eetveldeana_Tr2_2_5x,,Pentaclethra eetveldeana,Pentaclethra eetveldeana,,,,,unmatched,
data/images/micro/Pentaclethra_eetveldeana/Tw7466_p_eetveldeana_Tr3_2_5x.jpg,Pentaclethra_eetveldeana/Tw7466_p_eetveldeana_Tr3_2_5x.jpg,micro_congo,micro,transversal_semi_thin_section,Pentaclethra eetveldeana,Pentaclethra,,Tw7466,micro_congo:Pentaclethra_eetveldeana/Tw7466_p_eetveldeana_Tr3_2_5x,,Pentaclethra eetveldeana,Pentaclethra eetveldeana,,,,,unmatched,
data/images/micro/Pentaclethra_eetveldeana/Tw7466_p_eetveldeana_Tr_2_5x.jpg,Pentaclethra_eetveldeana/Tw7466_p_eetveldeana_Tr_2_5x.jpg,micro_congo,micro,transversal_semi_thin_section,Pentaclethra eetveldeana,Pentaclethra,,Tw7466,micro_congo:Pentaclethra_eetveldeana/Tw7466_p_eetveldeana_Tr_2_5x,,Pentaclethra eetveldeana,Pentaclethra eetveldeana,,,,,unmatched,
data/images/micro/Pentaclethra_eetveldeana/Tw76_p_eetveldeana_Tr2_2_5x.jpg,Pentaclethra_eetveldeana/Tw76_p_eetveldeana_Tr2_2_5x.jpg,micro_congo,micro,transversal_semi_thin_section,Pentaclethra eetveldeana,Pentaclethra,,Tw76,micro_congo:Pentaclethra_eetveldeana/Tw76_p_eetveldeana_Tr2_2_5x,,Pentaclethra eetveldeana,Pentaclethra eetveldeana,,,,,unmatched,
data/images/micro/Pentaclethra_eetveldeana/Tw76_p_eetveldeana_Tr3_2_5x.jpg,Pentaclethra_eetveldeana/Tw76_p_eetveldeana_Tr3_2_5x.jpg,micro_congo,micro,transversal_semi_thin_section,Pentaclethra eetveldeana,Pentaclethra,,Tw76,micro_congo:Pentaclethra_eetveldeana/Tw76_p_eetveldeana_Tr3_2_5x,,Pentaclethra eetveldeana,Pentaclethra eetveldeana,,,,,unmatched,
data/images/micro/Pentaclethra_eetveldeana/Tw76_p_eetveldeana_Tr4_2_5x.jpg,Pentaclethra_eetveldeana/Tw76_p_eetveldeana_Tr4_2_5x.jpg,micro_congo,micro,transversal_semi_thin_section,Pentaclethra eetveldeana,Pentaclethra,,Tw76,micro_congo:Pentaclethra_eetveldeana/Tw76_p_eetveldeana_Tr4_2_5x,,Pentaclethra eetveldeana,Pentaclethra eetveldeana,,,,,unmatched,
data/images/micro/Pentaclethra_eetveldeana/Tw76_p_eetveldeana_Tr_2_5x.jpg,Pentaclethra_eetveldeana/Tw76_p_eetveldeana_Tr_2_5x.jpg,micro_congo,micro,transversal_semi_thin_section,Pentaclethra eetveldeana,Pentaclethra,,Tw76,micro_congo:Pentaclethra_eetveldeana/Tw76_p_eetveldeana_Tr_2_5x,,Pentaclethra eetveldeana,Pentaclethra eetveldeana,,,,,unmatched,
data/images/micro/Pentaclethra_eetveldeana/Tw800_p_eetveldeana_Tr2_2_5x.jpg,Pentaclethra_eetveldeana/Tw800_p_eetveldeana_Tr2_2_5x.jpg,micro_congo,micro,transversal_semi_thin_section,Pentaclethra eetveldeana,Pentaclethra,,Tw800,micro_congo:Pentaclethra_eetveldeana/Tw800_p_eetveldeana_Tr2_2_5x,,Pentaclethra eetveldeana,Pentaclethra eetveldeana,,,,,unmatched,
data/images/micro/Pentaclethra_eetveldeana/Tw800_p_eetveldeana_Tr3_2_5x.jpg,Pentaclethra_eetveldeana/Tw800_p_eetveldeana_Tr3_2_5x.jpg,micro_congo,micro,transversal_semi_thin_section,Pentaclethra eetveldeana,Pentaclethra,,Tw800,micro_congo:Pentaclethra_eetveldeana/Tw800_p_eetveldeana_Tr3_2_5x,,Pentaclethra eetveldeana,Pentaclethra eetveldeana,,,,,unmatched,
data/images/micro/Pentaclethra_eetveldeana/Tw800_p_eetveldeana_Tr_2_5x.jpg,Pentaclethra_eetveldeana/Tw800_p_eetveldeana_Tr_2_5x.jpg,micro_congo,micro,transversal_semi_thin_section,Pentaclethra eetveldeana,Pentaclethra,,Tw800,micro_congo:Pentaclethra_eetveldeana/Tw800_p_eetveldeana_Tr_2_5x,,Pentaclethra eetveldeana,Pentaclethra eetveldeana,,,,,unmatched,
data/images/micro/Pentaclethra_macrophylla/Tw1458_p_macrophylla_Tr2_2_5x.jpg,Pentaclethra_macrophylla/Tw1458_p_macrophylla_Tr2_2_5x.jpg,micro_congo,micro,transversal_semi_thin_section,Pentaclethra macrophylla,Pentaclethra,,Tw1458,micro_congo:Pentaclethra_macrophylla/Tw1458_p_macrophylla_Tr2_2_5x,,Pentaclethra macrophylla,Pentaclethra macrophylla,,,,,unmatched,
data/images/micro/Pentaclethra_macrophylla/Tw1458_p_macrophylla_Tr3_2_5x.jpg,Pentaclethra_macrophylla/Tw1458_p_macrophylla_Tr3_2_5x.jpg,micro_congo,micro,transversal_semi_thin_section,Pentaclethra macrophylla,Pentaclethra,,Tw1458,micro_congo:Pentaclethra_macrophylla/Tw1458_p_macrophylla_Tr3_2_5x,,Pentaclethra macrophylla,Pentaclethra macrophylla,,,,,unmatched,
data/images/micro/Pentaclethra_macrophylla/Tw1458_p_macrophylla_Tr4_2_5x.jpg,Pentaclethra_macrophylla/Tw1458_p_macrophylla_Tr4_2_5x.jpg,micro_congo,micro,transversal_semi_thin_section,Pentaclethra macrophylla,Pentaclethra,,Tw1458,micro_congo:Pentaclethra_macrophylla/Tw1458_p_macrophylla_Tr4_2_5x,,Pentaclethra macrophylla,Pentaclethra macrophylla,,,,,unmatched,
data/images/micro/Pentaclethra_macrophylla/Tw1458_p_macrophylla_Tr5_2_5x.jpg,Pentaclethra_macrophylla/Tw1458_p_macrophylla_Tr5_2_5x.jpg,micro_congo,micro,transversal_semi_thin_section,Pentaclethra macrophylla,Pentaclethra,,Tw1458,micro_congo:Pentaclethra_macrophylla/Tw1458_p_macrophylla_Tr5_2_5x,,Pentaclethra macrophylla,Pentaclethra macrophylla,,,,,unmatched,
data/images/micro/Pentaclethra_macrophylla/Tw1458_p_macrophylla_Tr_2_5x.jpg,Pentaclethra_macrophylla/Tw1458_p_macrophylla_Tr_2_5x.jpg,micro_congo,micro,transversal_semi_thin_section,Pentaclethra macrophylla,Pentaclethra,,Tw1458,micro_congo:Pentaclethra_macrophylla/Tw1458_p_macrophylla_Tr_2_5x,,Pentaclethra macrophylla,Pentaclethra macrophylla,,,,,unmatched,
data/images/micro/Pentaclethra_macrophylla/Tw1851_p_macrophylla_Tr2_2_5x.jpg,Pentaclethra_macrophylla/Tw1851_p_macrophylla_Tr2_2_5x.jpg,micro_congo,micro,transversal_semi_thin_section,Pentaclethra macrophylla,Pentaclethra,,Tw1851,micro_congo:Pentaclethra_macrophylla/Tw1851_p_macrophylla_Tr2_2_5x,,Pentaclethra macrophylla,Pentaclethra macrophylla,,,,,unmatched,
data/images/micro/Pentaclethra_macrophylla/Tw1851_p_macrophylla_Tr3_2_5x.jpg,Pentaclethra_macrophylla/Tw1851_p_macrophylla_Tr3_2_5x.jpg,micro_congo,micro,transversal_semi_thin_section,Pentaclethra macrophylla,Pentaclethra,,Tw1851,micro_congo:Pentaclethra_macrophylla/Tw1851_p_macrophylla_Tr3_2_5x,,Pentaclethra macrophylla,Pentaclethra macrophylla,,,,,unmatched,
data/images/micro/Pentaclethra_macrophylla/Tw1851_p_macrophylla_Tr_2_5x.jpg,Pentaclethra_macrophylla/Tw1851_p_macrophylla_Tr_2_5x.jpg,micro_congo,micro,transversal_semi_thin_section,Pentaclethra macrophylla,Pentaclethra,,Tw1851,micro_congo:Pentaclethra_macrophylla/Tw1851_p_macrophylla_Tr_2_5x,,Pentaclethra macrophylla,Pentaclethra macrophylla,,,,,unmatched,
data/images/micro/Pentaclethra_macrophylla/Tw3946_p_macrophylla_Tr2_2_5x.jpg,Pentaclethra_macrophylla/Tw3946_p_macrophylla_Tr2_2_5x.jpg,micro_congo,micro,transversal_semi_thin_section,Pentaclethra macrophylla,Pentaclethra,,Tw3946,micro_congo:Pentaclethra_macrophylla/Tw3946_p_macrophylla_Tr2_2_5x,,Pentaclethra macrophylla,Pentaclethra macrophylla,,,,,unmatched,
data/images/micro/Pentaclethra_macrophylla/Tw3946_p_macrophylla_Tr3_2_5x.jpg,Pentaclethra_macrophylla/Tw3946_p_macrophylla_Tr3_2_5x.jpg,micro_congo,micro,transversal_semi_thin_section,Pentaclethra macrophylla,Pentaclethra,,Tw3946,micro_congo:Pentaclethra_macrophylla/Tw3946_p_macrophylla_Tr3_2_5x,,Pentaclethra macrophylla,Pentaclethra macrophylla,,,,,unmatched,
data/images/micro/Pentaclethra_macrophylla/Tw3946_p_macrophylla_Tr4_2_5x.jpg,Pentaclethra_macrophylla/Tw3946_p_macrophylla_Tr4_2_5x.jpg,micro_congo,micro,transversal_semi_thin_section,Pentaclethra macrophylla,Pentaclethra,,Tw3946,micro_congo:Pentaclethra_macrophylla/Tw3946_p_macrophylla_Tr4_2_5x,,Pentaclethra macrophylla,Pentaclethra macrophylla,,,,,unmatched,
data/images/micro/Pentaclethra_macrophylla/Tw3946_p_macrophylla_Tr5_2_5x.jpg,Pentaclethra_macrophylla/Tw3946_p_macrophylla_Tr5_2_5x.jpg,micro_congo,micro,transversal_semi_thin_section,Pentaclethra macrophylla,Pentaclethra,,Tw3946,micro_congo:Pentaclethra_macrophylla/Tw3946_p_macrophylla_Tr5_2_5x,,Pentaclethra macrophylla,Pentaclethra macrophylla,,,,,unmatched,
data/images/micro/Pentaclethra_macrophylla/Tw3946_p_macrophylla_Tr_2_5x.jpg,Pentaclethra_macrophylla/Tw3946_p_macrophylla_Tr_2_5x.jpg,micro_congo,micro,transversal_semi_thin_section,Pentaclethra macrophylla,Pentaclethra,,Tw3946,micro_congo:Pentaclethra_macrophylla/Tw3946_p_macrophylla_Tr_2_5x,,Pentaclethra macrophylla,Pentaclethra macrophylla,,,,,unmatched,
data/images/micro/Pentaclethra_macrophylla/Tw5153_p_macrophylla_Tr2_2_5x.jpg,Pentaclethra_macrophylla/Tw5153_p_macrophylla_Tr2_2_5x.jpg,micro_congo,micro,transversal_semi_thin_section,Pentaclethra macrophylla,Pentaclethra,,Tw5153,micro_congo:Pentaclethra_macrophylla/Tw5153_p_macrophylla_Tr2_2_5x,,Pentaclethra macrophylla,Pentaclethra macrophylla,,,,,unmatched,
data/images/micro/Pentaclethra_macrophylla/Tw5153_p_macrophylla_Tr3_2_5x.jpg,Pentaclethra_macrophylla/Tw5153_p_macrophylla_Tr3_2_5x.jpg,micro_congo,micro,transversal_semi_thin_section,Pentaclethra macrophylla,Pentaclethra,,Tw5153,micro_congo:Pentaclethra_macrophylla/Tw5153_p_macrophylla_Tr3_2_5x,,Pentaclethra macrophylla,Pentaclethra macrophylla,,,,,unmatched,
data/images/micro/Pentaclethra_macrophylla/Tw5153_p_macrophylla_Tr4_2_5x.jpg,Pentaclethra_macrophylla/Tw5153_p_macrophylla_Tr4_2_5x.jpg,micro_congo,micro,transversal_semi_thin_section,Pentaclethra macrophylla,Pentaclethra,,Tw5153,micro_congo:Pentaclethra_macrophylla/Tw5153_p_macrophylla_Tr4_2_5x,,Pentaclethra macrophylla,Pentaclethra macrophylla,,,,,unmatched,
data/images/micro/Pentaclethra_macrophylla/Tw5153_p_macrophylla_Tr_2_5x.jpg,Pentaclethra_macrophylla/Tw5153_p_macrophylla_Tr_2_5x.jpg,micro_congo,micro,transversal_semi_thin_section,Pentaclethra macrophylla,Pentaclethra,,Tw5153,micro_congo:Pentaclethra_macrophylla/Tw5153_p_macrophylla_Tr_2_5x,,Pentaclethra macrophylla,Pentaclethra macrophylla,,,,,unmatched,
data/images/micro/Pentaclethra_macrophylla/Tw7357_p_macrophylla_Tr2_2_5x.jpg,Pentaclethra_macrophylla/Tw7357_p_macrophylla_Tr2_2_5x.jpg,micro_congo,micro,transversal_semi_thin_section,Pentaclethra macrophylla,Pentaclethra,,Tw7357,micro_congo:Pentaclethra_macrophylla/Tw7357_p_macrophylla_Tr2_2_5x,,Pentaclethra macrophylla,Pentaclethra macrophylla,,,,,unmatched,
data/images/micro/Pentaclethra_macrophylla/Tw7357_p_macrophylla_Tr3_2_5x.jpg,Pentaclethra_macrophylla/Tw7357_p_macrophylla_Tr3_2_5x.jpg,micro_congo,micro,transversal_semi_thin_section,Pentaclethra macrophylla,Pentaclethra,,Tw7357,micro_congo:Pentaclethra_macrophylla/Tw7357_p_macrophylla_Tr3_2_5x,,Pentaclethra macrophylla,Pentaclethra macrophylla,,,,,unmatched,
data/images/micro/Pentaclethra_macrophylla/Tw7357_p_macrophylla_Tr_2_5x.jpg,Pentaclethra_macrophylla/Tw7357_p_macrophylla_Tr_2_5x.jpg,micro_congo,micro,transversal_semi_thin_section,Pentaclethra macrophylla,Pentaclethra,,Tw7357,micro_congo:Pentaclethra_macrophylla/Tw7357_p_macrophylla_Tr_2_5x,,Pentaclethra macrophylla,Pentaclethra macrophylla,,,,,unmatched,
data/images/micro/Pouteria_aningeri/Tw14523_Tv_2_5x_1.jpg,Pouteria_aningeri/Tw14523_Tv_2_5x_1.jpg,micro_congo,micro,transversal_semi_thin_section,Pouteria aningeri,Pouteria,,Tw14523,micro_congo:Pouteria_aningeri/Tw14523_Tv_2_5x_1,,Pouteria aningeri,Pouteria aningeri,,,,,unmatched,
data/images/micro/Pouteria_aningeri/Tw14523_Tv_2_5x_2.jpg,Pouteria_aningeri/Tw14523_Tv_2_5x_2.jpg,micro_congo,micro,transversal_semi_thin_section,Pouteria aningeri,Pouteria,,Tw14523,micro_congo:Pouteria_aningeri/Tw14523_Tv_2_5x_2,,Pouteria aningeri,Pouteria aningeri,,,,,unmatched,
data/images/micro/Pouteria_aningeri/Tw14523_Tv_2_5x_3.jpg,Pouteria_aningeri/Tw14523_Tv_2_5x_3.jpg,micro_congo,micro,transversal_semi_thin_section,Pouteria aningeri,Pouteria,,Tw14523,micro_congo:Pouteria_aningeri/Tw14523_Tv_2_5x_3,,Pouteria aningeri,Pouteria aningeri,,,,,unmatched,
data/images/micro/Pouteria_aningeri/Tw14523_Tv_2_5x_4.jpg,Pouteria_aningeri/Tw14523_Tv_2_5x_4.jpg,micro_congo,micro,transversal_semi_thin_section,Pouteria aningeri,Pouteria,,Tw14523,micro_congo:Pouteria_aningeri/Tw14523_Tv_2_5x_4,,Pouteria aningeri,Pouteria aningeri,,,,,unmatched,
data/images/micro/Pouteria_aningeri/Tw24009_Tv_2_5x_1.jpg,Pouteria_aningeri/Tw24009_Tv_2_5x_1.jpg,micro_congo,micro,transversal_semi_thin_section,Pouteria aningeri,Pouteria,,Tw24009,micro_congo:Pouteria_aningeri/Tw24009_Tv_2_5x_1,,Pouteria aningeri,Pouteria aningeri,,,,,unmatched,
data/images/micro/Pouteria_aningeri/Tw24009_Tv_2_5x_2.jpg,Pouteria_aningeri/Tw24009_Tv_2_5x_2.jpg,micro_congo,micro,transversal_semi_thin_section,Pouteria aningeri,Pouteria,,Tw24009,micro_congo:Pouteria_aningeri/Tw24009_Tv_2_5x_2,,Pouteria aningeri,Pouteria aningeri,,,,,unmatched,
data/images/micro/Pouteria_aningeri/Tw24009_Tv_2_5x_3.jpg,Pouteria_aningeri/Tw24009_Tv_2_5x_3.jpg,micro_congo,micro,transversal_semi_thin_section,Pouteria aningeri,Pouteria,,Tw24009,micro_congo:Pouteria_aningeri/Tw24009_Tv_2_5x_3,,Pouteria aningeri,Pouteria aningeri,,,,,unmatched,
data/images/micro/Pouteria_aningeri/Tw29934_Tv_2_5x_1.jpg,Pouteria_aningeri/Tw29934_Tv_2_5x_1.jpg,micro_congo,micro,transversal_semi_thin_section,Pouteria aningeri,Pouteria,,Tw29934,micro_congo:Pouteria_aningeri/Tw29934_Tv_2_5x_1,,Pouteria aningeri,Pouteria aningeri,,,,,unmatched,
data/images/micro/Pouteria_aningeri/Tw29934_Tv_2_5x_2.jpg,Pouteria_aningeri/Tw29934_Tv_2_5x_2.jpg,micro_congo,micro,transversal_semi_thin_section,Pouteria aningeri,Pouteria,,Tw29934,micro_congo:Pouteria_aningeri/Tw29934_Tv_2_5x_2,,Pouteria aningeri,Pouteria aningeri,,,,,unmatched,
data/images/micro/Pouteria_aningeri/Tw29934_Tv_2_5x_3.jpg,Pouteria_aningeri/Tw29934_Tv_2_5x_3.jpg,micro_congo,micro,transversal_semi_thin_section,Pouteria aningeri,Pouteria,,Tw29934,micro_congo:Pouteria_aningeri/Tw29934_Tv_2_5x_3,,Pouteria aningeri,Pouteria aningeri,,,,,unmatched,
data/images/micro/Pouteria_aningeri/Tw29934_Tv_2_5x_4.jpg,Pouteria_aningeri/Tw29934_Tv_2_5x_4.jpg,micro_congo,micro,transversal_semi_thin_section,Pouteria aningeri,Pouteria,,Tw29934,micro_congo:Pouteria_aningeri/Tw29934_Tv_2_5x_4,,Pouteria aningeri,Pouteria aningeri,,,,,unmatched,
data/images/micro/Pouteria_aningeri/Tw29934_Tv_2_5x_5.jpg,Pouteria_aningeri/Tw29934_Tv_2_5x_5.jpg,micro_congo,micro,transversal_semi_thin_section,Pouteria aningeri,Pouteria,,Tw29934,micro_congo:Pouteria_aningeri/Tw29934_Tv_2_5x_5,,Pouteria aningeri,Pouteria aningeri,,,,,unmatched,
"data/images/micro/Pouteria_aningeri/Tw7694_A_robusta_TR_2,5x.jpg","Pouteria_aningeri/Tw7694_A_robusta_TR_2,5x.jpg",micro_congo,micro,transversal_semi_thin_section,Pouteria aningeri,Pouteria,,Tw7694,"micro_congo:Pouteria_aningeri/Tw7694_A_robusta_TR_2,5x",,Pouteria aningeri,Pouteria aningeri,,,,,unmatched,
"data/images/micro/Pouteria_aningeri/Tw7694_A_robusta_TR_cernesb_2,5x.jpg","Pouteria_aningeri/Tw7694_A_robusta_TR_cernesb_2,5x.jpg",micro_congo,micro,transversal_semi_thin_section,Pouteria aningeri,Pouteria,,Tw7694,"micro_congo:Pouteria_aningeri/Tw7694_A_robusta_TR_cernesb_2,5x",,Pouteria aningeri,Pouteria aningeri,,,,,unmatched,
"data/images/micro/Pouteria_aningeri/Tw7694_A_robusta_TR_transition_2,5x.jpg","Pouteria_aningeri/Tw7694_A_robusta_TR_transition_2,5x.jpg",micro_congo,micro,transversal_semi_thin_section,Pouteria aningeri,Pouteria,,Tw7694,"micro_congo:Pouteria_aningeri/Tw7694_A_robusta_TR_transition_2,5x",,Pouteria aningeri,Pouteria aningeri,,,,,unmatched,
data/images/micro/Prioria_balsamifera/Prioria_balsamifera009.jpg,Prioria_balsamifera/Prioria_balsamifera009.jpg,micro_congo,micro,transversal_semi_thin_section,Prioria balsamifera,Prioria,,Prioria_balsamifera009,micro_congo:Prioria_balsamifera/Prioria_balsamifera009,,Prioria balsamifera,Prioria balsamifera,,,,,unmatched,
data/images/micro/Prioria_balsamifera/Prioria_balsamifera010.jpg,Prioria_balsamifera/Prioria_balsamifera010.jpg,micro_congo,micro,transversal_semi_thin_section,Prioria balsamifera,Prioria,,Prioria_balsamifera010,micro_congo:Prioria_balsamifera/Prioria_balsamifera010,,Prioria balsamifera,Prioria balsamifera,,,,,unmatched,
data/images/micro/Prioria_balsamifera/Prioria_balsamifera011.jpg,Prioria_balsamifera/Prioria_balsamifera011.jpg,micro_congo,micro,transversal_semi_thin_section,Prioria balsamifera,Prioria,,Prioria_balsamifera011,micro_congo:Prioria_balsamifera/Prioria_balsamifera011,,Prioria balsamifera,Prioria balsamifera,,,,,unmatched,
data/images/micro/Prioria_balsamifera/Prioria_balsamifera41.jpg,Prioria_balsamifera/Prioria_balsamifera41.jpg,micro_congo,micro,transversal_semi_thin_section,Prioria balsamifera,Prioria,,Prioria_balsamifera41,micro_congo:Prioria_balsamifera/Prioria_balsamifera41,,Prioria balsamifera,Prioria balsamifera,,,,,unmatched,
data/images/micro/Prioria_balsamifera/Prioria_balsamifera42.jpg,Prioria_balsamifera/Prioria_balsamifera42.jpg,micro_congo,micro,transversal_semi_thin_section,Prioria balsamifera,Prioria,,Prioria_balsamifera42,micro_congo:Prioria_balsamifera/Prioria_balsamifera42,,Prioria balsamifera,Prioria balsamifera,,,,,unmatched,
data/images/micro/Prioria_balsamifera/Prioria_balsamifera43.jpg,Prioria_balsamifera/Prioria_balsamifera43.jpg,micro_congo,micro,transversal_semi_thin_section,Prioria balsamifera,Prioria,,Prioria_balsamifera43,micro_congo:Prioria_balsamifera/Prioria_balsamifera43,,Prioria balsamifera,Prioria balsamifera,,,,,unmatched,
data/images/micro/Prioria_balsamifera/Prioria_balsamifera44.jpg,Prioria_balsamifera/Prioria_balsamifera44.jpg,micro_congo,micro,transversal_semi_thin_section,Prioria balsamifera,Prioria,,Prioria_balsamifera44,micro_congo:Prioria_balsamifera/Prioria_balsamifera44,,Prioria balsamifera,Prioria balsamifera,,,,,unmatched,
data/images/micro/Prioria_balsamifera/Tw1042_Tv_2_5x_1.jpg,Prioria_balsamifera/Tw1042_Tv_2_5x_1.jpg,micro_congo,micro,transversal_semi_thin_section,Prioria balsamifera,Prioria,,Tw1042,micro_congo:Prioria_balsamifera/Tw1042_Tv_2_5x_1,,Prioria balsamifera,Prioria balsamifera,,,,,unmatched,
data/images/micro/Prioria_balsamifera/Tw1042_Tv_2_5x_2.jpg,Prioria_balsamifera/Tw1042_Tv_2_5x_2.jpg,micro_congo,micro,transversal_semi_thin_section,Prioria balsamifera,Prioria,,Tw1042,micro_congo:Prioria_balsamifera/Tw1042_Tv_2_5x_2,,Prioria balsamifera,Prioria balsamifera,,,,,unmatched,
data/images/micro/Prioria_balsamifera/Tw1042_Tv_2_5x_3.jpg,Prioria_balsamifera/Tw1042_Tv_2_5x_3.jpg,micro_congo,micro,transversal_semi_thin_section,Prioria balsamifera,Prioria,,Tw1042,micro_congo:Prioria_balsamifera/Tw1042_Tv_2_5x_3,,Prioria balsamifera,Prioria balsamifera,,,,,unmatched,
data/images/micro/Prioria_balsamifera/Tw1296_Tv_2_5x_1.jpg,Prioria_balsamifera/Tw1296_Tv_2_5x_1.jpg,micro_congo,micro,transversal_semi_thin_section,Prioria balsamifera,Prioria,,Tw1296,micro_congo:Prioria_balsamifera/Tw1296_Tv_2_5x_1,,Prioria balsamifera,Prioria balsamifera,,,,,unmatched,
data/images/micro/Prioria_balsamifera/Tw1296_Tv_2_5x_2.jpg,Prioria_balsamifera/Tw1296_Tv_2_5x_2.jpg,micro_congo,micro,transversal_semi_thin_section,Prioria balsamifera,Prioria,,Tw1296,micro_congo:Prioria_balsamifera/Tw1296_Tv_2_5x_2,,Prioria balsamifera,Prioria balsamifera,,,,,unmatched,
data/images/micro/Prioria_balsamifera/Tw1296_Tv_2_5x_3.jpg,Prioria_balsamifera/Tw1296_Tv_2_5x_3.jpg,micro_congo,micro,transversal_semi_thin_section,Prioria balsamifera,Prioria,,Tw1296,micro_congo:Prioria_balsamifera/Tw1296_Tv_2_5x_3,,Prioria balsamifera,Prioria balsamifera,,,,,unmatched,
data/images/micro/Prioria_balsamifera/Tw1417_Tv_2_5x_1.jpg,Prioria_balsamifera/Tw1417_Tv_2_5x_1.jpg,micro_congo,micro,transversal_semi_thin_section,Prioria balsamifera,Prioria,,Tw1417,micro_congo:Prioria_balsamifera/Tw1417_Tv_2_5x_1,,Prioria balsamifera,Prioria balsamifera,,,,,unmatched,
data/images/micro/Prioria_balsamifera/Tw1417_Tv_2_5x_2.jpg,Prioria_balsamifera/Tw1417_Tv_2_5x_2.jpg,micro_congo,micro,transversal_semi_thin_section,Prioria balsamifera,Prioria,,Tw1417,micro_congo:Prioria_balsamifera/Tw1417_Tv_2_5x_2,,Prioria balsamifera,Prioria balsamifera,,,,,unmatched,
data/images/micro/Prioria_balsamifera/Tw1417_Tv_2_5x_3.jpg,Prioria_balsamifera/Tw1417_Tv_2_5x_3.jpg,micro_congo,micro,transversal_semi_thin_section,Prioria balsamifera,Prioria,,Tw1417,micro_congo:Prioria_balsamifera/Tw1417_Tv_2_5x_3,,Prioria balsamifera,Prioria balsamifera,,,,,unmatched,
data/images/micro/Prioria_balsamifera/Tw265_Tv_2_5x_1.jpg,Prioria_balsamifera/Tw265_Tv_2_5x_1.jpg,micro_congo,micro,transversal_semi_thin_section,Prioria balsamifera,Prioria,,Tw265,micro_congo:Prioria_balsamifera/Tw265_Tv_2_5x_1,,Prioria balsamifera,Prioria balsamifera,,,,,unmatched,
data/images/micro/Prioria_balsamifera/Tw265_Tv_2_5x_2.jpg,Prioria_balsamifera/Tw265_Tv_2_5x_2.jpg,micro_congo,micro,transversal_semi_thin_section,Prioria balsamifera,Prioria,,Tw265,micro_congo:Prioria_balsamifera/Tw265_Tv_2_5x_2,,Prioria balsamifera,Prioria balsamifera,,,,,unmatched,
data/images/micro/Prioria_balsamifera/Tw265_Tv_2_5x_3.jpg,Prioria_balsamifera/Tw265_Tv_2_5x_3.jpg,micro_congo,micro,transversal_semi_thin_section,Prioria balsamifera,Prioria,,Tw265,micro_congo:Prioria_balsamifera/Tw265_Tv_2_5x_3,,Prioria balsamifera,Prioria balsamifera,,,,,unmatched,
data/images/micro/Prioria_balsamifera/Tw5250_Tv_2_5x_1.jpg,Prioria_balsamifera/Tw5250_Tv_2_5x_1.jpg,micro_congo,micro,transversal_semi_thin_section,Prioria balsamifera,Prioria,,Tw5250,micro_congo:Prioria_balsamifera/Tw5250_Tv_2_5x_1,,Prioria balsamifera,Prioria balsamifera,,,,,unmatched,
data/images/micro/Prioria_balsamifera/Tw5250_Tv_2_5x_2.jpg,Prioria_balsamifera/Tw5250_Tv_2_5x_2.jpg,micro_congo,micro,transversal_semi_thin_section,Prioria balsamifera,Prioria,,Tw5250,micro_congo:Prioria_balsamifera/Tw5250_Tv_2_5x_2,,Prioria balsamifera,Prioria balsamifera,,,,,unmatched,
data/images/micro/Prioria_balsamifera/Tw5250_Tv_2_5x_3.jpg,Prioria_balsamifera/Tw5250_Tv_2_5x_3.jpg,micro_congo,micro,transversal_semi_thin_section,Prioria balsamifera,Prioria,,Tw5250,micro_congo:Prioria_balsamifera/Tw5250_Tv_2_5x_3,,Prioria balsamifera,Prioria balsamifera,,,,,unmatched,
data/images/micro/Prioria_oxyphylla/Prioria_oxyphylla029.jpg,Prioria_oxyphylla/Prioria_oxyphylla029.jpg,micro_congo,micro,transversal_semi_thin_section,Prioria oxyphylla,Prioria,,Prioria_oxyphylla029,micro_congo:Prioria_oxyphylla/Prioria_oxyphylla029,,Prioria oxyphylla,Prioria oxyphylla,,,,,unmatched,
data/images/micro/Prioria_oxyphylla/Prioria_oxyphylla030.jpg,Prioria_oxyphylla/Prioria_oxyphylla030.jpg,micro_congo,micro,transversal_semi_thin_section,Prioria oxyphylla,Prioria,,Prioria_oxyphylla030,micro_congo:Prioria_oxyphylla/Prioria_oxyphylla030,,Prioria oxyphylla,Prioria oxyphylla,,,,,unmatched,
data/images/micro/Prioria_oxyphylla/Prioria_oxyphylla031.jpg,Prioria_oxyphylla/Prioria_oxyphylla031.jpg,micro_congo,micro,transversal_semi_thin_section,Prioria oxyphylla,Prioria,,Prioria_oxyphylla031,micro_congo:Prioria_oxyphylla/Prioria_oxyphylla031,,Prioria oxyphylla,Prioria oxyphylla,,,,,unmatched,
data/images/micro/Prioria_oxyphylla/Prioria_oxyphylla032.jpg,Prioria_oxyphylla/Prioria_oxyphylla032.jpg,micro_congo,micro,transversal_semi_thin_section,Prioria oxyphylla,Prioria,,Prioria_oxyphylla032,micro_congo:Prioria_oxyphylla/Prioria_oxyphylla032,,Prioria oxyphylla,Prioria oxyphylla,,,,,unmatched,
data/images/micro/Prioria_oxyphylla/Tw1063_Tv_2_5x_1.jpg,Prioria_oxyphylla/Tw1063_Tv_2_5x_1.jpg,micro_congo,micro,transversal_semi_thin_section,Prioria oxyphylla,Prioria,,Tw1063,micro_congo:Prioria_oxyphylla/Tw1063_Tv_2_5x_1,,Prioria oxyphylla,Prioria oxyphylla,,,,,unmatched,
data/images/micro/Prioria_oxyphylla/Tw1063_Tv_2_5x_2.jpg,Prioria_oxyphylla/Tw1063_Tv_2_5x_2.jpg,micro_congo,micro,transversal_semi_thin_section,Prioria oxyphylla,Prioria,,Tw1063,micro_congo:Prioria_oxyphylla/Tw1063_Tv_2_5x_2,,Prioria oxyphylla,Prioria oxyphylla,,,,,unmatched,
data/images/micro/Prioria_oxyphylla/Tw1063_Tv_2_5x_3.jpg,Prioria_oxyphylla/Tw1063_Tv_2_5x_3.jpg,micro_congo,micro,transversal_semi_thin_section,Prioria oxyphylla,Prioria,,Tw1063,micro_congo:Prioria_oxyphylla/Tw1063_Tv_2_5x_3,,Prioria oxyphylla,Prioria oxyphylla,,,,,unmatched,
data/images/micro/Prioria_oxyphylla/Tw1063_Tv_2_5x_4.jpg,Prioria_oxyphylla/Tw1063_Tv_2_5x_4.jpg,micro_congo,micro,transversal_semi_thin_section,Prioria oxyphylla,Prioria,,Tw1063,micro_congo:Prioria_oxyphylla/Tw1063_Tv_2_5x_4,,Prioria oxyphylla,Prioria oxyphylla,,,,,unmatched,
data/images/micro/Prioria_oxyphylla/Tw1467_Tv_2_5x_1.jpg,Prioria_oxyphylla/Tw1467_Tv_2_5x_1.jpg,micro_congo,micro,transversal_semi_thin_section,Prioria oxyphylla,Prioria,,Tw1467,micro_congo:Prioria_oxyphylla/Tw1467_Tv_2_5x_1,,Prioria oxyphylla,Prioria oxyphylla,,,,,unmatched,
data/images/micro/Prioria_oxyphylla/Tw1467_Tv_2_5x_2.jpg,Prioria_oxyphylla/Tw1467_Tv_2_5x_2.jpg,micro_congo,micro,transversal_semi_thin_section,Prioria oxyphylla,Prioria,,Tw1467,micro_congo:Prioria_oxyphylla/Tw1467_Tv_2_5x_2,,Prioria oxyphylla,Prioria oxyphylla,,,,,unmatched,
data/images/micro/Prioria_oxyphylla/Tw1467_Tv_2_5x_3.jpg,Prioria_oxyphylla/Tw1467_Tv_2_5x_3.jpg,micro_congo,micro,transversal_semi_thin_section,Prioria oxyphylla,Prioria,,Tw1467,micro_congo:Prioria_oxyphylla/Tw1467_Tv_2_5x_3,,Prioria oxyphylla,Prioria oxyphylla,,,,,unmatched,
data/images/micro/Prioria_oxyphylla/Tw1467_Tv_2_5x_4.jpg,Prioria_oxyphylla/Tw1467_Tv_2_5x_4.jpg,micro_congo,micro,transversal_semi_thin_section,Prioria oxyphylla,Prioria,,Tw1467,micro_congo:Prioria_oxyphylla/Tw1467_Tv_2_5x_4,,Prioria oxyphylla,Prioria oxyphylla,,,,,unmatched,
data/images/micro/Prioria_oxyphylla/Tw409_Tv_2_5x_1.jpg,Prioria_oxyphylla/Tw409_Tv_2_5x_1.jpg,micro_congo,micro,transversal_semi_thin_section,Prioria oxyphylla,Prioria,,Tw409,micro_congo:Prioria_oxyphylla/Tw409_Tv_2_5x_1,,Prioria oxyphylla,Prioria oxyphylla,,,,,unmatched,
data/images/micro/Prioria_oxyphylla/Tw409_Tv_2_5x_2.jpg,Prioria_oxyphylla/Tw409_Tv_2_5x_2.jpg,micro_congo,micro,transversal_semi_thin_section,Prioria oxyphylla,Prioria,,Tw409,micro_congo:Prioria_oxyphylla/Tw409_Tv_2_5x_2,,Prioria oxyphylla,Prioria oxyphylla,,,,,unmatched,
data/images/micro/Prioria_oxyphylla/Tw409_Tv_2_5x_3.jpg,Prioria_oxyphylla/Tw409_Tv_2_5x_3.jpg,micro_congo,micro,transversal_semi_thin_section,Prioria oxyphylla,Prioria,,Tw409,micro_congo:Prioria_oxyphylla/Tw409_Tv_2_5x_3,,Prioria oxyphylla,Prioria oxyphylla,,,,,unmatched,
data/images/micro/Prioria_oxyphylla/Tw436_Tv_2_5x_1.jpg,Prioria_oxyphylla/Tw436_Tv_2_5x_1.jpg,micro_congo,micro,transversal_semi_thin_section,Prioria oxyphylla,Prioria,,Tw436,micro_congo:Prioria_oxyphylla/Tw436_Tv_2_5x_1,,Prioria oxyphylla,Prioria oxyphylla,,,,,unmatched,
data/images/micro/Prioria_oxyphylla/Tw436_Tv_2_5x_2.jpg,Prioria_oxyphylla/Tw436_Tv_2_5x_2.jpg,micro_congo,micro,transversal_semi_thin_section,Prioria oxyphylla,Prioria,,Tw436,micro_congo:Prioria_oxyphylla/Tw436_Tv_2_5x_2,,Prioria oxyphylla,Prioria oxyphylla,,,,,unmatched,
data/images/micro/Prioria_oxyphylla/Tw436_Tv_2_5x_3.jpg,Prioria_oxyphylla/Tw436_Tv_2_5x_3.jpg,micro_congo,micro,transversal_semi_thin_section,Prioria oxyphylla,Prioria,,Tw436,micro_congo:Prioria_oxyphylla/Tw436_Tv_2_5x_3,,Prioria oxyphylla,Prioria oxyphylla,,,,,unmatched,
data/images/micro/Prioria_oxyphylla/Tw52920_Tv_2_5x_1.jpg,Prioria_oxyphylla/Tw52920_Tv_2_5x_1.jpg,micro_congo,micro,transversal_semi_thin_section,Prioria oxyphylla,Prioria,,Tw52920,micro_congo:Prioria_oxyphylla/Tw52920_Tv_2_5x_1,,Prioria oxyphylla,Prioria oxyphylla,,,,,unmatched,
data/images/micro/Prioria_oxyphylla/Tw52920_Tv_2_5x_2.jpg,Prioria_oxyphylla/Tw52920_Tv_2_5x_2.jpg,micro_congo,micro,transversal_semi_thin_section,Prioria oxyphylla,Prioria,,Tw52920,micro_congo:Prioria_oxyphylla/Tw52920_Tv_2_5x_2,,Prioria oxyphylla,Prioria oxyphylla,,,,,unmatched,
data/images/micro/Prioria_oxyphylla/Tw52920_Tv_2_5x_3.jpg,Prioria_oxyphylla/Tw52920_Tv_2_5x_3.jpg,micro_congo,micro,transversal_semi_thin_section,Prioria oxyphylla,Prioria,,Tw52920,micro_congo:Prioria_oxyphylla/Tw52920_Tv_2_5x_3,,Prioria oxyphylla,Prioria oxyphylla,,,,,unmatched,
data/images/micro/Prioria_oxyphylla/Tw536_Tv_2_5x_1.jpg,Prioria_oxyphylla/Tw536_Tv_2_5x_1.jpg,micro_congo,micro,transversal_semi_thin_section,Prioria oxyphylla,Prioria,,Tw536,micro_congo:Prioria_oxyphylla/Tw536_Tv_2_5x_1,,Prioria oxyphylla,Prioria oxyphylla,,,,,unmatched,
data/images/micro/Prioria_oxyphylla/Tw536_Tv_2_5x_2.jpg,Prioria_oxyphylla/Tw536_Tv_2_5x_2.jpg,micro_congo,micro,transversal_semi_thin_section,Prioria oxyphylla,Prioria,,Tw536,micro_congo:Prioria_oxyphylla/Tw536_Tv_2_5x_2,,Prioria oxyphylla,Prioria oxyphylla,,,,,unmatched,
data/images/micro/Prioria_oxyphylla/Tw536_Tv_2_5x_3.jpg,Prioria_oxyphylla/Tw536_Tv_2_5x_3.jpg,micro_congo,micro,transversal_semi_thin_section,Prioria oxyphylla,Prioria,,Tw536,micro_congo:Prioria_oxyphylla/Tw536_Tv_2_5x_3,,Prioria oxyphylla,Prioria oxyphylla,,,,,unmatched,
data/images/micro/Prioria_oxyphylla/Tw536_Tv_2_5x_4.jpg,Prioria_oxyphylla/Tw536_Tv_2_5x_4.jpg,micro_congo,micro,transversal_semi_thin_section,Prioria oxyphylla,Prioria,,Tw536,micro_congo:Prioria_oxyphylla/Tw536_Tv_2_5x_4,,Prioria oxyphylla,Prioria oxyphylla,,,,,unmatched,
data/images/micro/Prioria_oxyphylla/Tw6995_Tv_2_5x_1.jpg,Prioria_oxyphylla/Tw6995_Tv_2_5x_1.jpg,micro_congo,micro,transversal_semi_thin_section,Prioria oxyphylla,Prioria,,Tw6995,micro_congo:Prioria_oxyphylla/Tw6995_Tv_2_5x_1,,Prioria oxyphylla,Prioria oxyphylla,,,,,unmatched,
data/images/micro/Prioria_oxyphylla/Tw6995_Tv_2_5x_2.jpg,Prioria_oxyphylla/Tw6995_Tv_2_5x_2.jpg,micro_congo,micro,transversal_semi_thin_section,Prioria oxyphylla,Prioria,,Tw6995,micro_congo:Prioria_oxyphylla/Tw6995_Tv_2_5x_2,,Prioria oxyphylla,Prioria oxyphylla,,,,,unmatched,
data/images/micro/Prioria_oxyphylla/Tw6995_Tv_2_5x_3.jpg,Prioria_oxyphylla/Tw6995_Tv_2_5x_3.jpg,micro_congo,micro,transversal_semi_thin_section,Prioria oxyphylla,Prioria,,Tw6995,micro_congo:Prioria_oxyphylla/Tw6995_Tv_2_5x_3,,Prioria oxyphylla,Prioria oxyphylla,,,,,unmatched,
data/images/micro/Scorodophleus_zenkeri/Tw454_S_zenkeri_tr2_2_5x.jpg,Scorodophleus_zenkeri/Tw454_S_zenkeri_tr2_2_5x.jpg,micro_congo,micro,transversal_semi_thin_section,Scorodophleus zenkeri,Scorodophleus,,Tw454,micro_congo:Scorodophleus_zenkeri/Tw454_S_zenkeri_tr2_2_5x,,Scorodophleus zenkeri,Scorodophleus zenkeri,,,,,unmatched,
data/images/micro/Scorodophleus_zenkeri/Tw454_S_zenkeri_tr3_2_5x.jpg,Scorodophleus_zenkeri/Tw454_S_zenkeri_tr3_2_5x.jpg,micro_congo,micro,transversal_semi_thin_section,Scorodophleus zenkeri,Scorodophleus,,Tw454,micro_congo:Scorodophleus_zenkeri/Tw454_S_zenkeri_tr3_2_5x,,Scorodophleus zenkeri,Scorodophleus zenkeri,,,,,unmatched,
data/images/micro/Scorodophleus_zenkeri/Tw454_S_zenkeri_tr_2_5x.jpg,Scorodophleus_zenkeri/Tw454_S_zenkeri_tr_2_5x.jpg,micro_congo,micro,transversal_semi_thin_section,Scorodophleus zenkeri,Scorodophleus,,Tw454,micro_congo:Scorodophleus_zenkeri/Tw454_S_zenkeri_tr_2_5x,,Scorodophleus zenkeri,Scorodophleus zenkeri,,,,,unmatched,
data/images/micro/Scorodophleus_zenkeri/Tw5239_S_zenkeri_tr2_2_5x.jpg,Scorodophleus_zenkeri/Tw5239_S_zenkeri_tr2_2_5x.jpg,micro_congo,micro,transversal_semi_thin_section,Scorodophleus zenkeri,Scorodophleus,,Tw5239,micro_congo:Scorodophleus_zenkeri/Tw5239_S_zenkeri_tr2_2_5x,,Scorodophleus zenkeri,Scorodophleus zenkeri,,,,,unmatched,
data/images/micro/Scorodophleus_zenkeri/Tw5239_S_zenkeri_tr3_2_5x.jpg,Scorodophleus_zenkeri/Tw5239_S_zenkeri_tr3_2_5x.jpg,micro_congo,micro,transversal_semi_thin_section,Scorodophleus zenkeri,Scorodophleus,,Tw5239,micro_congo:Scorodophleus_zenkeri/Tw5239_S_zenkeri_tr3_2_5x,,Scorodophleus zenkeri,Scorodophleus zenkeri,,,,,unmatched,
data/images/micro/Scorodophleus_zenkeri/Tw5239_S_zenkeri_tr4_2_5x.jpg,Scorodophleus_zenkeri/Tw5239_S_zenkeri_tr4_2_5x.jpg,micro_congo,micro,transversal_semi_thin_section,Scorodophleus zenkeri,Scorodophleus,,Tw5239,micro_congo:Scorodophleus_zenkeri/Tw5239_S_zenkeri_tr4_2_5x,,Scorodophleus zenkeri,Scorodophleus zenkeri,,,,,unmatched,
data/images/micro/Scorodophleus_zenkeri/Tw5239_S_zenkeri_tr_2_5x.jpg,Scorodophleus_zenkeri/Tw5239_S_zenkeri_tr_2_5x.jpg,micro_congo,micro,transversal_semi_thin_section,Scorodophleus zenkeri,Scorodophleus,,Tw5239,micro_congo:Scorodophleus_zenkeri/Tw5239_S_zenkeri_tr_2_5x,,Scorodophleus zenkeri,Scorodophleus zenkeri,,,,,unmatched,
data/images/micro/Scorodophleus_zenkeri/Tw935_S_zenkeri_tr2_2_5x.jpg,Scorodophleus_zenkeri/Tw935_S_zenkeri_tr2_2_5x.jpg,micro_congo,micro,transversal_semi_thin_section,Scorodophleus zenkeri,Scorodophleus,,Tw935,micro_congo:Scorodophleus_zenkeri/Tw935_S_zenkeri_tr2_2_5x,,Scorodophleus zenkeri,Scorodophleus zenkeri,,,,,unmatched,
data/images/micro/Scorodophleus_zenkeri/Tw935_S_zenkeri_tr3_2_5x.jpg,Scorodophleus_zenkeri/Tw935_S_zenkeri_tr3_2_5x.jpg,micro_congo,micro,transversal_semi_thin_section,Scorodophleus zenkeri,Scorodophleus,,Tw935,micro_congo:Scorodophleus_zenkeri/Tw935_S_zenkeri_tr3_2_5x,,Scorodophleus zenkeri,Scorodophleus zenkeri,,,,,unmatched,
data/images/micro/Scorodophleus_zenkeri/Tw935_S_zenkeri_tr_2_5x.jpg,Scorodophleus_zenkeri/Tw935_S_zenkeri_tr_2_5x.jpg,micro_congo,micro,transversal_semi_thin_section,Scorodophleus zenkeri,Scorodophleus,,Tw935,micro_congo:Scorodophleus_zenkeri/Tw935_S_zenkeri_tr_2_5x,,Scorodophleus zenkeri,Scorodophleus zenkeri,,,,,unmatched,
data/images/micro/Staudtia_kamerunensis/Staudtia_kamerunensis097.jpg,Staudtia_kamerunensis/Staudtia_kamerunensis097.jpg,micro_congo,micro,transversal_semi_thin_section,Staudtia kamerunensis,Staudtia,,Staudtia_kamerunensis097,micro_congo:Staudtia_kamerunensis/Staudtia_kamerunensis097,,Staudtia kamerunensis,Staudtia kamerunensis,,,,,unmatched,
data/images/micro/Staudtia_kamerunensis/Tw24397_S__kamerunensis_Tr_2_5x.jpg,Staudtia_kamerunensis/Tw24397_S__kamerunensis_Tr_2_5x.jpg,micro_congo,micro,transversal_semi_thin_section,Staudtia kamerunensis,Staudtia,,Tw24397,micro_congo:Staudtia_kamerunensis/Tw24397_S__kamerunensis_Tr_2_5x,,Staudtia kamerunensis,Staudtia kamerunensis,,,,,unmatched,
data/images/micro/Staudtia_kamerunensis/Tw253_Tv_2_5x_3.jpg,Staudtia_kamerunensis/Tw253_Tv_2_5x_3.jpg,micro_congo,micro,transversal_semi_thin_section,Staudtia kamerunensis,Staudtia,,Tw253,micro_congo:Staudtia_kamerunensis/Tw253_Tv_2_5x_3,,Staudtia kamerunensis,Staudtia kamerunensis,,,,,unmatched,
data/images/micro/Staudtia_kamerunensis/Tw253_Tv_2_5x_4.jpg,Staudtia_kamerunensis/Tw253_Tv_2_5x_4.jpg,micro_congo,micro,transversal_semi_thin_section,Staudtia kamerunensis,Staudtia,,Tw253,micro_congo:Staudtia_kamerunensis/Tw253_Tv_2_5x_4,,Staudtia kamerunensis,Staudtia kamerunensis,,,,,unmatched,
data/images/micro/Staudtia_kamerunensis/Tw26903_S_kamerunensis_Tr_2_5x.jpg,Staudtia_kamerunensis/Tw26903_S_kamerunensis_Tr_2_5x.jpg,micro_congo,micro,transversal_semi_thin_section,Staudtia kamerunensis,Staudtia,,Tw26903,micro_congo:Staudtia_kamerunensis/Tw26903_S_kamerunensis_Tr_2_5x,,Staudtia kamerunensis,Staudtia kamerunensis,,,,,unmatched,
data/images/micro/Staudtia_kamerunensis/Tw26903_S_kamerunensis_Tr_boundaries_2_5x.jpg,Staudtia_kamerunensis/Tw26903_S_kamerunensis_Tr_boundaries_2_5x.jpg,micro_congo,micro,transversal_semi_thin_section,Staudtia kamerunensis,Staudtia,,Tw26903,micro_congo:Staudtia_kamerunensis/Tw26903_S_kamerunensis_Tr_boundaries_2_5x,,Staudtia kamerunensis,Staudtia kamerunensis,,,,,unmatched,
data/images/micro/Staudtia_kamerunensis/Tw473_Tv_2_5x_1.jpg,Staudtia_kamerunensis/Tw473_Tv_2_5x_1.jpg,micro_congo,micro,transversal_semi_thin_section,Staudtia kamerunensis,Staudtia,,Tw473,micro_congo:Staudtia_kamerunensis/Tw473_Tv_2_5x_1,,Staudtia kamerunensis,Staudtia kamerunensis,,,,,unmatched,
data/images/micro/Staudtia_kamerunensis/Tw473_Tv_2_5x_2.jpg,Staudtia_kamerunensis/Tw473_Tv_2_5x_2.jpg,micro_congo,micro,transversal_semi_thin_section,Staudtia kamerunensis,Staudtia,,Tw473,micro_congo:Staudtia_kamerunensis/Tw473_Tv_2_5x_2,,Staudtia kamerunensis,Staudtia kamerunensis,,,,,unmatched,
data/images/micro/Staudtia_kamerunensis/Tw473_Tv_2_5x_3.jpg,Staudtia_kamerunensis/Tw473_Tv_2_5x_3.jpg,micro_congo,micro,transversal_semi_thin_section,Staudtia kamerunensis,Staudtia,,Tw473,micro_congo:Staudtia_kamerunensis/Tw473_Tv_2_5x_3,,Staudtia kamerunensis,Staudtia kamerunensis,,,,,unmatched,
data/images/micro/Staudtia_kamerunensis/Tw5243_Tv_2_5x_1.jpg,Staudtia_kamerunensis/Tw5243_Tv_2_5x_1.jpg,micro_congo,micro,transversal_semi_thin_section,Staudtia kamerunensis,Staudtia,,Tw5243,micro_congo:Staudtia_kamerunensis/Tw5243_Tv_2_5x_1,,Staudtia kamerunensis,Staudtia kamerunensis,,,,,unmatched,
data/images/micro/Staudtia_kamerunensis/Tw5243_Tv_2_5x_2.jpg,Staudtia_kamerunensis/Tw5243_Tv_2_5x_2.jpg,micro_congo,micro,transversal_semi_thin_section,Staudtia kamerunensis,Staudtia,,Tw5243,micro_congo:Staudtia_kamerunensis/Tw5243_Tv_2_5x_2,,Staudtia kamerunensis,Staudtia kamerunensis,,,,,unmatched,
data/images/micro/Staudtia_kamerunensis/Tw5243_Tv_2_5x_3.jpg,Staudtia_kamerunensis/Tw5243_Tv_2_5x_3.jpg,micro_congo,micro,transversal_semi_thin_section,Staudtia kamerunensis,Staudtia,,Tw5243,micro_congo:Staudtia_kamerunensis/Tw5243_Tv_2_5x_3,,Staudtia kamerunensis,Staudtia kamerunensis,,,,,unmatched,
data/images/micro/Staudtia_kamerunensis/Tw6989_Tv_2_5x_1.jpg,Staudtia_kamerunensis/Tw6989_Tv_2_5x_1.jpg,micro_congo,micro,transversal_semi_thin_section,Staudtia kamerunensis,Staudtia,,Tw6989,micro_congo:Staudtia_kamerunensis/Tw6989_Tv_2_5x_1,,Staudtia kamerunensis,Staudtia kamerunensis,,,,,unmatched,
data/images/micro/Staudtia_kamerunensis/Tw6989_Tv_2_5x_2.jpg,Staudtia_kamerunensis/Tw6989_Tv_2_5x_2.jpg,micro_congo,micro,transversal_semi_thin_section,Staudtia kamerunensis,Staudtia,,Tw6989,micro_congo:Staudtia_kamerunensis/Tw6989_Tv_2_5x_2,,Staudtia kamerunensis,Staudtia kamerunensis,,,,,unmatched,
data/images/micro/Staudtia_kamerunensis/Tw6989_Tv_2_5x_3.jpg,Staudtia_kamerunensis/Tw6989_Tv_2_5x_3.jpg,micro_congo,micro,transversal_semi_thin_section,Staudtia kamerunensis,Staudtia,,Tw6989,micro_congo:Staudtia_kamerunensis/Tw6989_Tv_2_5x_3,,Staudtia kamerunensis,Staudtia kamerunensis,,,,,unmatched,
data/images/micro/Staudtia_kamerunensis/Tw7153_Tv_2_5x_1.jpg,Staudtia_kamerunensis/Tw7153_Tv_2_5x_1.jpg,micro_congo,micro,transversal_semi_thin_section,Staudtia kamerunensis,Staudtia,,Tw7153,micro_congo:Staudtia_kamerunensis/Tw7153_Tv_2_5x_1,,Staudtia kamerunensis,Staudtia kamerunensis,,,,,unmatched,
data/images/micro/Staudtia_kamerunensis/Tw7153_Tv_2_5x_2.jpg,Staudtia_kamerunensis/Tw7153_Tv_2_5x_2.jpg,micro_congo,micro,transversal_semi_thin_section,Staudtia kamerunensis,Staudtia,,Tw7153,micro_congo:Staudtia_kamerunensis/Tw7153_Tv_2_5x_2,,Staudtia kamerunensis,Staudtia kamerunensis,,,,,unmatched,
data/images/micro/Staudtia_kamerunensis/Tw7153_Tv_2_5x_3.jpg,Staudtia_kamerunensis/Tw7153_Tv_2_5x_3.jpg,micro_congo,micro,transversal_semi_thin_section,Staudtia kamerunensis,Staudtia,,Tw7153,micro_congo:Staudtia_kamerunensis/Tw7153_Tv_2_5x_3,,Staudtia kamerunensis,Staudtia kamerunensis,,,,,unmatched,
data/images/micro/Tessmannia_africana/Tw1250_T_africana_tr2_2_5x.jpg,Tessmannia_africana/Tw1250_T_africana_tr2_2_5x.jpg,micro_congo,micro,transversal_semi_thin_section,Tessmannia africana,Tessmannia,,Tw1250,micro_congo:Tessmannia_africana/Tw1250_T_africana_tr2_2_5x,,Tessmannia africana,Tessmannia africana,,,,,unmatched,
data/images/micro/Tessmannia_africana/Tw1250_T_africana_tr3_2_5x.jpg,Tessmannia_africana/Tw1250_T_africana_tr3_2_5x.jpg,micro_congo,micro,transversal_semi_thin_section,Tessmannia africana,Tessmannia,,Tw1250,micro_congo:Tessmannia_africana/Tw1250_T_africana_tr3_2_5x,,Tessmannia africana,Tessmannia africana,,,,,unmatched,
data/images/micro/Tessmannia_africana/Tw1250_T_africana_tr_2_5x.jpg,Tessmannia_africana/Tw1250_T_africana_tr_2_5x.jpg,micro_congo,micro,transversal_semi_thin_section,Tessmannia africana,Tessmannia,,Tw1250,micro_congo:Tessmannia_africana/Tw1250_T_africana_tr_2_5x,,Tessmannia africana,Tessmannia africana,,,,,unmatched,
data/images/micro/Tessmannia_africana/Tw1272_T_africana_tr2_2_5x.jpg,Tessmannia_africana/Tw1272_T_africana_tr2_2_5x.jpg,micro_congo,micro,transversal_semi_thin_section,Tessmannia africana,Tessmannia,,Tw1272,micro_congo:Tessmannia_africana/Tw1272_T_africana_tr2_2_5x,,Tessmannia africana,Tessmannia africana,,,,,unmatched,
data/images/micro/Tessmannia_africana/Tw1272_T_africana_tr3_2_5x.jpg,Tessmannia_africana/Tw1272_T_africana_tr3_2_5x.jpg,micro_congo,micro,transversal_semi_thin_section,Tessmannia africana,Tessmannia,,Tw1272,micro_congo:Tessmannia_africana/Tw1272_T_africana_tr3_2_5x,,Tessmannia africana,Tessmannia africana,,,,,unmatched,
data/images/micro/Tessmannia_africana/Tw1272_T_africana_tr4_2_5x.jpg,Tessmannia_africana/Tw1272_T_africana_tr4_2_5x.jpg,micro_congo,micro,transversal_semi_thin_section,Tessmannia africana,Tessmannia,,Tw1272,micro_congo:Tessmannia_africana/Tw1272_T_africana_tr4_2_5x,,Tessmannia africana,Tessmannia africana,,,,,unmatched,
data/images/micro/Tessmannia_africana/Tw1272_T_africana_tr_2_5x.jpg,Tessmannia_africana/Tw1272_T_africana_tr_2_5x.jpg,micro_congo,micro,transversal_semi_thin_section,Tessmannia africana,Tessmannia,,Tw1272,micro_congo:Tessmannia_africana/Tw1272_T_africana_tr_2_5x,,Tessmannia africana,Tessmannia africana,,,,,unmatched,
data/images/micro/Tessmannia_africana/Tw1368_T_africana_tr2_2_5x.jpg,Tessmannia_africana/Tw1368_T_africana_tr2_2_5x.jpg,micro_congo,micro,transversal_semi_thin_section,Tessmannia africana,Tessmannia,,Tw1368,micro_congo:Tessmannia_africana/Tw1368_T_africana_tr2_2_5x,,Tessmannia africana,Tessmannia africana,,,,,unmatched,
data/images/micro/Tessmannia_africana/Tw1368_T_africana_tr3_2_5x.jpg,Tessmannia_africana/Tw1368_T_africana_tr3_2_5x.jpg,micro_congo,micro,transversal_semi_thin_section,Tessmannia africana,Tessmannia,,Tw1368,micro_congo:Tessmannia_africana/Tw1368_T_africana_tr3_2_5x,,Tessmannia africana,Tessmannia africana,,,,,unmatched,
data/images/micro/Tessmannia_africana/Tw1368_T_africana_tr_2_5x.jpg,Tessmannia_africana/Tw1368_T_africana_tr_2_5x.jpg,micro_congo,micro,transversal_semi_thin_section,Tessmannia africana,Tessmannia,,Tw1368,micro_congo:Tessmannia_africana/Tw1368_T_africana_tr_2_5x,,Tessmannia africana,Tessmannia africana,,,,,unmatched,
data/images/micro/Tessmannia_africana/Tw26902_T_africana_tr2_2_5x.jpg,Tessmannia_africana/Tw26902_T_africana_tr2_2_5x.jpg,micro_congo,micro,transversal_semi_thin_section,Tessmannia africana,Tessmannia,,Tw26902,micro_congo:Tessmannia_africana/Tw26902_T_africana_tr2_2_5x,,Tessmannia africana,Tessmannia africana,,,,,unmatched,
data/images/micro/Tessmannia_africana/Tw26902_T_africana_tr3_2_5x.jpg,Tessmannia_africana/Tw26902_T_africana_tr3_2_5x.jpg,micro_congo,micro,transversal_semi_thin_section,Tessmannia africana,Tessmannia,,Tw26902,micro_congo:Tessmannia_africana/Tw26902_T_africana_tr3_2_5x,,Tessmannia africana,Tessmannia africana,,,,,unmatched,
data/images/micro/Tessmannia_africana/Tw26902_T_africana_tr4_2_5x.jpg,Tessmannia_africana/Tw26902_T_africana_tr4_2_5x.jpg,micro_congo,micro,transversal_semi_thin_section,Tessmannia africana,Tessmannia,,Tw26902,micro_congo:Tessmannia_africana/Tw26902_T_africana_tr4_2_5x,,Tessmannia africana,Tessmannia africana,,,,,unmatched,
data/images/micro/Tessmannia_africana/Tw26902_T_africana_tr_2_5x.jpg,Tessmannia_africana/Tw26902_T_africana_tr_2_5x.jpg,micro_congo,micro,transversal_semi_thin_section,Tessmannia africana,Tessmannia,,Tw26902,micro_congo:Tessmannia_africana/Tw26902_T_africana_tr_2_5x,,Tessmannia africana,Tessmannia africana,,,,,unmatched,
data/images/micro/Tessmannia_africana/Tw620_T_africana_tr2_2_5x.jpg,Tessmannia_africana/Tw620_T_africana_tr2_2_5x.jpg,micro_congo,micro,transversal_semi_thin_section,Tessmannia africana,Tessmannia,,Tw620,micro_congo:Tessmannia_africana/Tw620_T_africana_tr2_2_5x,,Tessmannia africana,Tessmannia africana,,,,,unmatched,
data/images/micro/Tessmannia_africana/Tw620_T_africana_tr3_2_5x.jpg,Tessmannia_africana/Tw620_T_africana_tr3_2_5x.jpg,micro_congo,micro,transversal_semi_thin_section,Tessmannia africana,Tessmannia,,Tw620,micro_congo:Tessmannia_africana/Tw620_T_africana_tr3_2_5x,,Tessmannia africana,Tessmannia africana,,,,,unmatched,
data/images/micro/Tessmannia_africana/Tw620_T_africana_tr4_2_5x.jpg,Tessmannia_africana/Tw620_T_africana_tr4_2_5x.jpg,micro_congo,micro,transversal_semi_thin_section,Tessmannia africana,Tessmannia,,Tw620,micro_congo:Tessmannia_africana/Tw620_T_africana_tr4_2_5x,,Tessmannia africana,Tessmannia africana,,,,,unmatched,
data/images/micro/Tessmannia_africana/Tw620_T_africana_tr_2_5x.jpg,Tessmannia_africana/Tw620_T_africana_tr_2_5x.jpg,micro_congo,micro,transversal_semi_thin_section,Tessmannia africana,Tessmannia,,Tw620,micro_congo:Tessmannia_africana/Tw620_T_africana_tr_2_5x,,Tessmannia africana,Tessmannia africana,,,,,unmatched,
data/images/micro/Afzelia_africana/Tw26414_Tv_2_5x_1.jpg,Afzelia_africana/Tw26414_Tv_2_5x_1.jpg,micro_congo,micro,transversal_semi_thin_section,Afzelia africana,Afzelia,,Tw26414,micro_congo:Afzelia_africana/Tw26414_Tv_2_5x_1,,Afzelia africana,Afzelia africana,A,exact_species_overlap,"P1,P2,P3",Afzelia africana,exact_species_match,
data/images/micro/Afzelia_africana/Tw26414_Tv_2_5x_2.jpg,Afzelia_africana/Tw26414_Tv_2_5x_2.jpg,micro_congo,micro,transversal_semi_thin_section,Afzelia africana,Afzelia,,Tw26414,micro_congo:Afzelia_africana/Tw26414_Tv_2_5x_2,,Afzelia africana,Afzelia africana,A,exact_species_overlap,"P1,P2,P3",Afzelia africana,exact_species_match,
data/images/micro/Afzelia_africana/Tw26414_Tv_2_5x_3.jpg,Afzelia_africana/Tw26414_Tv_2_5x_3.jpg,micro_congo,micro,transversal_semi_thin_section,Afzelia africana,Afzelia,,Tw26414,micro_congo:Afzelia_africana/Tw26414_Tv_2_5x_3,,Afzelia africana,Afzelia africana,A,exact_species_overlap,"P1,P2,P3",Afzelia africana,exact_species_match,
data/images/micro/Afzelia_africana/Tw5023_Tv_2_5x_1.jpg,Afzelia_africana/Tw5023_Tv_2_5x_1.jpg,micro_congo,micro,transversal_semi_thin_section,Afzelia africana,Afzelia,,Tw5023,micro_congo:Afzelia_africana/Tw5023_Tv_2_5x_1,,Afzelia africana,Afzelia africana,A,exact_species_overlap,"P1,P2,P3",Afzelia africana,exact_species_match,
data/images/micro/Afzelia_africana/Tw5023_Tv_2_5x_2.jpg,Afzelia_africana/Tw5023_Tv_2_5x_2.jpg,micro_congo,micro,transversal_semi_thin_section,Afzelia africana,Afzelia,,Tw5023,micro_congo:Afzelia_africana/Tw5023_Tv_2_5x_2,,Afzelia africana,Afzelia africana,A,exact_species_overlap,"P1,P2,P3",Afzelia africana,exact_species_match,
data/images/micro/Afzelia_africana/Tw5023_Tv_2_5x_3.jpg,Afzelia_africana/Tw5023_Tv_2_5x_3.jpg,micro_congo,micro,transversal_semi_thin_section,Afzelia africana,Afzelia,,Tw5023,micro_congo:Afzelia_africana/Tw5023_Tv_2_5x_3,,Afzelia africana,Afzelia africana,A,exact_species_overlap,"P1,P2,P3",Afzelia africana,exact_species_match,
data/images/micro/Afzelia_africana/Tw5024_Tv_2_5x_1.jpg,Afzelia_africana/Tw5024_Tv_2_5x_1.jpg,micro_congo,micro,transversal_semi_thin_section,Afzelia africana,Afzelia,,Tw5024,micro_congo:Afzelia_africana/Tw5024_Tv_2_5x_1,,Afzelia africana,Afzelia africana,A,exact_species_overlap,"P1,P2,P3",Afzelia africana,exact_species_match,
data/images/micro/Afzelia_africana/Tw5024_Tv_2_5x_2.jpg,Afzelia_africana/Tw5024_Tv_2_5x_2.jpg,micro_congo,micro,transversal_semi_thin_section,Afzelia africana,Afzelia,,Tw5024,micro_congo:Afzelia_africana/Tw5024_Tv_2_5x_2,,Afzelia africana,Afzelia africana,A,exact_species_overlap,"P1,P2,P3",Afzelia africana,exact_species_match,
data/images/micro/Afzelia_africana/Tw5024_Tv_2_5x_3.jpg,Afzelia_africana/Tw5024_Tv_2_5x_3.jpg,micro_congo,micro,transversal_semi_thin_section,Afzelia africana,Afzelia,,Tw5024,micro_congo:Afzelia_africana/Tw5024_Tv_2_5x_3,,Afzelia africana,Afzelia africana,A,exact_species_overlap,"P1,P2,P3",Afzelia africana,exact_species_match,
data/images/micro/Afzelia_africana/Tw52900_Tv_2_5x_1.jpg,Afzelia_africana/Tw52900_Tv_2_5x_1.jpg,micro_congo,micro,transversal_semi_thin_section,Afzelia africana,Afzelia,,Tw52900,micro_congo:Afzelia_africana/Tw52900_Tv_2_5x_1,,Afzelia africana,Afzelia africana,A,exact_species_overlap,"P1,P2,P3",Afzelia africana,exact_species_match,
data/images/micro/Afzelia_africana/Tw52900_Tv_2_5x_2.jpg,Afzelia_africana/Tw52900_Tv_2_5x_2.jpg,micro_congo,micro,transversal_semi_thin_section,Afzelia africana,Afzelia,,Tw52900,micro_congo:Afzelia_africana/Tw52900_Tv_2_5x_2,,Afzelia africana,Afzelia africana,A,exact_species_overlap,"P1,P2,P3",Afzelia africana,exact_species_match,
data/images/micro/Afzelia_bella/Tw375_Tv_2_5x_1.jpg,Afzelia_bella/Tw375_Tv_2_5x_1.jpg,micro_congo,micro,transversal_semi_thin_section,Afzelia bella,Afzelia,,Tw375,micro_congo:Afzelia_bella/Tw375_Tv_2_5x_1,,Afzelia bella,Afzelia bella,A,exact_species_overlap,"P1,P2,P3",Afzelia bella,exact_species_match,
data/images/micro/Afzelia_bella/Tw375_Tv_2_5x_2.jpg,Afzelia_bella/Tw375_Tv_2_5x_2.jpg,micro_congo,micro,transversal_semi_thin_section,Afzelia bella,Afzelia,,Tw375,micro_congo:Afzelia_bella/Tw375_Tv_2_5x_2,,Afzelia bella,Afzelia bella,A,exact_species_overlap,"P1,P2,P3",Afzelia bella,exact_species_match,
data/images/micro/Afzelia_bella/Tw375_Tv_2_5x_3.jpg,Afzelia_bella/Tw375_Tv_2_5x_3.jpg,micro_congo,micro,transversal_semi_thin_section,Afzelia bella,Afzelia,,Tw375,micro_congo:Afzelia_bella/Tw375_Tv_2_5x_3,,Afzelia bella,Afzelia bella,A,exact_species_overlap,"P1,P2,P3",Afzelia bella,exact_species_match,
data/images/micro/Afzelia_bella/Tw45137_Tv_2_5x_1.jpg,Afzelia_bella/Tw45137_Tv_2_5x_1.jpg,micro_congo,micro,transversal_semi_thin_section,Afzelia bella,Afzelia,,Tw45137,micro_congo:Afzelia_bella/Tw45137_Tv_2_5x_1,,Afzelia bella,Afzelia bella,A,exact_species_overlap,"P1,P2,P3",Afzelia bella,exact_species_match,
data/images/micro/Afzelia_bella/Tw45137_Tv_2_5x_2.jpg,Afzelia_bella/Tw45137_Tv_2_5x_2.jpg,micro_congo,micro,transversal_semi_thin_section,Afzelia bella,Afzelia,,Tw45137,micro_congo:Afzelia_bella/Tw45137_Tv_2_5x_2,,Afzelia bella,Afzelia bella,A,exact_species_overlap,"P1,P2,P3",Afzelia bella,exact_species_match,
data/images/micro/Afzelia_bella/Tw45137_Tv_2_5x_3.jpg,Afzelia_bella/Tw45137_Tv_2_5x_3.jpg,micro_congo,micro,transversal_semi_thin_section,Afzelia bella,Afzelia,,Tw45137,micro_congo:Afzelia_bella/Tw45137_Tv_2_5x_3,,Afzelia bella,Afzelia bella,A,exact_species_overlap,"P1,P2,P3",Afzelia bella,exact_species_match,
data/images/micro/Afzelia_pachyloba/A_pachyloba001.jpg,Afzelia_pachyloba/A_pachyloba001.jpg,micro_congo,micro,transversal_semi_thin_section,Afzelia pachyloba,Afzelia,,A_pachyloba001,micro_congo:Afzelia_pachyloba/A_pachyloba001,,Afzelia pachyloba,Afzelia pachyloba,A,exact_species_overlap,"P1,P2,P3",Afzelia pachyloba,exact_species_match,
data/images/micro/Afzelia_pachyloba/A_pachyloba002.jpg,Afzelia_pachyloba/A_pachyloba002.jpg,micro_congo,micro,transversal_semi_thin_section,Afzelia pachyloba,Afzelia,,A_pachyloba002,micro_congo:Afzelia_pachyloba/A_pachyloba002,,Afzelia pachyloba,Afzelia pachyloba,A,exact_species_overlap,"P1,P2,P3",Afzelia pachyloba,exact_species_match,
data/images/micro/Afzelia_pachyloba/A_pachyloba003.jpg,Afzelia_pachyloba/A_pachyloba003.jpg,micro_congo,micro,transversal_semi_thin_section,Afzelia pachyloba,Afzelia,,A_pachyloba003,micro_congo:Afzelia_pachyloba/A_pachyloba003,,Afzelia pachyloba,Afzelia pachyloba,A,exact_species_overlap,"P1,P2,P3",Afzelia pachyloba,exact_species_match,
data/images/micro/Afzelia_pachyloba/A_pachyloba004.jpg,Afzelia_pachyloba/A_pachyloba004.jpg,micro_congo,micro,transversal_semi_thin_section,Afzelia pachyloba,Afzelia,,A_pachyloba004,micro_congo:Afzelia_pachyloba/A_pachyloba004,,Afzelia pachyloba,Afzelia pachyloba,A,exact_species_overlap,"P1,P2,P3",Afzelia pachyloba,exact_species_match,
data/images/micro/Afzelia_pachyloba/Tw3901_a_pachyloba_Tr_2_5x.jpg,Afzelia_pachyloba/Tw3901_a_pachyloba_Tr_2_5x.jpg,micro_congo,micro,transversal_semi_thin_section,Afzelia pachyloba,Afzelia,,Tw3901,micro_congo:Afzelia_pachyloba/Tw3901_a_pachyloba_Tr_2_5x,,Afzelia pachyloba,Afzelia pachyloba,A,exact_species_overlap,"P1,P2,P3",Afzelia pachyloba,exact_species_match,
data/images/micro/Afzelia_pachyloba/Tw3901_a_pachyloba_Tr_2_5x_ap&rays.jpg,Afzelia_pachyloba/Tw3901_a_pachyloba_Tr_2_5x_ap&rays.jpg,micro_congo,micro,transversal_semi_thin_section,Afzelia pachyloba,Afzelia,,Tw3901,micro_congo:Afzelia_pachyloba/Tw3901_a_pachyloba_Tr_2_5x_ap&rays,,Afzelia pachyloba,Afzelia pachyloba,A,exact_species_overlap,"P1,P2,P3",Afzelia pachyloba,exact_species_match,
data/images/micro/Afzelia_pachyloba/Tw3901_a_pachyloba_Tr_vessels_2_5x.jpg,Afzelia_pachyloba/Tw3901_a_pachyloba_Tr_vessels_2_5x.jpg,micro_congo,micro,transversal_semi_thin_section,Afzelia pachyloba,Afzelia,,Tw3901,micro_congo:Afzelia_pachyloba/Tw3901_a_pachyloba_Tr_vessels_2_5x,,Afzelia pachyloba,Afzelia pachyloba,A,exact_species_overlap,"P1,P2,P3",Afzelia pachyloba,exact_species_match,
data/images/micro/Afzelia_pachyloba/Tw52893_a_pachyloba_Tr_2_5x.jpg,Afzelia_pachyloba/Tw52893_a_pachyloba_Tr_2_5x.jpg,micro_congo,micro,transversal_semi_thin_section,Afzelia pachyloba,Afzelia,,Tw52893,micro_congo:Afzelia_pachyloba/Tw52893_a_pachyloba_Tr_2_5x,,Afzelia pachyloba,Afzelia pachyloba,A,exact_species_overlap,"P1,P2,P3",Afzelia pachyloba,exact_species_match,
data/images/micro/Afzelia_pachyloba/Tw52893_a_pachyloba_Tr_boundarie_2_5x.jpg,Afzelia_pachyloba/Tw52893_a_pachyloba_Tr_boundarie_2_5x.jpg,micro_congo,micro,transversal_semi_thin_section,Afzelia pachyloba,Afzelia,,Tw52893,micro_congo:Afzelia_pachyloba/Tw52893_a_pachyloba_Tr_boundarie_2_5x,,Afzelia pachyloba,Afzelia pachyloba,A,exact_species_overlap,"P1,P2,P3",Afzelia pachyloba,exact_species_match,
data/images/micro/Afzelia_pachyloba/Tw52910_a_pachyloba_Tr_2_5x.jpg,Afzelia_pachyloba/Tw52910_a_pachyloba_Tr_2_5x.jpg,micro_congo,micro,transversal_semi_thin_section,Afzelia pachyloba,Afzelia,,Tw52910,micro_congo:Afzelia_pachyloba/Tw52910_a_pachyloba_Tr_2_5x,,Afzelia pachyloba,Afzelia pachyloba,A,exact_species_overlap,"P1,P2,P3",Afzelia pachyloba,exact_species_match,
data/images/micro/Afzelia_pachyloba/Tw52910_a_pachyloba_Tr_boundarie_2_5x.jpg,Afzelia_pachyloba/Tw52910_a_pachyloba_Tr_boundarie_2_5x.jpg,micro_congo,micro,transversal_semi_thin_section,Afzelia pachyloba,Afzelia,,Tw52910,micro_congo:Afzelia_pachyloba/Tw52910_a_pachyloba_Tr_boundarie_2_5x,,Afzelia pachyloba,Afzelia pachyloba,A,exact_species_overlap,"P1,P2,P3",Afzelia pachyloba,exact_species_match,
data/images/micro/Afzelia_pachyloba/Tw52911_a_pachyloba_Tr_ap&growthBoundarie_2_5x.jpg,Afzelia_pachyloba/Tw52911_a_pachyloba_Tr_ap&growthBoundarie_2_5x.jpg,micro_congo,micro,transversal_semi_thin_section,Afzelia pachyloba,Afzelia,,Tw52911,micro_congo:Afzelia_pachyloba/Tw52911_a_pachyloba_Tr_ap&growthBoundarie_2_5x,,Afzelia pachyloba,Afzelia pachyloba,A,exact_species_overlap,"P1,P2,P3",Afzelia pachyloba,exact_species_match,
data/images/micro/Afzelia_pachyloba/Tw52911_a_pachyloba_Tr_boundarie_2_5x.jpg,Afzelia_pachyloba/Tw52911_a_pachyloba_Tr_boundarie_2_5x.jpg,micro_congo,micro,transversal_semi_thin_section,Afzelia pachyloba,Afzelia,,Tw52911,micro_congo:Afzelia_pachyloba/Tw52911_a_pachyloba_Tr_boundarie_2_5x,,Afzelia pachyloba,Afzelia pachyloba,A,exact_species_overlap,"P1,P2,P3",Afzelia pachyloba,exact_species_match,
data/images/micro/Afzelia_pachyloba/Tw52911_a_pachyloba_Tr_growthBoundarie_2_5x.jpg,Afzelia_pachyloba/Tw52911_a_pachyloba_Tr_growthBoundarie_2_5x.jpg,micro_congo,micro,transversal_semi_thin_section,Afzelia pachyloba,Afzelia,,Tw52911,micro_congo:Afzelia_pachyloba/Tw52911_a_pachyloba_Tr_growthBoundarie_2_5x,,Afzelia pachyloba,Afzelia pachyloba,A,exact_species_overlap,"P1,P2,P3",Afzelia pachyloba,exact_species_match,
data/images/micro/Albizia_adianthifolia/Tw13505_A_adianthifolia_Tr2_2_5x.jpg,Albizia_adianthifolia/Tw13505_A_adianthifolia_Tr2_2_5x.jpg,micro_congo,micro,transversal_semi_thin_section,Albizia adianthifolia,Albizia,,Tw13505,micro_congo:Albizia_adianthifolia/Tw13505_A_adianthifolia_Tr2_2_5x,,Albizia adianthifolia,Albizia adianthifolia,A,exact_species_overlap,"P1,P2,P3",Albizia adianthifolia,exact_species_match,
data/images/micro/Albizia_adianthifolia/Tw2034_Tv_2_5x_1.jpg,Albizia_adianthifolia/Tw2034_Tv_2_5x_1.jpg,micro_congo,micro,transversal_semi_thin_section,Albizia adianthifolia,Albizia,,Tw2034,micro_congo:Albizia_adianthifolia/Tw2034_Tv_2_5x_1,,Albizia adianthifolia,Albizia adianthifolia,A,exact_species_overlap,"P1,P2,P3",Albizia adianthifolia,exact_species_match,
data/images/micro/Albizia_adianthifolia/Tw2034_Tv_2_5x_2.jpg,Albizia_adianthifolia/Tw2034_Tv_2_5x_2.jpg,micro_congo,micro,transversal_semi_thin_section,Albizia adianthifolia,Albizia,,Tw2034,micro_congo:Albizia_adianthifolia/Tw2034_Tv_2_5x_2,,Albizia adianthifolia,Albizia adianthifolia,A,exact_species_overlap,"P1,P2,P3",Albizia adianthifolia,exact_species_match,
data/images/micro/Albizia_adianthifolia/Tw2165_A_adianthifolia_tr_ap&v&fill_2_5x.jpg,Albizia_adianthifolia/Tw2165_A_adianthifolia_tr_ap&v&fill_2_5x.jpg,micro_congo,micro,transversal_semi_thin_section,Albizia adianthifolia,Albizia,,Tw2165,micro_congo:Albizia_adianthifolia/Tw2165_A_adianthifolia_tr_ap&v&fill_2_5x,,Albizia adianthifolia,Albizia adianthifolia,A,exact_species_overlap,"P1,P2,P3",Albizia adianthifolia,exact_species_match,
data/images/micro/Albizia_adianthifolia/Tw2165_A_adianthifolia_tr_ap&v_2_5x.jpg,Albizia_adianthifolia/Tw2165_A_adianthifolia_tr_ap&v_2_5x.jpg,micro_congo,micro,transversal_semi_thin_section,Albizia adianthifolia,Albizia,,Tw2165,micro_congo:Albizia_adianthifolia/Tw2165_A_adianthifolia_tr_ap&v_2_5x,,Albizia adianthifolia,Albizia adianthifolia,A,exact_species_overlap,"P1,P2,P3",Albizia adianthifolia,exact_species_match,
data/images/micro/Albizia_adianthifolia/Tw2165_Tv_2_5x_1.jpg,Albizia_adianthifolia/Tw2165_Tv_2_5x_1.jpg,micro_congo,micro,transversal_semi_thin_section,Albizia adianthifolia,Albizia,,Tw2165,micro_congo:Albizia_adianthifolia/Tw2165_Tv_2_5x_1,,Albizia adianthifolia,Albizia adianthifolia,A,exact_species_overlap,"P1,P2,P3",Albizia adianthifolia,exact_species_match,
data/images/micro/Albizia_adianthifolia/Tw2165_Tv_2_5x_2.jpg,Albizia_adianthifolia/Tw2165_Tv_2_5x_2.jpg,micro_congo,micro,transversal_semi_thin_section,Albizia adianthifolia,Albizia,,Tw2165,micro_congo:Albizia_adianthifolia/Tw2165_Tv_2_5x_2,,Albizia adianthifolia,Albizia adianthifolia,A,exact_species_overlap,"P1,P2,P3",Albizia adianthifolia,exact_species_match,
data/images/micro/Albizia_adianthifolia/Tw2165_Tv_2_5x_3.jpg,Albizia_adianthifolia/Tw2165_Tv_2_5x_3.jpg,micro_congo,micro,transversal_semi_thin_section,Albizia adianthifolia,Albizia,,Tw2165,micro_congo:Albizia_adianthifolia/Tw2165_Tv_2_5x_3,,Albizia adianthifolia,Albizia adianthifolia,A,exact_species_overlap,"P1,P2,P3",Albizia adianthifolia,exact_species_match,
data/images/micro/Albizia_adianthifolia/Tw3678_A_adianthifolia_Tr_2_5x.jpg,Albizia_adianthifolia/Tw3678_A_adianthifolia_Tr_2_5x.jpg,micro_congo,micro,transversal_semi_thin_section,Albizia adianthifolia,Albizia,,Tw3678,micro_congo:Albizia_adianthifolia/Tw3678_A_adianthifolia_Tr_2_5x,,Albizia adianthifolia,Albizia adianthifolia,A,exact_species_overlap,"P1,P2,P3",Albizia adianthifolia,exact_species_match,
data/images/micro/Albizia_adianthifolia/Tw3678_A_adianthifolia_Tr_v&p_2_5x.jpg,Albizia_adianthifolia/Tw3678_A_adianthifolia_Tr_v&p_2_5x.jpg,micro_congo,micro,transversal_semi_thin_section,Albizia adianthifolia,Albizia,,Tw3678,micro_congo:Albizia_adianthifolia/Tw3678_A_adianthifolia_Tr_v&p_2_5x,,Albizia adianthifolia,Albizia adianthifolia,A,exact_species_overlap,"P1,P2,P3",Albizia adianthifolia,exact_species_match,
data/images/micro/Albizia_adianthifolia/Tw3678_A_adianthifolia_Tr_woodring_2_5x.jpg,Albizia_adianthifolia/Tw3678_A_adianthifolia_Tr_woodring_2_5x.jpg,micro_congo,micro,transversal_semi_thin_section,Albizia adianthifolia,Albizia,,Tw3678,micro_congo:Albizia_adianthifolia/Tw3678_A_adianthifolia_Tr_woodring_2_5x,,Albizia adianthifolia,Albizia adianthifolia,A,exact_species_overlap,"P1,P2,P3",Albizia adianthifolia,exact_species_match,
data/images/micro/Albizia_adianthifolia/Tw49534_A_adianthifolia_Tr2_2_5x.jpg,Albizia_adianthifolia/Tw49534_A_adianthifolia_Tr2_2_5x.jpg,micro_congo,micro,transversal_semi_thin_section,Albizia adianthifolia,Albizia,,Tw49534,micro_congo:Albizia_adianthifolia/Tw49534_A_adianthifolia_Tr2_2_5x,,Albizia adianthifolia,Albizia adianthifolia,A,exact_species_overlap,"P1,P2,P3",Albizia adianthifolia,exact_species_match,
data/images/micro/Albizia_adianthifolia/Tw49534_A_adianthifolia_Tr_2_5x.jpg,Albizia_adianthifolia/Tw49534_A_adianthifolia_Tr_2_5x.jpg,micro_congo,micro,transversal_semi_thin_section,Albizia adianthifolia,Albizia,,Tw49534,micro_congo:Albizia_adianthifolia/Tw49534_A_adianthifolia_Tr_2_5x,,Albizia adianthifolia,Albizia adianthifolia,A,exact_species_overlap,"P1,P2,P3",Albizia adianthifolia,exact_species_match,
data/images/micro/Albizia_adianthifolia/Tw6974_Tv_2_5x_1.jpg,Albizia_adianthifolia/Tw6974_Tv_2_5x_1.jpg,micro_congo,micro,transversal_semi_thin_section,Albizia adianthifolia,Albizia,,Tw6974,micro_congo:Albizia_adianthifolia/Tw6974_Tv_2_5x_1,,Albizia adianthifolia,Albizia adianthifolia,A,exact_species_overlap,"P1,P2,P3",Albizia adianthifolia,exact_species_match,
data/images/micro/Albizia_adianthifolia/Tw6974_Tv_2_5x_2.jpg,Albizia_adianthifolia/Tw6974_Tv_2_5x_2.jpg,micro_congo,micro,transversal_semi_thin_section,Albizia adianthifolia,Albizia,,Tw6974,micro_congo:Albizia_adianthifolia/Tw6974_Tv_2_5x_2,,Albizia adianthifolia,Albizia adianthifolia,A,exact_species_overlap,"P1,P2,P3",Albizia adianthifolia,exact_species_match,
data/images/micro/Albizia_adianthifolia/Tw6974_Tv_2_5x_3.jpg,Albizia_adianthifolia/Tw6974_Tv_2_5x_3.jpg,micro_congo,micro,transversal_semi_thin_section,Albizia adianthifolia,Albizia,,Tw6974,micro_congo:Albizia_adianthifolia/Tw6974_Tv_2_5x_3,,Albizia adianthifolia,Albizia adianthifolia,A,exact_species_overlap,"P1,P2,P3",Albizia adianthifolia,exact_species_match,
data/images/micro/Albizia_adianthifolia/Tw7298_Tv_2_5x_1.jpg,Albizia_adianthifolia/Tw7298_Tv_2_5x_1.jpg,micro_congo,micro,transversal_semi_thin_section,Albizia adianthifolia,Albizia,,Tw7298,micro_congo:Albizia_adianthifolia/Tw7298_Tv_2_5x_1,,Albizia adianthifolia,Albizia adianthifolia,A,exact_species_overlap,"P1,P2,P3",Albizia adianthifolia,exact_species_match,
data/images/micro/Albizia_adianthifolia/Tw7298_Tv_2_5x_2.jpg,Albizia_adianthifolia/Tw7298_Tv_2_5x_2.jpg,micro_congo,micro,transversal_semi_thin_section,Albizia adianthifolia,Albizia,,Tw7298,micro_congo:Albizia_adianthifolia/Tw7298_Tv_2_5x_2,,Albizia adianthifolia,Albizia adianthifolia,A,exact_species_overlap,"P1,P2,P3",Albizia adianthifolia,exact_species_match,
data/images/micro/Albizia_adianthifolia/Tw7298_Tv_2_5x_3.jpg,Albizia_adianthifolia/Tw7298_Tv_2_5x_3.jpg,micro_congo,micro,transversal_semi_thin_section,Albizia adianthifolia,Albizia,,Tw7298,micro_congo:Albizia_adianthifolia/Tw7298_Tv_2_5x_3,,Albizia adianthifolia,Albizia adianthifolia,A,exact_species_overlap,"P1,P2,P3",Albizia adianthifolia,exact_species_match,
data/images/micro/Albizia_adianthifolia/Tw7478_A_adianthifolia_Tr2_2_5x.jpg,Albizia_adianthifolia/Tw7478_A_adianthifolia_Tr2_2_5x.jpg,micro_congo,micro,transversal_semi_thin_section,Albizia adianthifolia,Albizia,,Tw7478,micro_congo:Albizia_adianthifolia/Tw7478_A_adianthifolia_Tr2_2_5x,,Albizia adianthifolia,Albizia adianthifolia,A,exact_species_overlap,"P1,P2,P3",Albizia adianthifolia,exact_species_match,
data/images/micro/Albizia_adianthifolia/Tw7478_A_adianthifolia_Tr_2_5x.jpg,Albizia_adianthifolia/Tw7478_A_adianthifolia_Tr_2_5x.jpg,micro_congo,micro,transversal_semi_thin_section,Albizia adianthifolia,Albizia,,Tw7478,micro_congo:Albizia_adianthifolia/Tw7478_A_adianthifolia_Tr_2_5x,,Albizia adianthifolia,Albizia adianthifolia,A,exact_species_overlap,"P1,P2,P3",Albizia adianthifolia,exact_species_match,
data/images/micro/Albizia_adianthifolia/Tw7478_A_adianthifolia_Tr_woodring_2_5x.jpg,Albizia_adianthifolia/Tw7478_A_adianthifolia_Tr_woodring_2_5x.jpg,micro_congo,micro,transversal_semi_thin_section,Albizia adianthifolia,Albizia,,Tw7478,micro_congo:Albizia_adianthifolia/Tw7478_A_adianthifolia_Tr_woodring_2_5x,,Albizia adianthifolia,Albizia adianthifolia,A,exact_species_overlap,"P1,P2,P3",Albizia adianthifolia,exact_species_match,
data/images/micro/Albizia_ferruginea/A_ferruginea032.jpg,Albizia_ferruginea/A_ferruginea032.jpg,micro_congo,micro,transversal_semi_thin_section,Albizia ferruginea,Albizia,,A_ferruginea032,micro_congo:Albizia_ferruginea/A_ferruginea032,,Albizia ferruginea,Albizia ferruginea,A,exact_species_overlap,"P1,P2,P3",Albizia ferruginea,exact_species_match,
data/images/micro/Albizia_ferruginea/A_ferruginea033.jpg,Albizia_ferruginea/A_ferruginea033.jpg,micro_congo,micro,transversal_semi_thin_section,Albizia ferruginea,Albizia,,A_ferruginea033,micro_congo:Albizia_ferruginea/A_ferruginea033,,Albizia ferruginea,Albizia ferruginea,A,exact_species_overlap,"P1,P2,P3",Albizia ferruginea,exact_species_match,
data/images/micro/Albizia_ferruginea/Albizia_ferruginea_83.jpg,Albizia_ferruginea/Albizia_ferruginea_83.jpg,micro_congo,micro,transversal_semi_thin_section,Albizia ferruginea,Albizia,,Albizia_ferruginea_83,micro_congo:Albizia_ferruginea/Albizia_ferruginea_83,,Albizia ferruginea,Albizia ferruginea,A,exact_species_overlap,"P1,P2,P3",Albizia ferruginea,exact_species_match,
data/images/micro/Albizia_ferruginea/Albizia_ferruginea_84.jpg,Albizia_ferruginea/Albizia_ferruginea_84.jpg,micro_congo,micro,transversal_semi_thin_section,Albizia ferruginea,Albizia,,Albizia_ferruginea_84,micro_congo:Albizia_ferruginea/Albizia_ferruginea_84,,Albizia ferruginea,Albizia ferruginea,A,exact_species_overlap,"P1,P2,P3",Albizia ferruginea,exact_species_match,
data/images/micro/Albizia_ferruginea/Albizia_ferruginea_85.jpg,Albizia_ferruginea/Albizia_ferruginea_85.jpg,micro_congo,micro,transversal_semi_thin_section,Albizia ferruginea,Albizia,,Albizia_ferruginea_85,micro_congo:Albizia_ferruginea/Albizia_ferruginea_85,,Albizia ferruginea,Albizia ferruginea,A,exact_species_overlap,"P1,P2,P3",Albizia ferruginea,exact_species_match,
data/images/micro/Albizia_ferruginea/Albizia_ferruginea_86.jpg,Albizia_ferruginea/Albizia_ferruginea_86.jpg,micro_congo,micro,transversal_semi_thin_section,Albizia ferruginea,Albizia,,Albizia_ferruginea_86,micro_congo:Albizia_ferruginea/Albizia_ferruginea_86,,Albizia ferruginea,Albizia ferruginea,A,exact_species_overlap,"P1,P2,P3",Albizia ferruginea,exact_species_match,
data/images/micro/Albizia_ferruginea/Tw1172_Tv_2_5x_1.jpg,Albizia_ferruginea/Tw1172_Tv_2_5x_1.jpg,micro_congo,micro,transversal_semi_thin_section,Albizia ferruginea,Albizia,,Tw1172,micro_congo:Albizia_ferruginea/Tw1172_Tv_2_5x_1,,Albizia ferruginea,Albizia ferruginea,A,exact_species_overlap,"P1,P2,P3",Albizia ferruginea,exact_species_match,
data/images/micro/Albizia_ferruginea/Tw1172_Tv_2_5x_2.jpg,Albizia_ferruginea/Tw1172_Tv_2_5x_2.jpg,micro_congo,micro,transversal_semi_thin_section,Albizia ferruginea,Albizia,,Tw1172,micro_congo:Albizia_ferruginea/Tw1172_Tv_2_5x_2,,Albizia ferruginea,Albizia ferruginea,A,exact_species_overlap,"P1,P2,P3",Albizia ferruginea,exact_species_match,
data/images/micro/Albizia_ferruginea/Tw1172_Tv_2_5x_3.jpg,Albizia_ferruginea/Tw1172_Tv_2_5x_3.jpg,micro_congo,micro,transversal_semi_thin_section,Albizia ferruginea,Albizia,,Tw1172,micro_congo:Albizia_ferruginea/Tw1172_Tv_2_5x_3,,Albizia ferruginea,Albizia ferruginea,A,exact_species_overlap,"P1,P2,P3",Albizia ferruginea,exact_species_match,
data/images/micro/Albizia_ferruginea/Tw1450_Tv_2_5x_1.jpg,Albizia_ferruginea/Tw1450_Tv_2_5x_1.jpg,micro_congo,micro,transversal_semi_thin_section,Albizia ferruginea,Albizia,,Tw1450,micro_congo:Albizia_ferruginea/Tw1450_Tv_2_5x_1,,Albizia ferruginea,Albizia ferruginea,A,exact_species_overlap,"P1,P2,P3",Albizia ferruginea,exact_species_match,
data/images/micro/Albizia_ferruginea/Tw1450_Tv_2_5x_2.jpg,Albizia_ferruginea/Tw1450_Tv_2_5x_2.jpg,micro_congo,micro,transversal_semi_thin_section,Albizia ferruginea,Albizia,,Tw1450,micro_congo:Albizia_ferruginea/Tw1450_Tv_2_5x_2,,Albizia ferruginea,Albizia ferruginea,A,exact_species_overlap,"P1,P2,P3",Albizia ferruginea,exact_species_match,
data/images/micro/Albizia_ferruginea/Tw1450_Tv_2_5x_3.jpg,Albizia_ferruginea/Tw1450_Tv_2_5x_3.jpg,micro_congo,micro,transversal_semi_thin_section,Albizia ferruginea,Albizia,,Tw1450,micro_congo:Albizia_ferruginea/Tw1450_Tv_2_5x_3,,Albizia ferruginea,Albizia ferruginea,A,exact_species_overlap,"P1,P2,P3",Albizia ferruginea,exact_species_match,
data/images/micro/Albizia_ferruginea/Tw1544_Tv_2_5x_1.jpg,Albizia_ferruginea/Tw1544_Tv_2_5x_1.jpg,micro_congo,micro,transversal_semi_thin_section,Albizia ferruginea,Albizia,,Tw1544,micro_congo:Albizia_ferruginea/Tw1544_Tv_2_5x_1,,Albizia ferruginea,Albizia ferruginea,A,exact_species_overlap,"P1,P2,P3",Albizia ferruginea,exact_species_match,
data/images/micro/Albizia_ferruginea/Tw1544_Tv_2_5x_2.jpg,Albizia_ferruginea/Tw1544_Tv_2_5x_2.jpg,micro_congo,micro,transversal_semi_thin_section,Albizia ferruginea,Albizia,,Tw1544,micro_congo:Albizia_ferruginea/Tw1544_Tv_2_5x_2,,Albizia ferruginea,Albizia ferruginea,A,exact_species_overlap,"P1,P2,P3",Albizia ferruginea,exact_species_match,
data/images/micro/Albizia_ferruginea/Tw1544_Tv_2_5x_3.jpg,Albizia_ferruginea/Tw1544_Tv_2_5x_3.jpg,micro_congo,micro,transversal_semi_thin_section,Albizia ferruginea,Albizia,,Tw1544,micro_congo:Albizia_ferruginea/Tw1544_Tv_2_5x_3,,Albizia ferruginea,Albizia ferruginea,A,exact_species_overlap,"P1,P2,P3",Albizia ferruginea,exact_species_match,
data/images/micro/Albizia_ferruginea/Tw609_Tv_2_5x_1.jpg,Albizia_ferruginea/Tw609_Tv_2_5x_1.jpg,micro_congo,micro,transversal_semi_thin_section,Albizia ferruginea,Albizia,,Tw609,micro_congo:Albizia_ferruginea/Tw609_Tv_2_5x_1,,Albizia ferruginea,Albizia ferruginea,A,exact_species_overlap,"P1,P2,P3",Albizia ferruginea,exact_species_match,
data/images/micro/Albizia_ferruginea/Tw609_Tv_2_5x_2.jpg,Albizia_ferruginea/Tw609_Tv_2_5x_2.jpg,micro_congo,micro,transversal_semi_thin_section,Albizia ferruginea,Albizia,,Tw609,micro_congo:Albizia_ferruginea/Tw609_Tv_2_5x_2,,Albizia ferruginea,Albizia ferruginea,A,exact_species_overlap,"P1,P2,P3",Albizia ferruginea,exact_species_match,
data/images/micro/Albizia_ferruginea/Tw609_Tv_2_5x_3.jpg,Albizia_ferruginea/Tw609_Tv_2_5x_3.jpg,micro_congo,micro,transversal_semi_thin_section,Albizia ferruginea,Albizia,,Tw609,micro_congo:Albizia_ferruginea/Tw609_Tv_2_5x_3,,Albizia ferruginea,Albizia ferruginea,A,exact_species_overlap,"P1,P2,P3",Albizia ferruginea,exact_species_match,
data/images/micro/Albizia_ferruginea/Tw724_Tv_2_5x_1.jpg,Albizia_ferruginea/Tw724_Tv_2_5x_1.jpg,micro_congo,micro,transversal_semi_thin_section,Albizia ferruginea,Albizia,,Tw724,micro_congo:Albizia_ferruginea/Tw724_Tv_2_5x_1,,Albizia ferruginea,Albizia ferruginea,A,exact_species_overlap,"P1,P2,P3",Albizia ferruginea,exact_species_match,
data/images/micro/Albizia_ferruginea/Tw724_Tv_2_5x_2.jpg,Albizia_ferruginea/Tw724_Tv_2_5x_2.jpg,micro_congo,micro,transversal_semi_thin_section,Albizia ferruginea,Albizia,,Tw724,micro_congo:Albizia_ferruginea/Tw724_Tv_2_5x_2,,Albizia ferruginea,Albizia ferruginea,A,exact_species_overlap,"P1,P2,P3",Albizia ferruginea,exact_species_match,
data/images/micro/Albizia_ferruginea/Tw842_Tv_2_5x_1.jpg,Albizia_ferruginea/Tw842_Tv_2_5x_1.jpg,micro_congo,micro,transversal_semi_thin_section,Albizia ferruginea,Albizia,,Tw842,micro_congo:Albizia_ferruginea/Tw842_Tv_2_5x_1,,Albizia ferruginea,Albizia ferruginea,A,exact_species_overlap,"P1,P2,P3",Albizia ferruginea,exact_species_match,
data/images/micro/Albizia_ferruginea/Tw842_Tv_2_5x_2.jpg,Albizia_ferruginea/Tw842_Tv_2_5x_2.jpg,micro_congo,micro,transversal_semi_thin_section,Albizia ferruginea,Albizia,,Tw842,micro_congo:Albizia_ferruginea/Tw842_Tv_2_5x_2,,Albizia ferruginea,Albizia ferruginea,A,exact_species_overlap,"P1,P2,P3",Albizia ferruginea,exact_species_match,
data/images/micro/Albizia_ferruginea/Tw842_Tv_2_5x_3.jpg,Albizia_ferruginea/Tw842_Tv_2_5x_3.jpg,micro_congo,micro,transversal_semi_thin_section,Albizia ferruginea,Albizia,,Tw842,micro_congo:Albizia_ferruginea/Tw842_Tv_2_5x_3,,Albizia ferruginea,Albizia ferruginea,A,exact_species_overlap,"P1,P2,P3",Albizia ferruginea,exact_species_match,
data/images/micro/Alstonia_boonei/Tw1168_a_boonei_tr2_2_5x.jpg,Alstonia_boonei/Tw1168_a_boonei_tr2_2_5x.jpg,micro_congo,micro,transversal_semi_thin_section,Alstonia boonei,Alstonia,,Tw1168,micro_congo:Alstonia_boonei/Tw1168_a_boonei_tr2_2_5x,,Alstonia boonei,Alstonia boonei,A,exact_species_overlap,"P1,P2,P3",Alstonia boonei,exact_species_match,
data/images/micro/Alstonia_boonei/Tw1168_a_boonei_tr3_2_5x.jpg,Alstonia_boonei/Tw1168_a_boonei_tr3_2_5x.jpg,micro_congo,micro,transversal_semi_thin_section,Alstonia boonei,Alstonia,,Tw1168,micro_congo:Alstonia_boonei/Tw1168_a_boonei_tr3_2_5x,,Alstonia boonei,Alstonia boonei,A,exact_species_overlap,"P1,P2,P3",Alstonia boonei,exact_species_match,
data/images/micro/Alstonia_boonei/Tw1168_a_boonei_tr_2_5x.jpg,Alstonia_boonei/Tw1168_a_boonei_tr_2_5x.jpg,micro_congo,micro,transversal_semi_thin_section,Alstonia boonei,Alstonia,,Tw1168,micro_congo:Alstonia_boonei/Tw1168_a_boonei_tr_2_5x,,Alstonia boonei,Alstonia boonei,A,exact_species_overlap,"P1,P2,P3",Alstonia boonei,exact_species_match,
data/images/micro/Alstonia_boonei/Tw1470_a_boonei_tr2_2_5x.jpg,Alstonia_boonei/Tw1470_a_boonei_tr2_2_5x.jpg,micro_congo,micro,transversal_semi_thin_section,Alstonia boonei,Alstonia,,Tw1470,micro_congo:Alstonia_boonei/Tw1470_a_boonei_tr2_2_5x,,Alstonia boonei,Alstonia boonei,A,exact_species_overlap,"P1,P2,P3",Alstonia boonei,exact_species_match,
data/images/micro/Alstonia_boonei/Tw1470_a_boonei_tr3_2_5x.jpg,Alstonia_boonei/Tw1470_a_boonei_tr3_2_5x.jpg,micro_congo,micro,transversal_semi_thin_section,Alstonia boonei,Alstonia,,Tw1470,micro_congo:Alstonia_boonei/Tw1470_a_boonei_tr3_2_5x,,Alstonia boonei,Alstonia boonei,A,exact_species_overlap,"P1,P2,P3",Alstonia boonei,exact_species_match,
data/images/micro/Alstonia_boonei/Tw1470_a_boonei_tr_2_5x.jpg,Alstonia_boonei/Tw1470_a_boonei_tr_2_5x.jpg,micro_congo,micro,transversal_semi_thin_section,Alstonia boonei,Alstonia,,Tw1470,micro_congo:Alstonia_boonei/Tw1470_a_boonei_tr_2_5x,,Alstonia boonei,Alstonia boonei,A,exact_species_overlap,"P1,P2,P3",Alstonia boonei,exact_species_match,
data/images/micro/Alstonia_boonei/Tw1640_a_boonei_tr2_2_5x.jpg,Alstonia_boonei/Tw1640_a_boonei_tr2_2_5x.jpg,micro_congo,micro,transversal_semi_thin_section,Alstonia boonei,Alstonia,,Tw1640,micro_congo:Alstonia_boonei/Tw1640_a_boonei_tr2_2_5x,,Alstonia boonei,Alstonia boonei,A,exact_species_overlap,"P1,P2,P3",Alstonia boonei,exact_species_match,
data/images/micro/Alstonia_boonei/Tw1640_a_boonei_tr3_2_5x.jpg,Alstonia_boonei/Tw1640_a_boonei_tr3_2_5x.jpg,micro_congo,micro,transversal_semi_thin_section,Alstonia boonei,Alstonia,,Tw1640,micro_congo:Alstonia_boonei/Tw1640_a_boonei_tr3_2_5x,,Alstonia boonei,Alstonia boonei,A,exact_species_overlap,"P1,P2,P3",Alstonia boonei,exact_species_match,
data/images/micro/Alstonia_boonei/Tw1640_a_boonei_tr_2_5x.jpg,Alstonia_boonei/Tw1640_a_boonei_tr_2_5x.jpg,micro_congo,micro,transversal_semi_thin_section,Alstonia boonei,Alstonia,,Tw1640,micro_congo:Alstonia_boonei/Tw1640_a_boonei_tr_2_5x,,Alstonia boonei,Alstonia boonei,A,exact_species_overlap,"P1,P2,P3",Alstonia boonei,exact_species_match,
data/images/micro/Alstonia_boonei/Tw5203_a_boonei_tr2_2_5x.jpg,Alstonia_boonei/Tw5203_a_boonei_tr2_2_5x.jpg,micro_congo,micro,transversal_semi_thin_section,Alstonia boonei,Alstonia,,Tw5203,micro_congo:Alstonia_boonei/Tw5203_a_boonei_tr2_2_5x,,Alstonia boonei,Alstonia boonei,A,exact_species_overlap,"P1,P2,P3",Alstonia boonei,exact_species_match,
data/images/micro/Alstonia_boonei/Tw5203_a_boonei_tr3_2_5x.jpg,Alstonia_boonei/Tw5203_a_boonei_tr3_2_5x.jpg,micro_congo,micro,transversal_semi_thin_section,Alstonia boonei,Alstonia,,Tw5203,micro_congo:Alstonia_boonei/Tw5203_a_boonei_tr3_2_5x,,Alstonia boonei,Alstonia boonei,A,exact_species_overlap,"P1,P2,P3",Alstonia boonei,exact_species_match,
data/images/micro/Alstonia_boonei/Tw5203_a_boonei_tr_2_5x.jpg,Alstonia_boonei/Tw5203_a_boonei_tr_2_5x.jpg,micro_congo,micro,transversal_semi_thin_section,Alstonia boonei,Alstonia,,Tw5203,micro_congo:Alstonia_boonei/Tw5203_a_boonei_tr_2_5x,,Alstonia boonei,Alstonia boonei,A,exact_species_overlap,"P1,P2,P3",Alstonia boonei,exact_species_match,
data/images/micro/Alstonia_boonei/Tw5208_a_boonei_tr2_2_5x.jpg,Alstonia_boonei/Tw5208_a_boonei_tr2_2_5x.jpg,micro_congo,micro,transversal_semi_thin_section,Alstonia boonei,Alstonia,,Tw5208,micro_congo:Alstonia_boonei/Tw5208_a_boonei_tr2_2_5x,,Alstonia boonei,Alstonia boonei,A,exact_species_overlap,"P1,P2,P3",Alstonia boonei,exact_species_match,
data/images/micro/Alstonia_boonei/Tw5208_a_boonei_tr3_2_5x.jpg,Alstonia_boonei/Tw5208_a_boonei_tr3_2_5x.jpg,micro_congo,micro,transversal_semi_thin_section,Alstonia boonei,Alstonia,,Tw5208,micro_congo:Alstonia_boonei/Tw5208_a_boonei_tr3_2_5x,,Alstonia boonei,Alstonia boonei,A,exact_species_overlap,"P1,P2,P3",Alstonia boonei,exact_species_match,
data/images/micro/Alstonia_boonei/Tw5208_a_boonei_tr_2_5x.jpg,Alstonia_boonei/Tw5208_a_boonei_tr_2_5x.jpg,micro_congo,micro,transversal_semi_thin_section,Alstonia boonei,Alstonia,,Tw5208,micro_congo:Alstonia_boonei/Tw5208_a_boonei_tr_2_5x,,Alstonia boonei,Alstonia boonei,A,exact_species_overlap,"P1,P2,P3",Alstonia boonei,exact_species_match,
data/images/micro/Amphimas_pterocarpoides/Tw3694_A_pterocarpoides_TR_g2_2_5x.jpg,Amphimas_pterocarpoides/Tw3694_A_pterocarpoides_TR_g2_2_5x.jpg,micro_congo,micro,transversal_semi_thin_section,Amphimas pterocarpoides,Amphimas,,Tw3694,micro_congo:Amphimas_pterocarpoides/Tw3694_A_pterocarpoides_TR_g2_2_5x,,Amphimas pterocarpoides,Amphimas pterocarpoides,A,exact_species_overlap,"P1,P2,P3",Amphimas pterocarpoides,exact_species_match,
data/images/micro/Amphimas_pterocarpoides/Tw3694_A_pterocarpoides_TR_g3_2_5x.jpg,Amphimas_pterocarpoides/Tw3694_A_pterocarpoides_TR_g3_2_5x.jpg,micro_congo,micro,transversal_semi_thin_section,Amphimas pterocarpoides,Amphimas,,Tw3694,micro_congo:Amphimas_pterocarpoides/Tw3694_A_pterocarpoides_TR_g3_2_5x,,Amphimas pterocarpoides,Amphimas pterocarpoides,A,exact_species_overlap,"P1,P2,P3",Amphimas pterocarpoides,exact_species_match,
data/images/micro/Amphimas_pterocarpoides/Tw3694_A_pterocarpoides_TR_g4_2_5x.jpg,Amphimas_pterocarpoides/Tw3694_A_pterocarpoides_TR_g4_2_5x.jpg,micro_congo,micro,transversal_semi_thin_section,Amphimas pterocarpoides,Amphimas,,Tw3694,micro_congo:Amphimas_pterocarpoides/Tw3694_A_pterocarpoides_TR_g4_2_5x,,Amphimas pterocarpoides,Amphimas pterocarpoides,A,exact_species_overlap,"P1,P2,P3",Amphimas pterocarpoides,exact_species_match,
data/images/micro/Amphimas_pterocarpoides/Tw3694_A_pterocarpoides_TR_gother_2_5x.jpg,Amphimas_pterocarpoides/Tw3694_A_pterocarpoides_TR_gother_2_5x.jpg,micro_congo,micro,transversal_semi_thin_section,Amphimas pterocarpoides,Amphimas,,Tw3694,micro_congo:Amphimas_pterocarpoides/Tw3694_A_pterocarpoides_TR_gother_2_5x,,Amphimas pterocarpoides,Amphimas pterocarpoides,A,exact_species_overlap,"P1,P2,P3",Amphimas pterocarpoides,exact_species_match,
data/images/micro/Amphimas_pterocarpoides/Tw394_A_pterocarpoides_TR_g2_2_5x.jpg,Amphimas_pterocarpoides/Tw394_A_pterocarpoides_TR_g2_2_5x.jpg,micro_congo,micro,transversal_semi_thin_section,Amphimas pterocarpoides,Amphimas,,Tw394,micro_congo:Amphimas_pterocarpoides/Tw394_A_pterocarpoides_TR_g2_2_5x,,Amphimas pterocarpoides,Amphimas pterocarpoides,A,exact_species_overlap,"P1,P2,P3",Amphimas pterocarpoides,exact_species_match,
data/images/micro/Amphimas_pterocarpoides/Tw394_A_pterocarpoides_TR_g3_2_5x.jpg,Amphimas_pterocarpoides/Tw394_A_pterocarpoides_TR_g3_2_5x.jpg,micro_congo,micro,transversal_semi_thin_section,Amphimas pterocarpoides,Amphimas,,Tw394,micro_congo:Amphimas_pterocarpoides/Tw394_A_pterocarpoides_TR_g3_2_5x,,Amphimas pterocarpoides,Amphimas pterocarpoides,A,exact_species_overlap,"P1,P2,P3",Amphimas pterocarpoides,exact_species_match,
data/images/micro/Amphimas_pterocarpoides/Tw394_A_pterocarpoides_TR_g_2_5x.jpg,Amphimas_pterocarpoides/Tw394_A_pterocarpoides_TR_g_2_5x.jpg,micro_congo,micro,transversal_semi_thin_section,Amphimas pterocarpoides,Amphimas,,Tw394,micro_congo:Amphimas_pterocarpoides/Tw394_A_pterocarpoides_TR_g_2_5x,,Amphimas pterocarpoides,Amphimas pterocarpoides,A,exact_species_overlap,"P1,P2,P3",Amphimas pterocarpoides,exact_species_match,
data/images/micro/Amphimas_pterocarpoides/Tw7111_A_pterocarpoides_Tr2_2_5x.jpg,Amphimas_pterocarpoides/Tw7111_A_pterocarpoides_Tr2_2_5x.jpg,micro_congo,micro,transversal_semi_thin_section,Amphimas pterocarpoides,Amphimas,,Tw7111,micro_congo:Amphimas_pterocarpoides/Tw7111_A_pterocarpoides_Tr2_2_5x,,Amphimas pterocarpoides,Amphimas pterocarpoides,A,exact_species_overlap,"P1,P2,P3",Amphimas pterocarpoides,exact_species_match,
data/images/micro/Amphimas_pterocarpoides/Tw7111_A_pterocarpoides_Tr3_2_5x.jpg,Amphimas_pterocarpoides/Tw7111_A_pterocarpoides_Tr3_2_5x.jpg,micro_congo,micro,transversal_semi_thin_section,Amphimas pterocarpoides,Amphimas,,Tw7111,micro_congo:Amphimas_pterocarpoides/Tw7111_A_pterocarpoides_Tr3_2_5x,,Amphimas pterocarpoides,Amphimas pterocarpoides,A,exact_species_overlap,"P1,P2,P3",Amphimas pterocarpoides,exact_species_match,
data/images/micro/Amphimas_pterocarpoides/Tw7111_A_pterocarpoides_Tr_2_5x.jpg,Amphimas_pterocarpoides/Tw7111_A_pterocarpoides_Tr_2_5x.jpg,micro_congo,micro,transversal_semi_thin_section,Amphimas pterocarpoides,Amphimas,,Tw7111,micro_congo:Amphimas_pterocarpoides/Tw7111_A_pterocarpoides_Tr_2_5x,,Amphimas pterocarpoides,Amphimas pterocarpoides,A,exact_species_overlap,"P1,P2,P3",Amphimas pterocarpoides,exact_species_match,
data/images/micro/Amphimas_pterocarpoides/Tw7324_A_pterocarpoides_TR_2_5x.jpg,Amphimas_pterocarpoides/Tw7324_A_pterocarpoides_TR_2_5x.jpg,micro_congo,micro,transversal_semi_thin_section,Amphimas pterocarpoides,Amphimas,,Tw7324,micro_congo:Amphimas_pterocarpoides/Tw7324_A_pterocarpoides_TR_2_5x,,Amphimas pterocarpoides,Amphimas pterocarpoides,A,exact_species_overlap,"P1,P2,P3",Amphimas pterocarpoides,exact_species_match,
data/images/micro/Amphimas_pterocarpoides/Tw7324_A_pterocarpoides_TR_g2_2_5x.jpg,Amphimas_pterocarpoides/Tw7324_A_pterocarpoides_TR_g2_2_5x.jpg,micro_congo,micro,transversal_semi_thin_section,Amphimas pterocarpoides,Amphimas,,Tw7324,micro_congo:Amphimas_pterocarpoides/Tw7324_A_pterocarpoides_TR_g2_2_5x,,Amphimas pterocarpoides,Amphimas pterocarpoides,A,exact_species_overlap,"P1,P2,P3",Amphimas pterocarpoides,exact_species_match,
data/images/micro/Amphimas_pterocarpoides/Tw7324_A_pterocarpoides_TR_g_2_5x.jpg,Amphimas_pterocarpoides/Tw7324_A_pterocarpoides_TR_g_2_5x.jpg,micro_congo,micro,transversal_semi_thin_section,Amphimas pterocarpoides,Amphimas,,Tw7324,micro_congo:Amphimas_pterocarpoides/Tw7324_A_pterocarpoides_TR_g_2_5x,,Amphimas pterocarpoides,Amphimas pterocarpoides,A,exact_species_overlap,"P1,P2,P3",Amphimas pterocarpoides,exact_species_match,
data/images/micro/Autranella_congolensis/Tw1374_Tv_2_5x_1.jpg,Autranella_congolensis/Tw1374_Tv_2_5x_1.jpg,micro_congo,micro,transversal_semi_thin_section,Autranella congolensis,Autranella,,Tw1374,micro_congo:Autranella_congolensis/Tw1374_Tv_2_5x_1,,Autranella congolensis,Autranella congolensis,A,exact_species_overlap,"P1,P2,P3",Autranella congolensis,exact_species_match,
data/images/micro/Autranella_congolensis/Tw1374_Tv_2_5x_2.jpg,Autranella_congolensis/Tw1374_Tv_2_5x_2.jpg,micro_congo,micro,transversal_semi_thin_section,Autranella congolensis,Autranella,,Tw1374,micro_congo:Autranella_congolensis/Tw1374_Tv_2_5x_2,,Autranella congolensis,Autranella congolensis,A,exact_species_overlap,"P1,P2,P3",Autranella congolensis,exact_species_match,
data/images/micro/Autranella_congolensis/Tw1374_Tv_2_5x_3.jpg,Autranella_congolensis/Tw1374_Tv_2_5x_3.jpg,micro_congo,micro,transversal_semi_thin_section,Autranella congolensis,Autranella,,Tw1374,micro_congo:Autranella_congolensis/Tw1374_Tv_2_5x_3,,Autranella congolensis,Autranella congolensis,A,exact_species_overlap,"P1,P2,P3",Autranella congolensis,exact_species_match,
data/images/micro/Autranella_congolensis/Tw430_Tv_2_5x_1.jpg,Autranella_congolensis/Tw430_Tv_2_5x_1.jpg,micro_congo,micro,transversal_semi_thin_section,Autranella congolensis,Autranella,,Tw430,micro_congo:Autranella_congolensis/Tw430_Tv_2_5x_1,,Autranella congolensis,Autranella congolensis,A,exact_species_overlap,"P1,P2,P3",Autranella congolensis,exact_species_match,
data/images/micro/Autranella_congolensis/Tw430_Tv_2_5x_2.jpg,Autranella_congolensis/Tw430_Tv_2_5x_2.jpg,micro_congo,micro,transversal_semi_thin_section,Autranella congolensis,Autranella,,Tw430,micro_congo:Autranella_congolensis/Tw430_Tv_2_5x_2,,Autranella congolensis,Autranella congolensis,A,exact_species_overlap,"P1,P2,P3",Autranella congolensis,exact_species_match,
data/images/micro/Autranella_congolensis/Tw430_Tv_2_5x_3.jpg,Autranella_congolensis/Tw430_Tv_2_5x_3.jpg,micro_congo,micro,transversal_semi_thin_section,Autranella congolensis,Autranella,,Tw430,micro_congo:Autranella_congolensis/Tw430_Tv_2_5x_3,,Autranella congolensis,Autranella congolensis,A,exact_species_overlap,"P1,P2,P3",Autranella congolensis,exact_species_match,
data/images/micro/Autranella_congolensis/Tw53057_Tv_2_5x_1.jpg,Autranella_congolensis/Tw53057_Tv_2_5x_1.jpg,micro_congo,micro,transversal_semi_thin_section,Autranella congolensis,Autranella,,Tw53057,micro_congo:Autranella_congolensis/Tw53057_Tv_2_5x_1,,Autranella congolensis,Autranella congolensis,A,exact_species_overlap,"P1,P2,P3",Autranella congolensis,exact_species_match,
data/images/micro/Autranella_congolensis/Tw53057_Tv_2_5x_2.jpg,Autranella_congolensis/Tw53057_Tv_2_5x_2.jpg,micro_congo,micro,transversal_semi_thin_section,Autranella congolensis,Autranella,,Tw53057,micro_congo:Autranella_congolensis/Tw53057_Tv_2_5x_2,,Autranella congolensis,Autranella congolensis,A,exact_species_overlap,"P1,P2,P3",Autranella congolensis,exact_species_match,
data/images/micro/Autranella_congolensis/Tw53057_Tv_2_5x_3.jpg,Autranella_congolensis/Tw53057_Tv_2_5x_3.jpg,micro_congo,micro,transversal_semi_thin_section,Autranella congolensis,Autranella,,Tw53057,micro_congo:Autranella_congolensis/Tw53057_Tv_2_5x_3,,Autranella congolensis,Autranella congolensis,A,exact_species_overlap,"P1,P2,P3",Autranella congolensis,exact_species_match,
data/images/micro/Canarium_schweinfurthii/Tw2186_c_schweinfurthii_Tr2_2_5x.jpg,Canarium_schweinfurthii/Tw2186_c_schweinfurthii_Tr2_2_5x.jpg,micro_congo,micro,transversal_semi_thin_section,Canarium schweinfurthii,Canarium,,Tw2186,micro_congo:Canarium_schweinfurthii/Tw2186_c_schweinfurthii_Tr2_2_5x,,Canarium schweinfurthii,Canarium schweinfurthii,A,exact_species_overlap,"P1,P2,P3",Canarium schweinfurthii,exact_species_match,
data/images/micro/Canarium_schweinfurthii/Tw2186_c_schweinfurthii_Tr_2_5x.jpg,Canarium_schweinfurthii/Tw2186_c_schweinfurthii_Tr_2_5x.jpg,micro_congo,micro,transversal_semi_thin_section,Canarium schweinfurthii,Canarium,,Tw2186,micro_congo:Canarium_schweinfurthii/Tw2186_c_schweinfurthii_Tr_2_5x,,Canarium schweinfurthii,Canarium schweinfurthii,A,exact_species_overlap,"P1,P2,P3",Canarium schweinfurthii,exact_species_match,
data/images/micro/Canarium_schweinfurthii/Tw2188_c_schweinfurthii_Tr2_2_5x.jpg,Canarium_schweinfurthii/Tw2188_c_schweinfurthii_Tr2_2_5x.jpg,micro_congo,micro,transversal_semi_thin_section,Canarium schweinfurthii,Canarium,,Tw2188,micro_congo:Canarium_schweinfurthii/Tw2188_c_schweinfurthii_Tr2_2_5x,,Canarium schweinfurthii,Canarium schweinfurthii,A,exact_species_overlap,"P1,P2,P3",Canarium schweinfurthii,exact_species_match,
data/images/micro/Canarium_schweinfurthii/Tw2188_c_schweinfurthii_Tr3_2_5x.jpg,Canarium_schweinfurthii/Tw2188_c_schweinfurthii_Tr3_2_5x.jpg,micro_congo,micro,transversal_semi_thin_section,Canarium schweinfurthii,Canarium,,Tw2188,micro_congo:Canarium_schweinfurthii/Tw2188_c_schweinfurthii_Tr3_2_5x,,Canarium schweinfurthii,Canarium schweinfurthii,A,exact_species_overlap,"P1,P2,P3",Canarium schweinfurthii,exact_species_match,
data/images/micro/Canarium_schweinfurthii/Tw2188_c_schweinfurthii_Tr_2_5x.jpg,Canarium_schweinfurthii/Tw2188_c_schweinfurthii_Tr_2_5x.jpg,micro_congo,micro,transversal_semi_thin_section,Canarium schweinfurthii,Canarium,,Tw2188,micro_congo:Canarium_schweinfurthii/Tw2188_c_schweinfurthii_Tr_2_5x,,Canarium schweinfurthii,Canarium schweinfurthii,A,exact_species_overlap,"P1,P2,P3",Canarium schweinfurthii,exact_species_match,
data/images/micro/Canarium_schweinfurthii/Tw2213_c_schweinfurthii_Tr2_2_5x.jpg,Canarium_schweinfurthii/Tw2213_c_schweinfurthii_Tr2_2_5x.jpg,micro_congo,micro,transversal_semi_thin_section,Canarium schweinfurthii,Canarium,,Tw2213,micro_congo:Canarium_schweinfurthii/Tw2213_c_schweinfurthii_Tr2_2_5x,,Canarium schweinfurthii,Canarium schweinfurthii,A,exact_species_overlap,"P1,P2,P3",Canarium schweinfurthii,exact_species_match,
data/images/micro/Canarium_schweinfurthii/Tw2213_c_schweinfurthii_Tr3_2_5x.jpg,Canarium_schweinfurthii/Tw2213_c_schweinfurthii_Tr3_2_5x.jpg,micro_congo,micro,transversal_semi_thin_section,Canarium schweinfurthii,Canarium,,Tw2213,micro_congo:Canarium_schweinfurthii/Tw2213_c_schweinfurthii_Tr3_2_5x,,Canarium schweinfurthii,Canarium schweinfurthii,A,exact_species_overlap,"P1,P2,P3",Canarium schweinfurthii,exact_species_match,
data/images/micro/Canarium_schweinfurthii/Tw2213_c_schweinfurthii_Tr_2_5x.jpg,Canarium_schweinfurthii/Tw2213_c_schweinfurthii_Tr_2_5x.jpg,micro_congo,micro,transversal_semi_thin_section,Canarium schweinfurthii,Canarium,,Tw2213,micro_congo:Canarium_schweinfurthii/Tw2213_c_schweinfurthii_Tr_2_5x,,Canarium schweinfurthii,Canarium schweinfurthii,A,exact_species_overlap,"P1,P2,P3",Canarium schweinfurthii,exact_species_match,
data/images/micro/Canarium_schweinfurthii/Tw255_c_schweinfurthii_Tr2_2_5x.jpg,Canarium_schweinfurthii/Tw255_c_schweinfurthii_Tr2_2_5x.jpg,micro_congo,micro,transversal_semi_thin_section,Canarium schweinfurthii,Canarium,,Tw255,micro_congo:Canarium_schweinfurthii/Tw255_c_schweinfurthii_Tr2_2_5x,,Canarium schweinfurthii,Canarium schweinfurthii,A,exact_species_overlap,"P1,P2,P3",Canarium schweinfurthii,exact_species_match,
data/images/micro/Canarium_schweinfurthii/Tw255_c_schweinfurthii_Tr3_2_5x.jpg,Canarium_schweinfurthii/Tw255_c_schweinfurthii_Tr3_2_5x.jpg,micro_congo,micro,transversal_semi_thin_section,Canarium schweinfurthii,Canarium,,Tw255,micro_congo:Canarium_schweinfurthii/Tw255_c_schweinfurthii_Tr3_2_5x,,Canarium schweinfurthii,Canarium schweinfurthii,A,exact_species_overlap,"P1,P2,P3",Canarium schweinfurthii,exact_species_match,
data/images/micro/Canarium_schweinfurthii/Tw255_c_schweinfurthii_Tr_2_5x.jpg,Canarium_schweinfurthii/Tw255_c_schweinfurthii_Tr_2_5x.jpg,micro_congo,micro,transversal_semi_thin_section,Canarium schweinfurthii,Canarium,,Tw255,micro_congo:Canarium_schweinfurthii/Tw255_c_schweinfurthii_Tr_2_5x,,Canarium schweinfurthii,Canarium schweinfurthii,A,exact_species_overlap,"P1,P2,P3",Canarium schweinfurthii,exact_species_match,
data/images/micro/Canarium_schweinfurthii/Tw6950_c_schweinfurthii_Tr2_2_5x.jpg,Canarium_schweinfurthii/Tw6950_c_schweinfurthii_Tr2_2_5x.jpg,micro_congo,micro,transversal_semi_thin_section,Canarium schweinfurthii,Canarium,,Tw6950,micro_congo:Canarium_schweinfurthii/Tw6950_c_schweinfurthii_Tr2_2_5x,,Canarium schweinfurthii,Canarium schweinfurthii,A,exact_species_overlap,"P1,P2,P3",Canarium schweinfurthii,exact_species_match,
data/images/micro/Canarium_schweinfurthii/Tw6950_c_schweinfurthii_Tr3_2_5x.jpg,Canarium_schweinfurthii/Tw6950_c_schweinfurthii_Tr3_2_5x.jpg,micro_congo,micro,transversal_semi_thin_section,Canarium schweinfurthii,Canarium,,Tw6950,micro_congo:Canarium_schweinfurthii/Tw6950_c_schweinfurthii_Tr3_2_5x,,Canarium schweinfurthii,Canarium schweinfurthii,A,exact_species_overlap,"P1,P2,P3",Canarium schweinfurthii,exact_species_match,
data/images/micro/Canarium_schweinfurthii/Tw6950_c_schweinfurthii_Tr_2_5x.jpg,Canarium_schweinfurthii/Tw6950_c_schweinfurthii_Tr_2_5x.jpg,micro_congo,micro,transversal_semi_thin_section,Canarium schweinfurthii,Canarium,,Tw6950,micro_congo:Canarium_schweinfurthii/Tw6950_c_schweinfurthii_Tr_2_5x,,Canarium schweinfurthii,Canarium schweinfurthii,A,exact_species_overlap,"P1,P2,P3",Canarium schweinfurthii,exact_species_match,
data/images/micro/Entandrophragma_angolense/E_angolense004.jpg,Entandrophragma_angolense/E_angolense004.jpg,micro_congo,micro,transversal_semi_thin_section,Entandrophragma angolense,Entandrophragma,,E_angolense004,micro_congo:Entandrophragma_angolense/E_angolense004,,Entandrophragma angolense,Entandrophragma angolense,A,exact_species_overlap,"P1,P2,P3",Entandrophragma angolense,exact_species_match,
data/images/micro/Entandrophragma_angolense/E_angolense_a034.jpg,Entandrophragma_angolense/E_angolense_a034.jpg,micro_congo,micro,transversal_semi_thin_section,Entandrophragma angolense,Entandrophragma,,E_angolense_a034,micro_congo:Entandrophragma_angolense/E_angolense_a034,,Entandrophragma angolense,Entandrophragma angolense,A,exact_species_overlap,"P1,P2,P3",Entandrophragma angolense,exact_species_match,
data/images/micro/Entandrophragma_angolense/E_angolense_a035.jpg,Entandrophragma_angolense/E_angolense_a035.jpg,micro_congo,micro,transversal_semi_thin_section,Entandrophragma angolense,Entandrophragma,,E_angolense_a035,micro_congo:Entandrophragma_angolense/E_angolense_a035,,Entandrophragma angolense,Entandrophragma angolense,A,exact_species_overlap,"P1,P2,P3",Entandrophragma angolense,exact_species_match,
data/images/micro/Entandrophragma_angolense/E_angolense_a036.jpg,Entandrophragma_angolense/E_angolense_a036.jpg,micro_congo,micro,transversal_semi_thin_section,Entandrophragma angolense,Entandrophragma,,E_angolense_a036,micro_congo:Entandrophragma_angolense/E_angolense_a036,,Entandrophragma angolense,Entandrophragma angolense,A,exact_species_overlap,"P1,P2,P3",Entandrophragma angolense,exact_species_match,
data/images/micro/Entandrophragma_angolense/E_angolense_a037.jpg,Entandrophragma_angolense/E_angolense_a037.jpg,micro_congo,micro,transversal_semi_thin_section,Entandrophragma angolense,Entandrophragma,,E_angolense_a037,micro_congo:Entandrophragma_angolense/E_angolense_a037,,Entandrophragma angolense,Entandrophragma angolense,A,exact_species_overlap,"P1,P2,P3",Entandrophragma angolense,exact_species_match,
data/images/micro/Entandrophragma_angolense/Tw11068_Tv_2_5x_1.jpg,Entandrophragma_angolense/Tw11068_Tv_2_5x_1.jpg,micro_congo,micro,transversal_semi_thin_section,Entandrophragma angolense,Entandrophragma,,Tw11068,micro_congo:Entandrophragma_angolense/Tw11068_Tv_2_5x_1,,Entandrophragma angolense,Entandrophragma angolense,A,exact_species_overlap,"P1,P2,P3",Entandrophragma angolense,exact_species_match,
data/images/micro/Entandrophragma_angolense/Tw11068_Tv_2_5x_2.jpg,Entandrophragma_angolense/Tw11068_Tv_2_5x_2.jpg,micro_congo,micro,transversal_semi_thin_section,Entandrophragma angolense,Entandrophragma,,Tw11068,micro_congo:Entandrophragma_angolense/Tw11068_Tv_2_5x_2,,Entandrophragma angolense,Entandrophragma angolense,A,exact_species_overlap,"P1,P2,P3",Entandrophragma angolense,exact_species_match,
data/images/micro/Entandrophragma_angolense/Tw11068_Tv_2_5x_3.jpg,Entandrophragma_angolense/Tw11068_Tv_2_5x_3.jpg,micro_congo,micro,transversal_semi_thin_section,Entandrophragma angolense,Entandrophragma,,Tw11068,micro_congo:Entandrophragma_angolense/Tw11068_Tv_2_5x_3,,Entandrophragma angolense,Entandrophragma angolense,A,exact_species_overlap,"P1,P2,P3",Entandrophragma angolense,exact_species_match,
data/images/micro/Entandrophragma_angolense/Tw11449_Tv_2_5x_1.jpg,Entandrophragma_angolense/Tw11449_Tv_2_5x_1.jpg,micro_congo,micro,transversal_semi_thin_section,Entandrophragma angolense,Entandrophragma,,Tw11449,micro_congo:Entandrophragma_angolense/Tw11449_Tv_2_5x_1,,Entandrophragma angolense,Entandrophragma angolense,A,exact_species_overlap,"P1,P2,P3",Entandrophragma angolense,exact_species_match,
data/images/micro/Entandrophragma_angolense/Tw11449_Tv_2_5x_2.jpg,Entandrophragma_angolense/Tw11449_Tv_2_5x_2.jpg,micro_congo,micro,transversal_semi_thin_section,Entandrophragma angolense,Entandrophragma,,Tw11449,micro_congo:Entandrophragma_angolense/Tw11449_Tv_2_5x_2,,Entandrophragma angolense,Entandrophragma angolense,A,exact_species_overlap,"P1,P2,P3",Entandrophragma angolense,exact_species_match,
data/images/micro/Entandrophragma_angolense/Tw133_E_angolense_Tr_2_5x.jpg,Entandrophragma_angolense/Tw133_E_angolense_Tr_2_5x.jpg,micro_congo,micro,transversal_semi_thin_section,Entandrophragma angolense,Entandrophragma,,Tw133,micro_congo:Entandrophragma_angolense/Tw133_E_angolense_Tr_2_5x,,Entandrophragma angolense,Entandrophragma angolense,A,exact_species_overlap,"P1,P2,P3",Entandrophragma angolense,exact_species_match,
data/images/micro/Entandrophragma_angolense/Tw14129_Tv_2_5x_1.jpg,Entandrophragma_angolense/Tw14129_Tv_2_5x_1.jpg,micro_congo,micro,transversal_semi_thin_section,Entandrophragma angolense,Entandrophragma,,Tw14129,micro_congo:Entandrophragma_angolense/Tw14129_Tv_2_5x_1,,Entandrophragma angolense,Entandrophragma angolense,A,exact_species_overlap,"P1,P2,P3",Entandrophragma angolense,exact_species_match,
data/images/micro/Entandrophragma_angolense/Tw14129_Tv_2_5x_2.jpg,Entandrophragma_angolense/Tw14129_Tv_2_5x_2.jpg,micro_congo,micro,transversal_semi_thin_section,Entandrophragma angolense,Entandrophragma,,Tw14129,micro_congo:Entandrophragma_angolense/Tw14129_Tv_2_5x_2,,Entandrophragma angolense,Entandrophragma angolense,A,exact_species_overlap,"P1,P2,P3",Entandrophragma angolense,exact_species_match,
data/images/micro/Entandrophragma_angolense/Tw233_Tv_2_5x_1.jpg,Entandrophragma_angolense/Tw233_Tv_2_5x_1.jpg,micro_congo,micro,transversal_semi_thin_section,Entandrophragma angolense,Entandrophragma,,Tw233,micro_congo:Entandrophragma_angolense/Tw233_Tv_2_5x_1,,Entandrophragma angolense,Entandrophragma angolense,A,exact_species_overlap,"P1,P2,P3",Entandrophragma angolense,exact_species_match,
data/images/micro/Entandrophragma_angolense/Tw233_Tv_2_5x_2.jpg,Entandrophragma_angolense/Tw233_Tv_2_5x_2.jpg,micro_congo,micro,transversal_semi_thin_section,Entandrophragma angolense,Entandrophragma,,Tw233,micro_congo:Entandrophragma_angolense/Tw233_Tv_2_5x_2,,Entandrophragma angolense,Entandrophragma angolense,A,exact_species_overlap,"P1,P2,P3",Entandrophragma angolense,exact_species_match,
data/images/micro/Entandrophragma_angolense/Tw233_Tv_2_5x_3.jpg,Entandrophragma_angolense/Tw233_Tv_2_5x_3.jpg,micro_congo,micro,transversal_semi_thin_section,Entandrophragma angolense,Entandrophragma,,Tw233,micro_congo:Entandrophragma_angolense/Tw233_Tv_2_5x_3,,Entandrophragma angolense,Entandrophragma angolense,A,exact_species_overlap,"P1,P2,P3",Entandrophragma angolense,exact_species_match,
data/images/micro/Entandrophragma_angolense/Tw26443_Tv_2_5x_1.jpg,Entandrophragma_angolense/Tw26443_Tv_2_5x_1.jpg,micro_congo,micro,transversal_semi_thin_section,Entandrophragma angolense,Entandrophragma,,Tw26443,micro_congo:Entandrophragma_angolense/Tw26443_Tv_2_5x_1,,Entandrophragma angolense,Entandrophragma angolense,A,exact_species_overlap,"P1,P2,P3",Entandrophragma angolense,exact_species_match,
data/images/micro/Entandrophragma_angolense/Tw26443_Tv_2_5x_2.jpg,Entandrophragma_angolense/Tw26443_Tv_2_5x_2.jpg,micro_congo,micro,transversal_semi_thin_section,Entandrophragma angolense,Entandrophragma,,Tw26443,micro_congo:Entandrophragma_angolense/Tw26443_Tv_2_5x_2,,Entandrophragma angolense,Entandrophragma angolense,A,exact_species_overlap,"P1,P2,P3",Entandrophragma angolense,exact_species_match,
data/images/micro/Entandrophragma_angolense/Tw54300_Tv_2_5x_1.jpg,Entandrophragma_angolense/Tw54300_Tv_2_5x_1.jpg,micro_congo,micro,transversal_semi_thin_section,Entandrophragma angolense,Entandrophragma,,Tw54300,micro_congo:Entandrophragma_angolense/Tw54300_Tv_2_5x_1,,Entandrophragma angolense,Entandrophragma angolense,A,exact_species_overlap,"P1,P2,P3",Entandrophragma angolense,exact_species_match,
data/images/micro/Entandrophragma_angolense/Tw54300_Tv_2_5x_2.jpg,Entandrophragma_angolense/Tw54300_Tv_2_5x_2.jpg,micro_congo,micro,transversal_semi_thin_section,Entandrophragma angolense,Entandrophragma,,Tw54300,micro_congo:Entandrophragma_angolense/Tw54300_Tv_2_5x_2,,Entandrophragma angolense,Entandrophragma angolense,A,exact_species_overlap,"P1,P2,P3",Entandrophragma angolense,exact_species_match,
data/images/micro/Entandrophragma_angolense/Tw630_Tv_2_5x_1.jpg,Entandrophragma_angolense/Tw630_Tv_2_5x_1.jpg,micro_congo,micro,transversal_semi_thin_section,Entandrophragma angolense,Entandrophragma,,Tw630,micro_congo:Entandrophragma_angolense/Tw630_Tv_2_5x_1,,Entandrophragma angolense,Entandrophragma angolense,A,exact_species_overlap,"P1,P2,P3",Entandrophragma angolense,exact_species_match,
data/images/micro/Entandrophragma_angolense/Tw630_Tv_2_5x_2.jpg,Entandrophragma_angolense/Tw630_Tv_2_5x_2.jpg,micro_congo,micro,transversal_semi_thin_section,Entandrophragma angolense,Entandrophragma,,Tw630,micro_congo:Entandrophragma_angolense/Tw630_Tv_2_5x_2,,Entandrophragma angolense,Entandrophragma angolense,A,exact_species_overlap,"P1,P2,P3",Entandrophragma angolense,exact_species_match,
data/images/micro/Entandrophragma_angolense/Tw630_Tv_2_5x_3.jpg,Entandrophragma_angolense/Tw630_Tv_2_5x_3.jpg,micro_congo,micro,transversal_semi_thin_section,Entandrophragma angolense,Entandrophragma,,Tw630,micro_congo:Entandrophragma_angolense/Tw630_Tv_2_5x_3,,Entandrophragma angolense,Entandrophragma angolense,A,exact_species_overlap,"P1,P2,P3",Entandrophragma angolense,exact_species_match,
data/images/micro/Entandrophragma_angolense/Tw8484_Tv_2_5x_1.jpg,Entandrophragma_angolense/Tw8484_Tv_2_5x_1.jpg,micro_congo,micro,transversal_semi_thin_section,Entandrophragma angolense,Entandrophragma,,Tw8484,micro_congo:Entandrophragma_angolense/Tw8484_Tv_2_5x_1,,Entandrophragma angolense,Entandrophragma angolense,A,exact_species_overlap,"P1,P2,P3",Entandrophragma angolense,exact_species_match,
data/images/micro/Entandrophragma_angolense/Tw8484_Tv_2_5x_2.jpg,Entandrophragma_angolense/Tw8484_Tv_2_5x_2.jpg,micro_congo,micro,transversal_semi_thin_section,Entandrophragma angolense,Entandrophragma,,Tw8484,micro_congo:Entandrophragma_angolense/Tw8484_Tv_2_5x_2,,Entandrophragma angolense,Entandrophragma angolense,A,exact_species_overlap,"P1,P2,P3",Entandrophragma angolense,exact_species_match,
data/images/micro/Entandrophragma_cylindricum/E_cylindricum0018.jpg,Entandrophragma_cylindricum/E_cylindricum0018.jpg,micro_congo,micro,transversal_semi_thin_section,Entandrophragma cylindricum,Entandrophragma,,E_cylindricum0018,micro_congo:Entandrophragma_cylindricum/E_cylindricum0018,,Entandrophragma cylindricum,Entandrophragma cylindricum,A,exact_species_overlap,"P1,P2,P3",Entandrophragma cylindricum,exact_species_match,
data/images/micro/Entandrophragma_cylindricum/E_cylindricum004.jpg,Entandrophragma_cylindricum/E_cylindricum004.jpg,micro_congo,micro,transversal_semi_thin_section,Entandrophragma cylindricum,Entandrophragma,,E_cylindricum004,micro_congo:Entandrophragma_cylindricum/E_cylindricum004,,Entandrophragma cylindricum,Entandrophragma cylindricum,A,exact_species_overlap,"P1,P2,P3",Entandrophragma cylindricum,exact_species_match,
data/images/micro/Entandrophragma_cylindricum/E_cylindricum005.jpg,Entandrophragma_cylindricum/E_cylindricum005.jpg,micro_congo,micro,transversal_semi_thin_section,Entandrophragma cylindricum,Entandrophragma,,E_cylindricum005,micro_congo:Entandrophragma_cylindricum/E_cylindricum005,,Entandrophragma cylindricum,Entandrophragma cylindricum,A,exact_species_overlap,"P1,P2,P3",Entandrophragma cylindricum,exact_species_match,
data/images/micro/Entandrophragma_cylindricum/E_cylindricum006.jpg,Entandrophragma_cylindricum/E_cylindricum006.jpg,micro_congo,micro,transversal_semi_thin_section,Entandrophragma cylindricum,Entandrophragma,,E_cylindricum006,micro_congo:Entandrophragma_cylindricum/E_cylindricum006,,Entandrophragma cylindricum,Entandrophragma cylindricum,A,exact_species_overlap,"P1,P2,P3",Entandrophragma cylindricum,exact_species_match,
data/images/micro/Entandrophragma_cylindricum/E_cylindricum017.jpg,Entandrophragma_cylindricum/E_cylindricum017.jpg,micro_congo,micro,transversal_semi_thin_section,Entandrophragma cylindricum,Entandrophragma,,E_cylindricum017,micro_congo:Entandrophragma_cylindricum/E_cylindricum017,,Entandrophragma cylindricum,Entandrophragma cylindricum,A,exact_species_overlap,"P1,P2,P3",Entandrophragma cylindricum,exact_species_match,
data/images/micro/Entandrophragma_cylindricum/E_cylindricum019.jpg,Entandrophragma_cylindricum/E_cylindricum019.jpg,micro_congo,micro,transversal_semi_thin_section,Entandrophragma cylindricum,Entandrophragma,,E_cylindricum019,micro_congo:Entandrophragma_cylindricum/E_cylindricum019,,Entandrophragma cylindricum,Entandrophragma cylindricum,A,exact_species_overlap,"P1,P2,P3",Entandrophragma cylindricum,exact_species_match,
data/images/micro/Entandrophragma_cylindricum/Tw1055_Tv_2_5x_1.jpg,Entandrophragma_cylindricum/Tw1055_Tv_2_5x_1.jpg,micro_congo,micro,transversal_semi_thin_section,Entandrophragma cylindricum,Entandrophragma,,Tw1055,micro_congo:Entandrophragma_cylindricum/Tw1055_Tv_2_5x_1,,Entandrophragma cylindricum,Entandrophragma cylindricum,A,exact_species_overlap,"P1,P2,P3",Entandrophragma cylindricum,exact_species_match,
data/images/micro/Entandrophragma_cylindricum/Tw1055_Tv_2_5x_2.jpg,Entandrophragma_cylindricum/Tw1055_Tv_2_5x_2.jpg,micro_congo,micro,transversal_semi_thin_section,Entandrophragma cylindricum,Entandrophragma,,Tw1055,micro_congo:Entandrophragma_cylindricum/Tw1055_Tv_2_5x_2,,Entandrophragma cylindricum,Entandrophragma cylindricum,A,exact_species_overlap,"P1,P2,P3",Entandrophragma cylindricum,exact_species_match,
data/images/micro/Entandrophragma_cylindricum/Tw1055_Tv_2_5x_3.jpg,Entandrophragma_cylindricum/Tw1055_Tv_2_5x_3.jpg,micro_congo,micro,transversal_semi_thin_section,Entandrophragma cylindricum,Entandrophragma,,Tw1055,micro_congo:Entandrophragma_cylindricum/Tw1055_Tv_2_5x_3,,Entandrophragma cylindricum,Entandrophragma cylindricum,A,exact_species_overlap,"P1,P2,P3",Entandrophragma cylindricum,exact_species_match,
data/images/micro/Entandrophragma_cylindricum/Tw1194_Tv_2_5x_1.jpg,Entandrophragma_cylindricum/Tw1194_Tv_2_5x_1.jpg,micro_congo,micro,transversal_semi_thin_section,Entandrophragma cylindricum,Entandrophragma,,Tw1194,micro_congo:Entandrophragma_cylindricum/Tw1194_Tv_2_5x_1,,Entandrophragma cylindricum,Entandrophragma cylindricum,A,exact_species_overlap,"P1,P2,P3",Entandrophragma cylindricum,exact_species_match,
data/images/micro/Entandrophragma_cylindricum/Tw1194_Tv_2_5x_2.jpg,Entandrophragma_cylindricum/Tw1194_Tv_2_5x_2.jpg,micro_congo,micro,transversal_semi_thin_section,Entandrophragma cylindricum,Entandrophragma,,Tw1194,micro_congo:Entandrophragma_cylindricum/Tw1194_Tv_2_5x_2,,Entandrophragma cylindricum,Entandrophragma cylindricum,A,exact_species_overlap,"P1,P2,P3",Entandrophragma cylindricum,exact_species_match,
data/images/micro/Entandrophragma_cylindricum/Tw233_Tv_2_5x_1.jpg,Entandrophragma_cylindricum/Tw233_Tv_2_5x_1.jpg,micro_congo,micro,transversal_semi_thin_section,Entandrophragma cylindricum,Entandrophragma,,Tw233,micro_congo:Entandrophragma_cylindricum/Tw233_Tv_2_5x_1,,Entandrophragma cylindricum,Entandrophragma cylindricum,A,exact_species_overlap,"P1,P2,P3",Entandrophragma cylindricum,exact_species_match,
data/images/micro/Entandrophragma_cylindricum/Tw233_Tv_2_5x_2.jpg,Entandrophragma_cylindricum/Tw233_Tv_2_5x_2.jpg,micro_congo,micro,transversal_semi_thin_section,Entandrophragma cylindricum,Entandrophragma,,Tw233,micro_congo:Entandrophragma_cylindricum/Tw233_Tv_2_5x_2,,Entandrophragma cylindricum,Entandrophragma cylindricum,A,exact_species_overlap,"P1,P2,P3",Entandrophragma cylindricum,exact_species_match,
data/images/micro/Entandrophragma_cylindricum/Tw233_Tv_2_5x_3.jpg,Entandrophragma_cylindricum/Tw233_Tv_2_5x_3.jpg,micro_congo,micro,transversal_semi_thin_section,Entandrophragma cylindricum,Entandrophragma,,Tw233,micro_congo:Entandrophragma_cylindricum/Tw233_Tv_2_5x_3,,Entandrophragma cylindricum,Entandrophragma cylindricum,A,exact_species_overlap,"P1,P2,P3",Entandrophragma cylindricum,exact_species_match,
data/images/micro/Entandrophragma_cylindricum/Tw54817_Tv_2_5x_1.jpg,Entandrophragma_cylindricum/Tw54817_Tv_2_5x_1.jpg,micro_congo,micro,transversal_semi_thin_section,Entandrophragma cylindricum,Entandrophragma,,Tw54817,micro_congo:Entandrophragma_cylindricum/Tw54817_Tv_2_5x_1,,Entandrophragma cylindricum,Entandrophragma cylindricum,A,exact_species_overlap,"P1,P2,P3",Entandrophragma cylindricum,exact_species_match,
data/images/micro/Entandrophragma_cylindricum/Tw54817_Tv_2_5x_2.jpg,Entandrophragma_cylindricum/Tw54817_Tv_2_5x_2.jpg,micro_congo,micro,transversal_semi_thin_section,Entandrophragma cylindricum,Entandrophragma,,Tw54817,micro_congo:Entandrophragma_cylindricum/Tw54817_Tv_2_5x_2,,Entandrophragma cylindricum,Entandrophragma cylindricum,A,exact_species_overlap,"P1,P2,P3",Entandrophragma cylindricum,exact_species_match,
data/images/micro/Entandrophragma_cylindricum/Tw54818_Tv_2_5x_1.jpg,Entandrophragma_cylindricum/Tw54818_Tv_2_5x_1.jpg,micro_congo,micro,transversal_semi_thin_section,Entandrophragma cylindricum,Entandrophragma,,Tw54818,micro_congo:Entandrophragma_cylindricum/Tw54818_Tv_2_5x_1,,Entandrophragma cylindricum,Entandrophragma cylindricum,A,exact_species_overlap,"P1,P2,P3",Entandrophragma cylindricum,exact_species_match,
data/images/micro/Entandrophragma_cylindricum/Tw54818_Tv_2_5x_2.jpg,Entandrophragma_cylindricum/Tw54818_Tv_2_5x_2.jpg,micro_congo,micro,transversal_semi_thin_section,Entandrophragma cylindricum,Entandrophragma,,Tw54818,micro_congo:Entandrophragma_cylindricum/Tw54818_Tv_2_5x_2,,Entandrophragma cylindricum,Entandrophragma cylindricum,A,exact_species_overlap,"P1,P2,P3",Entandrophragma cylindricum,exact_species_match,
data/images/micro/Entandrophragma_cylindricum/Tw866_Tv_2_5x_1.jpg,Entandrophragma_cylindricum/Tw866_Tv_2_5x_1.jpg,micro_congo,micro,transversal_semi_thin_section,Entandrophragma cylindricum,Entandrophragma,,Tw866,micro_congo:Entandrophragma_cylindricum/Tw866_Tv_2_5x_1,,Entandrophragma cylindricum,Entandrophragma cylindricum,A,exact_species_overlap,"P1,P2,P3",Entandrophragma cylindricum,exact_species_match,
data/images/micro/Entandrophragma_cylindricum/Tw866_Tv_2_5x_2.jpg,Entandrophragma_cylindricum/Tw866_Tv_2_5x_2.jpg,micro_congo,micro,transversal_semi_thin_section,Entandrophragma cylindricum,Entandrophragma,,Tw866,micro_congo:Entandrophragma_cylindricum/Tw866_Tv_2_5x_2,,Entandrophragma cylindricum,Entandrophragma cylindricum,A,exact_species_overlap,"P1,P2,P3",Entandrophragma cylindricum,exact_species_match,
data/images/micro/Entandrophragma_cylindricum/Tw866_Tv_2_5x_3.jpg,Entandrophragma_cylindricum/Tw866_Tv_2_5x_3.jpg,micro_congo,micro,transversal_semi_thin_section,Entandrophragma cylindricum,Entandrophragma,,Tw866,micro_congo:Entandrophragma_cylindricum/Tw866_Tv_2_5x_3,,Entandrophragma cylindricum,Entandrophragma cylindricum,A,exact_species_overlap,"P1,P2,P3",Entandrophragma cylindricum,exact_species_match,
data/images/micro/Entandrophragma_utile/E_utile001.jpg,Entandrophragma_utile/E_utile001.jpg,micro_congo,micro,transversal_semi_thin_section,Entandrophragma utile,Entandrophragma,,E_utile001,micro_congo:Entandrophragma_utile/E_utile001,,Entandrophragma utile,Entandrophragma utile,A,exact_species_overlap,"P1,P2,P3",Entandrophragma utile,exact_species_match,
data/images/micro/Entandrophragma_utile/E_utile035.jpg,Entandrophragma_utile/E_utile035.jpg,micro_congo,micro,transversal_semi_thin_section,Entandrophragma utile,Entandrophragma,,E_utile035,micro_congo:Entandrophragma_utile/E_utile035,,Entandrophragma utile,Entandrophragma utile,A,exact_species_overlap,"P1,P2,P3",Entandrophragma utile,exact_species_match,
data/images/micro/Entandrophragma_utile/E_utile036.jpg,Entandrophragma_utile/E_utile036.jpg,micro_congo,micro,transversal_semi_thin_section,Entandrophragma utile,Entandrophragma,,E_utile036,micro_congo:Entandrophragma_utile/E_utile036,,Entandrophragma utile,Entandrophragma utile,A,exact_species_overlap,"P1,P2,P3",Entandrophragma utile,exact_species_match,
data/images/micro/Entandrophragma_utile/E_utile037.jpg,Entandrophragma_utile/E_utile037.jpg,micro_congo,micro,transversal_semi_thin_section,Entandrophragma utile,Entandrophragma,,E_utile037,micro_congo:Entandrophragma_utile/E_utile037,,Entandrophragma utile,Entandrophragma utile,A,exact_species_overlap,"P1,P2,P3",Entandrophragma utile,exact_species_match,
data/images/micro/Entandrophragma_utile/E_utile050.jpg,Entandrophragma_utile/E_utile050.jpg,micro_congo,micro,transversal_semi_thin_section,Entandrophragma utile,Entandrophragma,,E_utile050,micro_congo:Entandrophragma_utile/E_utile050,,Entandrophragma utile,Entandrophragma utile,A,exact_species_overlap,"P1,P2,P3",Entandrophragma utile,exact_species_match,
data/images/micro/Entandrophragma_utile/E_utile051.jpg,Entandrophragma_utile/E_utile051.jpg,micro_congo,micro,transversal_semi_thin_section,Entandrophragma utile,Entandrophragma,,E_utile051,micro_congo:Entandrophragma_utile/E_utile051,,Entandrophragma utile,Entandrophragma utile,A,exact_species_overlap,"P1,P2,P3",Entandrophragma utile,exact_species_match,
data/images/micro/Entandrophragma_utile/Tw1102_Tv_2_5x_1.jpg,Entandrophragma_utile/Tw1102_Tv_2_5x_1.jpg,micro_congo,micro,transversal_semi_thin_section,Entandrophragma utile,Entandrophragma,,Tw1102,micro_congo:Entandrophragma_utile/Tw1102_Tv_2_5x_1,,Entandrophragma utile,Entandrophragma utile,A,exact_species_overlap,"P1,P2,P3",Entandrophragma utile,exact_species_match,
data/images/micro/Entandrophragma_utile/Tw1102_Tv_2_5x_2.jpg,Entandrophragma_utile/Tw1102_Tv_2_5x_2.jpg,micro_congo,micro,transversal_semi_thin_section,Entandrophragma utile,Entandrophragma,,Tw1102,micro_congo:Entandrophragma_utile/Tw1102_Tv_2_5x_2,,Entandrophragma utile,Entandrophragma utile,A,exact_species_overlap,"P1,P2,P3",Entandrophragma utile,exact_species_match,
data/images/micro/Entandrophragma_utile/Tw1102_Tv_2_5x_3.jpg,Entandrophragma_utile/Tw1102_Tv_2_5x_3.jpg,micro_congo,micro,transversal_semi_thin_section,Entandrophragma utile,Entandrophragma,,Tw1102,micro_congo:Entandrophragma_utile/Tw1102_Tv_2_5x_3,,Entandrophragma utile,Entandrophragma utile,A,exact_species_overlap,"P1,P2,P3",Entandrophragma utile,exact_species_match,
data/images/micro/Entandrophragma_utile/Tw1329_Tv_2_5x_1.jpg,Entandrophragma_utile/Tw1329_Tv_2_5x_1.jpg,micro_congo,micro,transversal_semi_thin_section,Entandrophragma utile,Entandrophragma,,Tw1329,micro_congo:Entandrophragma_utile/Tw1329_Tv_2_5x_1,,Entandrophragma utile,Entandrophragma utile,A,exact_species_overlap,"P1,P2,P3",Entandrophragma utile,exact_species_match,
data/images/micro/Entandrophragma_utile/Tw1329_Tv_2_5x_2.jpg,Entandrophragma_utile/Tw1329_Tv_2_5x_2.jpg,micro_congo,micro,transversal_semi_thin_section,Entandrophragma utile,Entandrophragma,,Tw1329,micro_congo:Entandrophragma_utile/Tw1329_Tv_2_5x_2,,Entandrophragma utile,Entandrophragma utile,A,exact_species_overlap,"P1,P2,P3",Entandrophragma utile,exact_species_match,
data/images/micro/Entandrophragma_utile/Tw1329_Tv_2_5x_3.jpg,Entandrophragma_utile/Tw1329_Tv_2_5x_3.jpg,micro_congo,micro,transversal_semi_thin_section,Entandrophragma utile,Entandrophragma,,Tw1329,micro_congo:Entandrophragma_utile/Tw1329_Tv_2_5x_3,,Entandrophragma utile,Entandrophragma utile,A,exact_species_overlap,"P1,P2,P3",Entandrophragma utile,exact_species_match,
data/images/micro/Entandrophragma_utile/Tw134_Tv_2_5x_1.jpg,Entandrophragma_utile/Tw134_Tv_2_5x_1.jpg,micro_congo,micro,transversal_semi_thin_section,Entandrophragma utile,Entandrophragma,,Tw134,micro_congo:Entandrophragma_utile/Tw134_Tv_2_5x_1,,Entandrophragma utile,Entandrophragma utile,A,exact_species_overlap,"P1,P2,P3",Entandrophragma utile,exact_species_match,
data/images/micro/Entandrophragma_utile/Tw134_Tv_2_5x_2.jpg,Entandrophragma_utile/Tw134_Tv_2_5x_2.jpg,micro_congo,micro,transversal_semi_thin_section,Entandrophragma utile,Entandrophragma,,Tw134,micro_congo:Entandrophragma_utile/Tw134_Tv_2_5x_2,,Entandrophragma utile,Entandrophragma utile,A,exact_species_overlap,"P1,P2,P3",Entandrophragma utile,exact_species_match,
data/images/micro/Entandrophragma_utile/Tw134_Tv_2_5x_3.jpg,Entandrophragma_utile/Tw134_Tv_2_5x_3.jpg,micro_congo,micro,transversal_semi_thin_section,Entandrophragma utile,Entandrophragma,,Tw134,micro_congo:Entandrophragma_utile/Tw134_Tv_2_5x_3,,Entandrophragma utile,Entandrophragma utile,A,exact_species_overlap,"P1,P2,P3",Entandrophragma utile,exact_species_match,
data/images/micro/Entandrophragma_utile/Tw245_Tv_2_5x_1.jpg,Entandrophragma_utile/Tw245_Tv_2_5x_1.jpg,micro_congo,micro,transversal_semi_thin_section,Entandrophragma utile,Entandrophragma,,Tw245,micro_congo:Entandrophragma_utile/Tw245_Tv_2_5x_1,,Entandrophragma utile,Entandrophragma utile,A,exact_species_overlap,"P1,P2,P3",Entandrophragma utile,exact_species_match,
data/images/micro/Entandrophragma_utile/Tw245_Tv_2_5x_2.jpg,Entandrophragma_utile/Tw245_Tv_2_5x_2.jpg,micro_congo,micro,transversal_semi_thin_section,Entandrophragma utile,Entandrophragma,,Tw245,micro_congo:Entandrophragma_utile/Tw245_Tv_2_5x_2,,Entandrophragma utile,Entandrophragma utile,A,exact_species_overlap,"P1,P2,P3",Entandrophragma utile,exact_species_match,
data/images/micro/Entandrophragma_utile/Tw44043_Tv_2_5x_1.jpg,Entandrophragma_utile/Tw44043_Tv_2_5x_1.jpg,micro_congo,micro,transversal_semi_thin_section,Entandrophragma utile,Entandrophragma,,Tw44043,micro_congo:Entandrophragma_utile/Tw44043_Tv_2_5x_1,,Entandrophragma utile,Entandrophragma utile,A,exact_species_overlap,"P1,P2,P3",Entandrophragma utile,exact_species_match,
data/images/micro/Entandrophragma_utile/Tw44043_Tv_2_5x_2.jpg,Entandrophragma_utile/Tw44043_Tv_2_5x_2.jpg,micro_congo,micro,transversal_semi_thin_section,Entandrophragma utile,Entandrophragma,,Tw44043,micro_congo:Entandrophragma_utile/Tw44043_Tv_2_5x_2,,Entandrophragma utile,Entandrophragma utile,A,exact_species_overlap,"P1,P2,P3",Entandrophragma utile,exact_species_match,
data/images/micro/Entandrophragma_utile/Tw46875_Tv_2_5x_1.jpg,Entandrophragma_utile/Tw46875_Tv_2_5x_1.jpg,micro_congo,micro,transversal_semi_thin_section,Entandrophragma utile,Entandrophragma,,Tw46875,micro_congo:Entandrophragma_utile/Tw46875_Tv_2_5x_1,,Entandrophragma utile,Entandrophragma utile,A,exact_species_overlap,"P1,P2,P3",Entandrophragma utile,exact_species_match,
data/images/micro/Entandrophragma_utile/Tw46875_Tv_2_5x_2.jpg,Entandrophragma_utile/Tw46875_Tv_2_5x_2.jpg,micro_congo,micro,transversal_semi_thin_section,Entandrophragma utile,Entandrophragma,,Tw46875,micro_congo:Entandrophragma_utile/Tw46875_Tv_2_5x_2,,Entandrophragma utile,Entandrophragma utile,A,exact_species_overlap,"P1,P2,P3",Entandrophragma utile,exact_species_match,
data/images/micro/Entandrophragma_utile/Tw54810_Tv_2_5x_1.jpg,Entandrophragma_utile/Tw54810_Tv_2_5x_1.jpg,micro_congo,micro,transversal_semi_thin_section,Entandrophragma utile,Entandrophragma,,Tw54810,micro_congo:Entandrophragma_utile/Tw54810_Tv_2_5x_1,,Entandrophragma utile,Entandrophragma utile,A,exact_species_overlap,"P1,P2,P3",Entandrophragma utile,exact_species_match,
data/images/micro/Entandrophragma_utile/Tw54810_Tv_2_5x_2.jpg,Entandrophragma_utile/Tw54810_Tv_2_5x_2.jpg,micro_congo,micro,transversal_semi_thin_section,Entandrophragma utile,Entandrophragma,,Tw54810,micro_congo:Entandrophragma_utile/Tw54810_Tv_2_5x_2,,Entandrophragma utile,Entandrophragma utile,A,exact_species_overlap,"P1,P2,P3",Entandrophragma utile,exact_species_match,
data/images/micro/Entandrophragma_utile/Tw55131_Tv_2_5x_1.jpg,Entandrophragma_utile/Tw55131_Tv_2_5x_1.jpg,micro_congo,micro,transversal_semi_thin_section,Entandrophragma utile,Entandrophragma,,Tw55131,micro_congo:Entandrophragma_utile/Tw55131_Tv_2_5x_1,,Entandrophragma utile,Entandrophragma utile,A,exact_species_overlap,"P1,P2,P3",Entandrophragma utile,exact_species_match,
data/images/micro/Entandrophragma_utile/Tw55131_Tv_2_5x_2.jpg,Entandrophragma_utile/Tw55131_Tv_2_5x_2.jpg,micro_congo,micro,transversal_semi_thin_section,Entandrophragma utile,Entandrophragma,,Tw55131,micro_congo:Entandrophragma_utile/Tw55131_Tv_2_5x_2,,Entandrophragma utile,Entandrophragma utile,A,exact_species_overlap,"P1,P2,P3",Entandrophragma utile,exact_species_match,
data/images/micro/Funtumia_africana/Tw141_f_africana_tr2_2_5x.jpg,Funtumia_africana/Tw141_f_africana_tr2_2_5x.jpg,micro_congo,micro,transversal_semi_thin_section,Funtumia africana,Funtumia,,Tw141,micro_congo:Funtumia_africana/Tw141_f_africana_tr2_2_5x,,Funtumia africana,Funtumia africana,A,exact_species_overlap,"P1,P2,P3",Funtumia africana,exact_species_match,
data/images/micro/Funtumia_africana/Tw141_f_africana_tr3_2_5x.jpg,Funtumia_africana/Tw141_f_africana_tr3_2_5x.jpg,micro_congo,micro,transversal_semi_thin_section,Funtumia africana,Funtumia,,Tw141,micro_congo:Funtumia_africana/Tw141_f_africana_tr3_2_5x,,Funtumia africana,Funtumia africana,A,exact_species_overlap,"P1,P2,P3",Funtumia africana,exact_species_match,
data/images/micro/Funtumia_africana/Tw141_f_africana_tr4_2_5x.jpg,Funtumia_africana/Tw141_f_africana_tr4_2_5x.jpg,micro_congo,micro,transversal_semi_thin_section,Funtumia africana,Funtumia,,Tw141,micro_congo:Funtumia_africana/Tw141_f_africana_tr4_2_5x,,Funtumia africana,Funtumia africana,A,exact_species_overlap,"P1,P2,P3",Funtumia africana,exact_species_match,
data/images/micro/Funtumia_africana/Tw141_f_africana_tr5_2_5x.jpg,Funtumia_africana/Tw141_f_africana_tr5_2_5x.jpg,micro_congo,micro,transversal_semi_thin_section,Funtumia africana,Funtumia,,Tw141,micro_congo:Funtumia_africana/Tw141_f_africana_tr5_2_5x,,Funtumia africana,Funtumia africana,A,exact_species_overlap,"P1,P2,P3",Funtumia africana,exact_species_match,
data/images/micro/Funtumia_africana/Tw141_f_africana_tr_2_5x.jpg,Funtumia_africana/Tw141_f_africana_tr_2_5x.jpg,micro_congo,micro,transversal_semi_thin_section,Funtumia africana,Funtumia,,Tw141,micro_congo:Funtumia_africana/Tw141_f_africana_tr_2_5x,,Funtumia africana,Funtumia africana,A,exact_species_overlap,"P1,P2,P3",Funtumia africana,exact_species_match,
data/images/micro/Funtumia_africana/Tw1429_f_africana_tr2_2_5x.jpg,Funtumia_africana/Tw1429_f_africana_tr2_2_5x.jpg,micro_congo,micro,transversal_semi_thin_section,Funtumia africana,Funtumia,,Tw1429,micro_congo:Funtumia_africana/Tw1429_f_africana_tr2_2_5x,,Funtumia africana,Funtumia africana,A,exact_species_overlap,"P1,P2,P3",Funtumia africana,exact_species_match,
data/images/micro/Funtumia_africana/Tw1429_f_africana_tr3_2_5x.jpg,Funtumia_africana/Tw1429_f_africana_tr3_2_5x.jpg,micro_congo,micro,transversal_semi_thin_section,Funtumia africana,Funtumia,,Tw1429,micro_congo:Funtumia_africana/Tw1429_f_africana_tr3_2_5x,,Funtumia africana,Funtumia africana,A,exact_species_overlap,"P1,P2,P3",Funtumia africana,exact_species_match,
data/images/micro/Funtumia_africana/Tw1429_f_africana_tr_2_5x.jpg,Funtumia_africana/Tw1429_f_africana_tr_2_5x.jpg,micro_congo,micro,transversal_semi_thin_section,Funtumia africana,Funtumia,,Tw1429,micro_congo:Funtumia_africana/Tw1429_f_africana_tr_2_5x,,Funtumia africana,Funtumia africana,A,exact_species_overlap,"P1,P2,P3",Funtumia africana,exact_species_match,
data/images/micro/Funtumia_africana/Tw377_f_africana_tr2_2_5x.jpg,Funtumia_africana/Tw377_f_africana_tr2_2_5x.jpg,micro_congo,micro,transversal_semi_thin_section,Funtumia africana,Funtumia,,Tw377,micro_congo:Funtumia_africana/Tw377_f_africana_tr2_2_5x,,Funtumia africana,Funtumia africana,A,exact_species_overlap,"P1,P2,P3",Funtumia africana,exact_species_match,
data/images/micro/Funtumia_africana/Tw377_f_africana_tr3_2_5x.jpg,Funtumia_africana/Tw377_f_africana_tr3_2_5x.jpg,micro_congo,micro,transversal_semi_thin_section,Funtumia africana,Funtumia,,Tw377,micro_congo:Funtumia_africana/Tw377_f_africana_tr3_2_5x,,Funtumia africana,Funtumia africana,A,exact_species_overlap,"P1,P2,P3",Funtumia africana,exact_species_match,
data/images/micro/Funtumia_africana/Tw377_f_africana_tr4_2_5x.jpg,Funtumia_africana/Tw377_f_africana_tr4_2_5x.jpg,micro_congo,micro,transversal_semi_thin_section,Funtumia africana,Funtumia,,Tw377,micro_congo:Funtumia_africana/Tw377_f_africana_tr4_2_5x,,Funtumia africana,Funtumia africana,A,exact_species_overlap,"P1,P2,P3",Funtumia africana,exact_species_match,
data/images/micro/Funtumia_africana/Tw377_f_africana_tr_2_5x.jpg,Funtumia_africana/Tw377_f_africana_tr_2_5x.jpg,micro_congo,micro,transversal_semi_thin_section,Funtumia africana,Funtumia,,Tw377,micro_congo:Funtumia_africana/Tw377_f_africana_tr_2_5x,,Funtumia africana,Funtumia africana,A,exact_species_overlap,"P1,P2,P3",Funtumia africana,exact_species_match,
data/images/micro/Funtumia_africana/Tw476_f_africana_tr2_2_5x.jpg,Funtumia_africana/Tw476_f_africana_tr2_2_5x.jpg,micro_congo,micro,transversal_semi_thin_section,Funtumia africana,Funtumia,,Tw476,micro_congo:Funtumia_africana/Tw476_f_africana_tr2_2_5x,,Funtumia africana,Funtumia africana,A,exact_species_overlap,"P1,P2,P3",Funtumia africana,exact_species_match,
data/images/micro/Funtumia_africana/Tw476_f_africana_tr3_2_5x.jpg,Funtumia_africana/Tw476_f_africana_tr3_2_5x.jpg,micro_congo,micro,transversal_semi_thin_section,Funtumia africana,Funtumia,,Tw476,micro_congo:Funtumia_africana/Tw476_f_africana_tr3_2_5x,,Funtumia africana,Funtumia africana,A,exact_species_overlap,"P1,P2,P3",Funtumia africana,exact_species_match,
data/images/micro/Funtumia_africana/Tw476_f_africana_tr_2_5x.jpg,Funtumia_africana/Tw476_f_africana_tr_2_5x.jpg,micro_congo,micro,transversal_semi_thin_section,Funtumia africana,Funtumia,,Tw476,micro_congo:Funtumia_africana/Tw476_f_africana_tr_2_5x,,Funtumia africana,Funtumia africana,A,exact_species_overlap,"P1,P2,P3",Funtumia africana,exact_species_match,
data/images/micro/Funtumia_africana/Tw59_f_africana_tr2_2_5x.jpg,Funtumia_africana/Tw59_f_africana_tr2_2_5x.jpg,micro_congo,micro,transversal_semi_thin_section,Funtumia africana,Funtumia,,Tw59,micro_congo:Funtumia_africana/Tw59_f_africana_tr2_2_5x,,Funtumia africana,Funtumia africana,A,exact_species_overlap,"P1,P2,P3",Funtumia africana,exact_species_match,
data/images/micro/Funtumia_africana/Tw59_f_africana_tr3_2_5x.jpg,Funtumia_africana/Tw59_f_africana_tr3_2_5x.jpg,micro_congo,micro,transversal_semi_thin_section,Funtumia africana,Funtumia,,Tw59,micro_congo:Funtumia_africana/Tw59_f_africana_tr3_2_5x,,Funtumia africana,Funtumia africana,A,exact_species_overlap,"P1,P2,P3",Funtumia africana,exact_species_match,
data/images/micro/Funtumia_africana/Tw59_f_africana_tr_2_5x.jpg,Funtumia_africana/Tw59_f_africana_tr_2_5x.jpg,micro_congo,micro,transversal_semi_thin_section,Funtumia africana,Funtumia,,Tw59,micro_congo:Funtumia_africana/Tw59_f_africana_tr_2_5x,,Funtumia africana,Funtumia africana,A,exact_species_overlap,"P1,P2,P3",Funtumia africana,exact_species_match,
data/images/micro/Gilbertiodendron_dewevrei/Gilbertiodendron_dewevrei61.jpg,Gilbertiodendron_dewevrei/Gilbertiodendron_dewevrei61.jpg,micro_congo,micro,transversal_semi_thin_section,Gilbertiodendron dewevrei,Gilbertiodendron,,Gilbertiodendron_dewevrei61,micro_congo:Gilbertiodendron_dewevrei/Gilbertiodendron_dewevrei61,,Gilbertiodendron dewevrei,Gilbertiodendron dewevrei,A,exact_species_overlap,"P1,P2,P3",Gilbertiodendron dewevrei,exact_species_match,
data/images/micro/Gilbertiodendron_dewevrei/Gilbertiodendron_dewevrei62.jpg,Gilbertiodendron_dewevrei/Gilbertiodendron_dewevrei62.jpg,micro_congo,micro,transversal_semi_thin_section,Gilbertiodendron dewevrei,Gilbertiodendron,,Gilbertiodendron_dewevrei62,micro_congo:Gilbertiodendron_dewevrei/Gilbertiodendron_dewevrei62,,Gilbertiodendron dewevrei,Gilbertiodendron dewevrei,A,exact_species_overlap,"P1,P2,P3",Gilbertiodendron dewevrei,exact_species_match,
data/images/micro/Gilbertiodendron_dewevrei/Gilbertiodendron_dewevrei63.jpg,Gilbertiodendron_dewevrei/Gilbertiodendron_dewevrei63.jpg,micro_congo,micro,transversal_semi_thin_section,Gilbertiodendron dewevrei,Gilbertiodendron,,Gilbertiodendron_dewevrei63,micro_congo:Gilbertiodendron_dewevrei/Gilbertiodendron_dewevrei63,,Gilbertiodendron dewevrei,Gilbertiodendron dewevrei,A,exact_species_overlap,"P1,P2,P3",Gilbertiodendron dewevrei,exact_species_match,
data/images/micro/Gilbertiodendron_dewevrei/Gilbertiodendron_dewevrei64.jpg,Gilbertiodendron_dewevrei/Gilbertiodendron_dewevrei64.jpg,micro_congo,micro,transversal_semi_thin_section,Gilbertiodendron dewevrei,Gilbertiodendron,,Gilbertiodendron_dewevrei64,micro_congo:Gilbertiodendron_dewevrei/Gilbertiodendron_dewevrei64,,Gilbertiodendron dewevrei,Gilbertiodendron dewevrei,A,exact_species_overlap,"P1,P2,P3",Gilbertiodendron dewevrei,exact_species_match,
data/images/micro/Gilbertiodendron_dewevrei/Gilbertiodendron_dewevrei65.jpg,Gilbertiodendron_dewevrei/Gilbertiodendron_dewevrei65.jpg,micro_congo,micro,transversal_semi_thin_section,Gilbertiodendron dewevrei,Gilbertiodendron,,Gilbertiodendron_dewevrei65,micro_congo:Gilbertiodendron_dewevrei/Gilbertiodendron_dewevrei65,,Gilbertiodendron dewevrei,Gilbertiodendron dewevrei,A,exact_species_overlap,"P1,P2,P3",Gilbertiodendron dewevrei,exact_species_match,
data/images/micro/Gilbertiodendron_dewevrei/Tw2018_Tv_2_5x_1.jpg,Gilbertiodendron_dewevrei/Tw2018_Tv_2_5x_1.jpg,micro_congo,micro,transversal_semi_thin_section,Gilbertiodendron dewevrei,Gilbertiodendron,,Tw2018,micro_congo:Gilbertiodendron_dewevrei/Tw2018_Tv_2_5x_1,,Gilbertiodendron dewevrei,Gilbertiodendron dewevrei,A,exact_species_overlap,"P1,P2,P3",Gilbertiodendron dewevrei,exact_species_match,
data/images/micro/Gilbertiodendron_dewevrei/Tw2018_Tv_2_5x_2.jpg,Gilbertiodendron_dewevrei/Tw2018_Tv_2_5x_2.jpg,micro_congo,micro,transversal_semi_thin_section,Gilbertiodendron dewevrei,Gilbertiodendron,,Tw2018,micro_congo:Gilbertiodendron_dewevrei/Tw2018_Tv_2_5x_2,,Gilbertiodendron dewevrei,Gilbertiodendron dewevrei,A,exact_species_overlap,"P1,P2,P3",Gilbertiodendron dewevrei,exact_species_match,
data/images/micro/Gilbertiodendron_dewevrei/Tw3611_Tv_2_5x_1.jpg,Gilbertiodendron_dewevrei/Tw3611_Tv_2_5x_1.jpg,micro_congo,micro,transversal_semi_thin_section,Gilbertiodendron dewevrei,Gilbertiodendron,,Tw3611,micro_congo:Gilbertiodendron_dewevrei/Tw3611_Tv_2_5x_1,,Gilbertiodendron dewevrei,Gilbertiodendron dewevrei,A,exact_species_overlap,"P1,P2,P3",Gilbertiodendron dewevrei,exact_species_match,
data/images/micro/Gilbertiodendron_dewevrei/Tw3611_Tv_2_5x_2.jpg,Gilbertiodendron_dewevrei/Tw3611_Tv_2_5x_2.jpg,micro_congo,micro,transversal_semi_thin_section,Gilbertiodendron dewevrei,Gilbertiodendron,,Tw3611,micro_congo:Gilbertiodendron_dewevrei/Tw3611_Tv_2_5x_2,,Gilbertiodendron dewevrei,Gilbertiodendron dewevrei,A,exact_species_overlap,"P1,P2,P3",Gilbertiodendron dewevrei,exact_species_match,
data/images/micro/Gilbertiodendron_dewevrei/Tw3611_Tv_2_5x_3.jpg,Gilbertiodendron_dewevrei/Tw3611_Tv_2_5x_3.jpg,micro_congo,micro,transversal_semi_thin_section,Gilbertiodendron dewevrei,Gilbertiodendron,,Tw3611,micro_congo:Gilbertiodendron_dewevrei/Tw3611_Tv_2_5x_3,,Gilbertiodendron dewevrei,Gilbertiodendron dewevrei,A,exact_species_overlap,"P1,P2,P3",Gilbertiodendron dewevrei,exact_species_match,
data/images/micro/Gilbertiodendron_dewevrei/Tw5142_Tv_2_5x_1.jpg,Gilbertiodendron_dewevrei/Tw5142_Tv_2_5x_1.jpg,micro_congo,micro,transversal_semi_thin_section,Gilbertiodendron dewevrei,Gilbertiodendron,,Tw5142,micro_congo:Gilbertiodendron_dewevrei/Tw5142_Tv_2_5x_1,,Gilbertiodendron dewevrei,Gilbertiodendron dewevrei,A,exact_species_overlap,"P1,P2,P3",Gilbertiodendron dewevrei,exact_species_match,
data/images/micro/Gilbertiodendron_dewevrei/Tw5142_Tv_2_5x_2.jpg,Gilbertiodendron_dewevrei/Tw5142_Tv_2_5x_2.jpg,micro_congo,micro,transversal_semi_thin_section,Gilbertiodendron dewevrei,Gilbertiodendron,,Tw5142,micro_congo:Gilbertiodendron_dewevrei/Tw5142_Tv_2_5x_2,,Gilbertiodendron dewevrei,Gilbertiodendron dewevrei,A,exact_species_overlap,"P1,P2,P3",Gilbertiodendron dewevrei,exact_species_match,
data/images/micro/Gilbertiodendron_dewevrei/Tw53022_Tv_2_5x_1.jpg,Gilbertiodendron_dewevrei/Tw53022_Tv_2_5x_1.jpg,micro_congo,micro,transversal_semi_thin_section,Gilbertiodendron dewevrei,Gilbertiodendron,,Tw53022,micro_congo:Gilbertiodendron_dewevrei/Tw53022_Tv_2_5x_1,,Gilbertiodendron dewevrei,Gilbertiodendron dewevrei,A,exact_species_overlap,"P1,P2,P3",Gilbertiodendron dewevrei,exact_species_match,
data/images/micro/Gilbertiodendron_dewevrei/Tw53022_Tv_2_5x_2.jpg,Gilbertiodendron_dewevrei/Tw53022_Tv_2_5x_2.jpg,micro_congo,micro,transversal_semi_thin_section,Gilbertiodendron dewevrei,Gilbertiodendron,,Tw53022,micro_congo:Gilbertiodendron_dewevrei/Tw53022_Tv_2_5x_2,,Gilbertiodendron dewevrei,Gilbertiodendron dewevrei,A,exact_species_overlap,"P1,P2,P3",Gilbertiodendron dewevrei,exact_species_match,
data/images/micro/Gilbertiodendron_dewevrei/Tw53022_Tv_2_5x_3.jpg,Gilbertiodendron_dewevrei/Tw53022_Tv_2_5x_3.jpg,micro_congo,micro,transversal_semi_thin_section,Gilbertiodendron dewevrei,Gilbertiodendron,,Tw53022,micro_congo:Gilbertiodendron_dewevrei/Tw53022_Tv_2_5x_3,,Gilbertiodendron dewevrei,Gilbertiodendron dewevrei,A,exact_species_overlap,"P1,P2,P3",Gilbertiodendron dewevrei,exact_species_match,
data/images/micro/Gilbertiodendron_dewevrei/Tw6988_Tv_2_5x_1.jpg,Gilbertiodendron_dewevrei/Tw6988_Tv_2_5x_1.jpg,micro_congo,micro,transversal_semi_thin_section,Gilbertiodendron dewevrei,Gilbertiodendron,,Tw6988,micro_congo:Gilbertiodendron_dewevrei/Tw6988_Tv_2_5x_1,,Gilbertiodendron dewevrei,Gilbertiodendron dewevrei,A,exact_species_overlap,"P1,P2,P3",Gilbertiodendron dewevrei,exact_species_match,
data/images/micro/Gilbertiodendron_dewevrei/Tw6988_Tv_2_5x_2.jpg,Gilbertiodendron_dewevrei/Tw6988_Tv_2_5x_2.jpg,micro_congo,micro,transversal_semi_thin_section,Gilbertiodendron dewevrei,Gilbertiodendron,,Tw6988,micro_congo:Gilbertiodendron_dewevrei/Tw6988_Tv_2_5x_2,,Gilbertiodendron dewevrei,Gilbertiodendron dewevrei,A,exact_species_overlap,"P1,P2,P3",Gilbertiodendron dewevrei,exact_species_match,
data/images/micro/Gilbertiodendron_dewevrei/Tw6988_Tv_2_5x_3.jpg,Gilbertiodendron_dewevrei/Tw6988_Tv_2_5x_3.jpg,micro_congo,micro,transversal_semi_thin_section,Gilbertiodendron dewevrei,Gilbertiodendron,,Tw6988,micro_congo:Gilbertiodendron_dewevrei/Tw6988_Tv_2_5x_3,,Gilbertiodendron dewevrei,Gilbertiodendron dewevrei,A,exact_species_overlap,"P1,P2,P3",Gilbertiodendron dewevrei,exact_species_match,
data/images/micro/Guibourtia_arnoldiana/Guib_arnoldiana01.jpg,Guibourtia_arnoldiana/Guib_arnoldiana01.jpg,micro_congo,micro,transversal_semi_thin_section,Guibourtia arnoldiana,Guibourtia,,Guib_arnoldiana01,micro_congo:Guibourtia_arnoldiana/Guib_arnoldiana01,,Guibourtia arnoldiana,Guibourtia arnoldiana,A,exact_species_overlap,"P1,P2,P3",Guibourtia arnoldiana,exact_species_match,
data/images/micro/Guibourtia_arnoldiana/Guib_arnoldiana02.jpg,Guibourtia_arnoldiana/Guib_arnoldiana02.jpg,micro_congo,micro,transversal_semi_thin_section,Guibourtia arnoldiana,Guibourtia,,Guib_arnoldiana02,micro_congo:Guibourtia_arnoldiana/Guib_arnoldiana02,,Guibourtia arnoldiana,Guibourtia arnoldiana,A,exact_species_overlap,"P1,P2,P3",Guibourtia arnoldiana,exact_species_match,
data/images/micro/Guibourtia_arnoldiana/Guib_arnoldiana03.jpg,Guibourtia_arnoldiana/Guib_arnoldiana03.jpg,micro_congo,micro,transversal_semi_thin_section,Guibourtia arnoldiana,Guibourtia,,Guib_arnoldiana03,micro_congo:Guibourtia_arnoldiana/Guib_arnoldiana03,,Guibourtia arnoldiana,Guibourtia arnoldiana,A,exact_species_overlap,"P1,P2,P3",Guibourtia arnoldiana,exact_species_match,
data/images/micro/Guibourtia_arnoldiana/Guib_arnoldiana35.jpg,Guibourtia_arnoldiana/Guib_arnoldiana35.jpg,micro_congo,micro,transversal_semi_thin_section,Guibourtia arnoldiana,Guibourtia,,Guib_arnoldiana35,micro_congo:Guibourtia_arnoldiana/Guib_arnoldiana35,,Guibourtia arnoldiana,Guibourtia arnoldiana,A,exact_species_overlap,"P1,P2,P3",Guibourtia arnoldiana,exact_species_match,
data/images/micro/Guibourtia_arnoldiana/Guib_arnoldiana36.jpg,Guibourtia_arnoldiana/Guib_arnoldiana36.jpg,micro_congo,micro,transversal_semi_thin_section,Guibourtia arnoldiana,Guibourtia,,Guib_arnoldiana36,micro_congo:Guibourtia_arnoldiana/Guib_arnoldiana36,,Guibourtia arnoldiana,Guibourtia arnoldiana,A,exact_species_overlap,"P1,P2,P3",Guibourtia arnoldiana,exact_species_match,
data/images/micro/Guibourtia_arnoldiana/Guib_arnoldiana37.jpg,Guibourtia_arnoldiana/Guib_arnoldiana37.jpg,micro_congo,micro,transversal_semi_thin_section,Guibourtia arnoldiana,Guibourtia,,Guib_arnoldiana37,micro_congo:Guibourtia_arnoldiana/Guib_arnoldiana37,,Guibourtia arnoldiana,Guibourtia arnoldiana,A,exact_species_overlap,"P1,P2,P3",Guibourtia arnoldiana,exact_species_match,
data/images/micro/Guibourtia_arnoldiana/Tw3232_Tv_2_5x_1.jpg,Guibourtia_arnoldiana/Tw3232_Tv_2_5x_1.jpg,micro_congo,micro,transversal_semi_thin_section,Guibourtia arnoldiana,Guibourtia,,Tw3232,micro_congo:Guibourtia_arnoldiana/Tw3232_Tv_2_5x_1,,Guibourtia arnoldiana,Guibourtia arnoldiana,A,exact_species_overlap,"P1,P2,P3",Guibourtia arnoldiana,exact_species_match,
data/images/micro/Guibourtia_arnoldiana/Tw3232_Tv_2_5x_2.jpg,Guibourtia_arnoldiana/Tw3232_Tv_2_5x_2.jpg,micro_congo,micro,transversal_semi_thin_section,Guibourtia arnoldiana,Guibourtia,,Tw3232,micro_congo:Guibourtia_arnoldiana/Tw3232_Tv_2_5x_2,,Guibourtia arnoldiana,Guibourtia arnoldiana,A,exact_species_overlap,"P1,P2,P3",Guibourtia arnoldiana,exact_species_match,
data/images/micro/Guibourtia_arnoldiana/Tw3232_Tv_2_5x_3.jpg,Guibourtia_arnoldiana/Tw3232_Tv_2_5x_3.jpg,micro_congo,micro,transversal_semi_thin_section,Guibourtia arnoldiana,Guibourtia,,Tw3232,micro_congo:Guibourtia_arnoldiana/Tw3232_Tv_2_5x_3,,Guibourtia arnoldiana,Guibourtia arnoldiana,A,exact_species_overlap,"P1,P2,P3",Guibourtia arnoldiana,exact_species_match,
data/images/micro/Guibourtia_arnoldiana/Tw35_Tv_2_5x_1.jpg,Guibourtia_arnoldiana/Tw35_Tv_2_5x_1.jpg,micro_congo,micro,transversal_semi_thin_section,Guibourtia arnoldiana,Guibourtia,,Tw35,micro_congo:Guibourtia_arnoldiana/Tw35_Tv_2_5x_1,,Guibourtia arnoldiana,Guibourtia arnoldiana,A,exact_species_overlap,"P1,P2,P3",Guibourtia arnoldiana,exact_species_match,
data/images/micro/Guibourtia_arnoldiana/Tw35_Tv_2_5x_2.jpg,Guibourtia_arnoldiana/Tw35_Tv_2_5x_2.jpg,micro_congo,micro,transversal_semi_thin_section,Guibourtia arnoldiana,Guibourtia,,Tw35,micro_congo:Guibourtia_arnoldiana/Tw35_Tv_2_5x_2,,Guibourtia arnoldiana,Guibourtia arnoldiana,A,exact_species_overlap,"P1,P2,P3",Guibourtia arnoldiana,exact_species_match,
data/images/micro/Guibourtia_arnoldiana/Tw35_Tv_2_5x_3.jpg,Guibourtia_arnoldiana/Tw35_Tv_2_5x_3.jpg,micro_congo,micro,transversal_semi_thin_section,Guibourtia arnoldiana,Guibourtia,,Tw35,micro_congo:Guibourtia_arnoldiana/Tw35_Tv_2_5x_3,,Guibourtia arnoldiana,Guibourtia arnoldiana,A,exact_species_overlap,"P1,P2,P3",Guibourtia arnoldiana,exact_species_match,
data/images/micro/Guibourtia_arnoldiana/Tw53021_Tv_2_5x_1.jpg,Guibourtia_arnoldiana/Tw53021_Tv_2_5x_1.jpg,micro_congo,micro,transversal_semi_thin_section,Guibourtia arnoldiana,Guibourtia,,Tw53021,micro_congo:Guibourtia_arnoldiana/Tw53021_Tv_2_5x_1,,Guibourtia arnoldiana,Guibourtia arnoldiana,A,exact_species_overlap,"P1,P2,P3",Guibourtia arnoldiana,exact_species_match,
data/images/micro/Guibourtia_arnoldiana/Tw53021_Tv_2_5x_2.jpg,Guibourtia_arnoldiana/Tw53021_Tv_2_5x_2.jpg,micro_congo,micro,transversal_semi_thin_section,Guibourtia arnoldiana,Guibourtia,,Tw53021,micro_congo:Guibourtia_arnoldiana/Tw53021_Tv_2_5x_2,,Guibourtia arnoldiana,Guibourtia arnoldiana,A,exact_species_overlap,"P1,P2,P3",Guibourtia arnoldiana,exact_species_match,
data/images/micro/Guibourtia_arnoldiana/Tw53021_Tv_2_5x_3.jpg,Guibourtia_arnoldiana/Tw53021_Tv_2_5x_3.jpg,micro_congo,micro,transversal_semi_thin_section,Guibourtia arnoldiana,Guibourtia,,Tw53021,micro_congo:Guibourtia_arnoldiana/Tw53021_Tv_2_5x_3,,Guibourtia arnoldiana,Guibourtia arnoldiana,A,exact_species_overlap,"P1,P2,P3",Guibourtia arnoldiana,exact_species_match,
data/images/micro/Holoptelea_grandis/Tw1698_h_grandis_tr2_2_5x.jpg,Holoptelea_grandis/Tw1698_h_grandis_tr2_2_5x.jpg,micro_congo,micro,transversal_semi_thin_section,Holoptelea grandis,Holoptelea,,Tw1698,micro_congo:Holoptelea_grandis/Tw1698_h_grandis_tr2_2_5x,,Holoptelea grandis,Holoptelea grandis,A,exact_species_overlap,"P1,P2,P3",Holoptelea grandis,exact_species_match,
data/images/micro/Holoptelea_grandis/Tw1698_h_grandis_tr3_2_5x.jpg,Holoptelea_grandis/Tw1698_h_grandis_tr3_2_5x.jpg,micro_congo,micro,transversal_semi_thin_section,Holoptelea grandis,Holoptelea,,Tw1698,micro_congo:Holoptelea_grandis/Tw1698_h_grandis_tr3_2_5x,,Holoptelea grandis,Holoptelea grandis,A,exact_species_overlap,"P1,P2,P3",Holoptelea grandis,exact_species_match,
data/images/micro/Holoptelea_grandis/Tw1698_h_grandis_tr_2_5x.jpg,Holoptelea_grandis/Tw1698_h_grandis_tr_2_5x.jpg,micro_congo,micro,transversal_semi_thin_section,Holoptelea grandis,Holoptelea,,Tw1698,micro_congo:Holoptelea_grandis/Tw1698_h_grandis_tr_2_5x,,Holoptelea grandis,Holoptelea grandis,A,exact_species_overlap,"P1,P2,P3",Holoptelea grandis,exact_species_match,
data/images/micro/Holoptelea_grandis/Tw6993_h_grandis_tr2_2_5x.jpg,Holoptelea_grandis/Tw6993_h_grandis_tr2_2_5x.jpg,micro_congo,micro,transversal_semi_thin_section,Holoptelea grandis,Holoptelea,,Tw6993,micro_congo:Holoptelea_grandis/Tw6993_h_grandis_tr2_2_5x,,Holoptelea grandis,Holoptelea grandis,A,exact_species_overlap,"P1,P2,P3",Holoptelea grandis,exact_species_match,
data/images/micro/Holoptelea_grandis/Tw6993_h_grandis_tr3_2_5x.jpg,Holoptelea_grandis/Tw6993_h_grandis_tr3_2_5x.jpg,micro_congo,micro,transversal_semi_thin_section,Holoptelea grandis,Holoptelea,,Tw6993,micro_congo:Holoptelea_grandis/Tw6993_h_grandis_tr3_2_5x,,Holoptelea grandis,Holoptelea grandis,A,exact_species_overlap,"P1,P2,P3",Holoptelea grandis,exact_species_match,
data/images/micro/Holoptelea_grandis/Tw6993_h_grandis_tr4_2_5x.jpg,Holoptelea_grandis/Tw6993_h_grandis_tr4_2_5x.jpg,micro_congo,micro,transversal_semi_thin_section,Holoptelea grandis,Holoptelea,,Tw6993,micro_congo:Holoptelea_grandis/Tw6993_h_grandis_tr4_2_5x,,Holoptelea grandis,Holoptelea grandis,A,exact_species_overlap,"P1,P2,P3",Holoptelea grandis,exact_species_match,
data/images/micro/Holoptelea_grandis/Tw6993_h_grandis_tr_2_5x.jpg,Holoptelea_grandis/Tw6993_h_grandis_tr_2_5x.jpg,micro_congo,micro,transversal_semi_thin_section,Holoptelea grandis,Holoptelea,,Tw6993,micro_congo:Holoptelea_grandis/Tw6993_h_grandis_tr_2_5x,,Holoptelea grandis,Holoptelea grandis,A,exact_species_overlap,"P1,P2,P3",Holoptelea grandis,exact_species_match,
data/images/micro/Holoptelea_grandis/Tw7352_h_grandis_tr2_2_5x.jpg,Holoptelea_grandis/Tw7352_h_grandis_tr2_2_5x.jpg,micro_congo,micro,transversal_semi_thin_section,Holoptelea grandis,Holoptelea,,Tw7352,micro_congo:Holoptelea_grandis/Tw7352_h_grandis_tr2_2_5x,,Holoptelea grandis,Holoptelea grandis,A,exact_species_overlap,"P1,P2,P3",Holoptelea grandis,exact_species_match,
data/images/micro/Holoptelea_grandis/Tw7352_h_grandis_tr3_2_5x.jpg,Holoptelea_grandis/Tw7352_h_grandis_tr3_2_5x.jpg,micro_congo,micro,transversal_semi_thin_section,Holoptelea grandis,Holoptelea,,Tw7352,micro_congo:Holoptelea_grandis/Tw7352_h_grandis_tr3_2_5x,,Holoptelea grandis,Holoptelea grandis,A,exact_species_overlap,"P1,P2,P3",Holoptelea grandis,exact_species_match,
data/images/micro/Holoptelea_grandis/Tw7352_h_grandis_tr_2_5x.jpg,Holoptelea_grandis/Tw7352_h_grandis_tr_2_5x.jpg,micro_congo,micro,transversal_semi_thin_section,Holoptelea grandis,Holoptelea,,Tw7352,micro_congo:Holoptelea_grandis/Tw7352_h_grandis_tr_2_5x,,Holoptelea grandis,Holoptelea grandis,A,exact_species_overlap,"P1,P2,P3",Holoptelea grandis,exact_species_match,
data/images/micro/Holoptelea_grandis/Tw969_h_grandis_tr2_2_5x.jpg,Holoptelea_grandis/Tw969_h_grandis_tr2_2_5x.jpg,micro_congo,micro,transversal_semi_thin_section,Holoptelea grandis,Holoptelea,,Tw969,micro_congo:Holoptelea_grandis/Tw969_h_grandis_tr2_2_5x,,Holoptelea grandis,Holoptelea grandis,A,exact_species_overlap,"P1,P2,P3",Holoptelea grandis,exact_species_match,
data/images/micro/Holoptelea_grandis/Tw969_h_grandis_tr3_2_5x.jpg,Holoptelea_grandis/Tw969_h_grandis_tr3_2_5x.jpg,micro_congo,micro,transversal_semi_thin_section,Holoptelea grandis,Holoptelea,,Tw969,micro_congo:Holoptelea_grandis/Tw969_h_grandis_tr3_2_5x,,Holoptelea grandis,Holoptelea grandis,A,exact_species_overlap,"P1,P2,P3",Holoptelea grandis,exact_species_match,
data/images/micro/Holoptelea_grandis/Tw969_h_grandis_tr_2_5x.jpg,Holoptelea_grandis/Tw969_h_grandis_tr_2_5x.jpg,micro_congo,micro,transversal_semi_thin_section,Holoptelea grandis,Holoptelea,,Tw969,micro_congo:Holoptelea_grandis/Tw969_h_grandis_tr_2_5x,,Holoptelea grandis,Holoptelea grandis,A,exact_species_overlap,"P1,P2,P3",Holoptelea grandis,exact_species_match,
data/images/micro/Klainedoxa_gabonensis/Tw1965_K_gabonensis_tr2_2_5x.jpg,Klainedoxa_gabonensis/Tw1965_K_gabonensis_tr2_2_5x.jpg,micro_congo,micro,transversal_semi_thin_section,Klainedoxa gabonensis,Klainedoxa,,Tw1965,micro_congo:Klainedoxa_gabonensis/Tw1965_K_gabonensis_tr2_2_5x,,Klainedoxa gabonensis,Klainedoxa gabonensis,A,exact_species_overlap,"P1,P2,P3",Klainedoxa gabonensis,exact_species_match,
data/images/micro/Klainedoxa_gabonensis/Tw1965_K_gabonensis_tr_2_5x.jpg,Klainedoxa_gabonensis/Tw1965_K_gabonensis_tr_2_5x.jpg,micro_congo,micro,transversal_semi_thin_section,Klainedoxa gabonensis,Klainedoxa,,Tw1965,micro_congo:Klainedoxa_gabonensis/Tw1965_K_gabonensis_tr_2_5x,,Klainedoxa gabonensis,Klainedoxa gabonensis,A,exact_species_overlap,"P1,P2,P3",Klainedoxa gabonensis,exact_species_match,
data/images/micro/Klainedoxa_gabonensis/Tw224_K_gabonensis_tr2_2_5x.jpg,Klainedoxa_gabonensis/Tw224_K_gabonensis_tr2_2_5x.jpg,micro_congo,micro,transversal_semi_thin_section,Klainedoxa gabonensis,Klainedoxa,,Tw224,micro_congo:Klainedoxa_gabonensis/Tw224_K_gabonensis_tr2_2_5x,,Klainedoxa gabonensis,Klainedoxa gabonensis,A,exact_species_overlap,"P1,P2,P3",Klainedoxa gabonensis,exact_species_match,
data/images/micro/Klainedoxa_gabonensis/Tw224_K_gabonensis_tr3_2_5x.jpg,Klainedoxa_gabonensis/Tw224_K_gabonensis_tr3_2_5x.jpg,micro_congo,micro,transversal_semi_thin_section,Klainedoxa gabonensis,Klainedoxa,,Tw224,micro_congo:Klainedoxa_gabonensis/Tw224_K_gabonensis_tr3_2_5x,,Klainedoxa gabonensis,Klainedoxa gabonensis,A,exact_species_overlap,"P1,P2,P3",Klainedoxa gabonensis,exact_species_match,
data/images/micro/Klainedoxa_gabonensis/Tw224_K_gabonensis_tr4_2_5x.jpg,Klainedoxa_gabonensis/Tw224_K_gabonensis_tr4_2_5x.jpg,micro_congo,micro,transversal_semi_thin_section,Klainedoxa gabonensis,Klainedoxa,,Tw224,micro_congo:Klainedoxa_gabonensis/Tw224_K_gabonensis_tr4_2_5x,,Klainedoxa gabonensis,Klainedoxa gabonensis,A,exact_species_overlap,"P1,P2,P3",Klainedoxa gabonensis,exact_species_match,
data/images/micro/Klainedoxa_gabonensis/Tw224_K_gabonensis_tr_2_5x.jpg,Klainedoxa_gabonensis/Tw224_K_gabonensis_tr_2_5x.jpg,micro_congo,micro,transversal_semi_thin_section,Klainedoxa gabonensis,Klainedoxa,,Tw224,micro_congo:Klainedoxa_gabonensis/Tw224_K_gabonensis_tr_2_5x,,Klainedoxa gabonensis,Klainedoxa gabonensis,A,exact_species_overlap,"P1,P2,P3",Klainedoxa gabonensis,exact_species_match,
data/images/micro/Klainedoxa_gabonensis/Tw5332_K_gabonensis_tr2_2_5x.jpg,Klainedoxa_gabonensis/Tw5332_K_gabonensis_tr2_2_5x.jpg,micro_congo,micro,transversal_semi_thin_section,Klainedoxa gabonensis,Klainedoxa,,Tw5332,micro_congo:Klainedoxa_gabonensis/Tw5332_K_gabonensis_tr2_2_5x,,Klainedoxa gabonensis,Klainedoxa gabonensis,A,exact_species_overlap,"P1,P2,P3",Klainedoxa gabonensis,exact_species_match,
data/images/micro/Klainedoxa_gabonensis/Tw5332_K_gabonensis_tr3_2_5x.jpg,Klainedoxa_gabonensis/Tw5332_K_gabonensis_tr3_2_5x.jpg,micro_congo,micro,transversal_semi_thin_section,Klainedoxa gabonensis,Klainedoxa,,Tw5332,micro_congo:Klainedoxa_gabonensis/Tw5332_K_gabonensis_tr3_2_5x,,Klainedoxa gabonensis,Klainedoxa gabonensis,A,exact_species_overlap,"P1,P2,P3",Klainedoxa gabonensis,exact_species_match,
data/images/micro/Klainedoxa_gabonensis/Tw5332_K_gabonensis_tr4_2_5x.jpg,Klainedoxa_gabonensis/Tw5332_K_gabonensis_tr4_2_5x.jpg,micro_congo,micro,transversal_semi_thin_section,Klainedoxa gabonensis,Klainedoxa,,Tw5332,micro_congo:Klainedoxa_gabonensis/Tw5332_K_gabonensis_tr4_2_5x,,Klainedoxa gabonensis,Klainedoxa gabonensis,A,exact_species_overlap,"P1,P2,P3",Klainedoxa gabonensis,exact_species_match,
data/images/micro/Klainedoxa_gabonensis/Tw5332_K_gabonensis_tr_2_5x.jpg,Klainedoxa_gabonensis/Tw5332_K_gabonensis_tr_2_5x.jpg,micro_congo,micro,transversal_semi_thin_section,Klainedoxa gabonensis,Klainedoxa,,Tw5332,micro_congo:Klainedoxa_gabonensis/Tw5332_K_gabonensis_tr_2_5x,,Klainedoxa gabonensis,Klainedoxa gabonensis,A,exact_species_overlap,"P1,P2,P3",Klainedoxa gabonensis,exact_species_match,
data/images/micro/Klainedoxa_gabonensis/Tw6954_K_gabonensis_tr2_2_5x.jpg,Klainedoxa_gabonensis/Tw6954_K_gabonensis_tr2_2_5x.jpg,micro_congo,micro,transversal_semi_thin_section,Klainedoxa gabonensis,Klainedoxa,,Tw6954,micro_congo:Klainedoxa_gabonensis/Tw6954_K_gabonensis_tr2_2_5x,,Klainedoxa gabonensis,Klainedoxa gabonensis,A,exact_species_overlap,"P1,P2,P3",Klainedoxa gabonensis,exact_species_match,
data/images/micro/Klainedoxa_gabonensis/Tw6954_K_gabonensis_tr3_2_5x.jpg,Klainedoxa_gabonensis/Tw6954_K_gabonensis_tr3_2_5x.jpg,micro_congo,micro,transversal_semi_thin_section,Klainedoxa gabonensis,Klainedoxa,,Tw6954,micro_congo:Klainedoxa_gabonensis/Tw6954_K_gabonensis_tr3_2_5x,,Klainedoxa gabonensis,Klainedoxa gabonensis,A,exact_species_overlap,"P1,P2,P3",Klainedoxa gabonensis,exact_species_match,
data/images/micro/Klainedoxa_gabonensis/Tw6954_K_gabonensis_tr4_2_5x.jpg,Klainedoxa_gabonensis/Tw6954_K_gabonensis_tr4_2_5x.jpg,micro_congo,micro,transversal_semi_thin_section,Klainedoxa gabonensis,Klainedoxa,,Tw6954,micro_congo:Klainedoxa_gabonensis/Tw6954_K_gabonensis_tr4_2_5x,,Klainedoxa gabonensis,Klainedoxa gabonensis,A,exact_species_overlap,"P1,P2,P3",Klainedoxa gabonensis,exact_species_match,
data/images/micro/Klainedoxa_gabonensis/Tw6954_K_gabonensis_tr_2_5x.jpg,Klainedoxa_gabonensis/Tw6954_K_gabonensis_tr_2_5x.jpg,micro_congo,micro,transversal_semi_thin_section,Klainedoxa gabonensis,Klainedoxa,,Tw6954,micro_congo:Klainedoxa_gabonensis/Tw6954_K_gabonensis_tr_2_5x,,Klainedoxa gabonensis,Klainedoxa gabonensis,A,exact_species_overlap,"P1,P2,P3",Klainedoxa gabonensis,exact_species_match,
data/images/micro/Klainedoxa_gabonensis/Tw995_K_gabonensis_tr2_2_5x.jpg,Klainedoxa_gabonensis/Tw995_K_gabonensis_tr2_2_5x.jpg,micro_congo,micro,transversal_semi_thin_section,Klainedoxa gabonensis,Klainedoxa,,Tw995,micro_congo:Klainedoxa_gabonensis/Tw995_K_gabonensis_tr2_2_5x,,Klainedoxa gabonensis,Klainedoxa gabonensis,A,exact_species_overlap,"P1,P2,P3",Klainedoxa gabonensis,exact_species_match,
data/images/micro/Klainedoxa_gabonensis/Tw995_K_gabonensis_tr3_2_5x.jpg,Klainedoxa_gabonensis/Tw995_K_gabonensis_tr3_2_5x.jpg,micro_congo,micro,transversal_semi_thin_section,Klainedoxa gabonensis,Klainedoxa,,Tw995,micro_congo:Klainedoxa_gabonensis/Tw995_K_gabonensis_tr3_2_5x,,Klainedoxa gabonensis,Klainedoxa gabonensis,A,exact_species_overlap,"P1,P2,P3",Klainedoxa gabonensis,exact_species_match,
data/images/micro/Klainedoxa_gabonensis/Tw995_K_gabonensis_tr4_2_5x.jpg,Klainedoxa_gabonensis/Tw995_K_gabonensis_tr4_2_5x.jpg,micro_congo,micro,transversal_semi_thin_section,Klainedoxa gabonensis,Klainedoxa,,Tw995,micro_congo:Klainedoxa_gabonensis/Tw995_K_gabonensis_tr4_2_5x,,Klainedoxa gabonensis,Klainedoxa gabonensis,A,exact_species_overlap,"P1,P2,P3",Klainedoxa gabonensis,exact_species_match,
data/images/micro/Klainedoxa_gabonensis/Tw995_K_gabonensis_tr_2_5x.jpg,Klainedoxa_gabonensis/Tw995_K_gabonensis_tr_2_5x.jpg,micro_congo,micro,transversal_semi_thin_section,Klainedoxa gabonensis,Klainedoxa,,Tw995,micro_congo:Klainedoxa_gabonensis/Tw995_K_gabonensis_tr_2_5x,,Klainedoxa gabonensis,Klainedoxa gabonensis,A,exact_species_overlap,"P1,P2,P3",Klainedoxa gabonensis,exact_species_match,
data/images/micro/Lophira_alata/Tw52802_L_alata_tr2_2_5x.jpg,Lophira_alata/Tw52802_L_alata_tr2_2_5x.jpg,micro_congo,micro,transversal_semi_thin_section,Lophira alata,Lophira,,Tw52802,micro_congo:Lophira_alata/Tw52802_L_alata_tr2_2_5x,,Lophira alata,Lophira alata,A,exact_species_overlap,"P1,P2,P3",Lophira alata,exact_species_match,
data/images/micro/Lophira_alata/Tw52802_L_alata_tr3_2_5x.jpg,Lophira_alata/Tw52802_L_alata_tr3_2_5x.jpg,micro_congo,micro,transversal_semi_thin_section,Lophira alata,Lophira,,Tw52802,micro_congo:Lophira_alata/Tw52802_L_alata_tr3_2_5x,,Lophira alata,Lophira alata,A,exact_species_overlap,"P1,P2,P3",Lophira alata,exact_species_match,
data/images/micro/Lophira_alata/Tw52802_L_alata_tr4_2_5x.jpg,Lophira_alata/Tw52802_L_alata_tr4_2_5x.jpg,micro_congo,micro,transversal_semi_thin_section,Lophira alata,Lophira,,Tw52802,micro_congo:Lophira_alata/Tw52802_L_alata_tr4_2_5x,,Lophira alata,Lophira alata,A,exact_species_overlap,"P1,P2,P3",Lophira alata,exact_species_match,
data/images/micro/Lophira_alata/Tw52802_L_alata_tr5_2_5x.jpg,Lophira_alata/Tw52802_L_alata_tr5_2_5x.jpg,micro_congo,micro,transversal_semi_thin_section,Lophira alata,Lophira,,Tw52802,micro_congo:Lophira_alata/Tw52802_L_alata_tr5_2_5x,,Lophira alata,Lophira alata,A,exact_species_overlap,"P1,P2,P3",Lophira alata,exact_species_match,
data/images/micro/Lophira_alata/Tw52802_L_alata_tr6_2_5x.jpg,Lophira_alata/Tw52802_L_alata_tr6_2_5x.jpg,micro_congo,micro,transversal_semi_thin_section,Lophira alata,Lophira,,Tw52802,micro_congo:Lophira_alata/Tw52802_L_alata_tr6_2_5x,,Lophira alata,Lophira alata,A,exact_species_overlap,"P1,P2,P3",Lophira alata,exact_species_match,
data/images/micro/Lophira_alata/Tw52802_L_alata_tr_2_5x.jpg,Lophira_alata/Tw52802_L_alata_tr_2_5x.jpg,micro_congo,micro,transversal_semi_thin_section,Lophira alata,Lophira,,Tw52802,micro_congo:Lophira_alata/Tw52802_L_alata_tr_2_5x,,Lophira alata,Lophira alata,A,exact_species_overlap,"P1,P2,P3",Lophira alata,exact_species_match,
data/images/micro/Lophira_alata/Tw52930_L_alata_tr2_2_5x.jpg,Lophira_alata/Tw52930_L_alata_tr2_2_5x.jpg,micro_congo,micro,transversal_semi_thin_section,Lophira alata,Lophira,,Tw52930,micro_congo:Lophira_alata/Tw52930_L_alata_tr2_2_5x,,Lophira alata,Lophira alata,A,exact_species_overlap,"P1,P2,P3",Lophira alata,exact_species_match,
data/images/micro/Lophira_alata/Tw52930_L_alata_tr_2_5x.jpg,Lophira_alata/Tw52930_L_alata_tr_2_5x.jpg,micro_congo,micro,transversal_semi_thin_section,Lophira alata,Lophira,,Tw52930,micro_congo:Lophira_alata/Tw52930_L_alata_tr_2_5x,,Lophira alata,Lophira alata,A,exact_species_overlap,"P1,P2,P3",Lophira alata,exact_species_match,
data/images/micro/Mammea_africana/Tw1925_m_africana_Tr2_2_5x.jpg,Mammea_africana/Tw1925_m_africana_Tr2_2_5x.jpg,micro_congo,micro,transversal_semi_thin_section,Mammea africana,Mammea,,Tw1925,micro_congo:Mammea_africana/Tw1925_m_africana_Tr2_2_5x,,Mammea africana,Mammea africana,A,exact_species_overlap,"P1,P2,P3",Mammea africana,exact_species_match,
data/images/micro/Mammea_africana/Tw1925_m_africana_Tr3_2_5x.jpg,Mammea_africana/Tw1925_m_africana_Tr3_2_5x.jpg,micro_congo,micro,transversal_semi_thin_section,Mammea africana,Mammea,,Tw1925,micro_congo:Mammea_africana/Tw1925_m_africana_Tr3_2_5x,,Mammea africana,Mammea africana,A,exact_species_overlap,"P1,P2,P3",Mammea africana,exact_species_match,
data/images/micro/Mammea_africana/Tw1925_m_africana_Tr_2_5x.jpg,Mammea_africana/Tw1925_m_africana_Tr_2_5x.jpg,micro_congo,micro,transversal_semi_thin_section,Mammea africana,Mammea,,Tw1925,micro_congo:Mammea_africana/Tw1925_m_africana_Tr_2_5x,,Mammea africana,Mammea africana,A,exact_species_overlap,"P1,P2,P3",Mammea africana,exact_species_match,
data/images/micro/Mammea_africana/Tw525_m_africana_Tr2_2_5x.jpg,Mammea_africana/Tw525_m_africana_Tr2_2_5x.jpg,micro_congo,micro,transversal_semi_thin_section,Mammea africana,Mammea,,Tw525,micro_congo:Mammea_africana/Tw525_m_africana_Tr2_2_5x,,Mammea africana,Mammea africana,A,exact_species_overlap,"P1,P2,P3",Mammea africana,exact_species_match,
data/images/micro/Mammea_africana/Tw525_m_africana_Tr_2_5x.jpg,Mammea_africana/Tw525_m_africana_Tr_2_5x.jpg,micro_congo,micro,transversal_semi_thin_section,Mammea africana,Mammea,,Tw525,micro_congo:Mammea_africana/Tw525_m_africana_Tr_2_5x,,Mammea africana,Mammea africana,A,exact_species_overlap,"P1,P2,P3",Mammea africana,exact_species_match,
data/images/micro/Mammea_africana/Tw52887_m_africana_Tr2_2_5x.jpg,Mammea_africana/Tw52887_m_africana_Tr2_2_5x.jpg,micro_congo,micro,transversal_semi_thin_section,Mammea africana,Mammea,,Tw52887,micro_congo:Mammea_africana/Tw52887_m_africana_Tr2_2_5x,,Mammea africana,Mammea africana,A,exact_species_overlap,"P1,P2,P3",Mammea africana,exact_species_match,
data/images/micro/Mammea_africana/Tw52887_m_africana_Tr3_2_5x.jpg,Mammea_africana/Tw52887_m_africana_Tr3_2_5x.jpg,micro_congo,micro,transversal_semi_thin_section,Mammea africana,Mammea,,Tw52887,micro_congo:Mammea_africana/Tw52887_m_africana_Tr3_2_5x,,Mammea africana,Mammea africana,A,exact_species_overlap,"P1,P2,P3",Mammea africana,exact_species_match,
data/images/micro/Mammea_africana/Tw52887_m_africana_Tr_2_5x.jpg,Mammea_africana/Tw52887_m_africana_Tr_2_5x.jpg,micro_congo,micro,transversal_semi_thin_section,Mammea africana,Mammea,,Tw52887,micro_congo:Mammea_africana/Tw52887_m_africana_Tr_2_5x,,Mammea africana,Mammea africana,A,exact_species_overlap,"P1,P2,P3",Mammea africana,exact_species_match,
data/images/micro/Mammea_africana/Tw5293_m_africana_Tr2_2_5x.jpg,Mammea_africana/Tw5293_m_africana_Tr2_2_5x.jpg,micro_congo,micro,transversal_semi_thin_section,Mammea africana,Mammea,,Tw5293,micro_congo:Mammea_africana/Tw5293_m_africana_Tr2_2_5x,,Mammea africana,Mammea africana,A,exact_species_overlap,"P1,P2,P3",Mammea africana,exact_species_match,
data/images/micro/Mammea_africana/Tw5293_m_africana_Tr3_2_5x.jpg,Mammea_africana/Tw5293_m_africana_Tr3_2_5x.jpg,micro_congo,micro,transversal_semi_thin_section,Mammea africana,Mammea,,Tw5293,micro_congo:Mammea_africana/Tw5293_m_africana_Tr3_2_5x,,Mammea africana,Mammea africana,A,exact_species_overlap,"P1,P2,P3",Mammea africana,exact_species_match,
data/images/micro/Mammea_africana/Tw5293_m_africana_Tr_2_5x.jpg,Mammea_africana/Tw5293_m_africana_Tr_2_5x.jpg,micro_congo,micro,transversal_semi_thin_section,Mammea africana,Mammea,,Tw5293,micro_congo:Mammea_africana/Tw5293_m_africana_Tr_2_5x,,Mammea africana,Mammea africana,A,exact_species_overlap,"P1,P2,P3",Mammea africana,exact_species_match,
data/images/micro/Mammea_africana/Tw7471_m_africana_Tr2_2_5x.jpg,Mammea_africana/Tw7471_m_africana_Tr2_2_5x.jpg,micro_congo,micro,transversal_semi_thin_section,Mammea africana,Mammea,,Tw7471,micro_congo:Mammea_africana/Tw7471_m_africana_Tr2_2_5x,,Mammea africana,Mammea africana,A,exact_species_overlap,"P1,P2,P3",Mammea africana,exact_species_match,
data/images/micro/Mammea_africana/Tw7471_m_africana_Tr3_2_5x.jpg,Mammea_africana/Tw7471_m_africana_Tr3_2_5x.jpg,micro_congo,micro,transversal_semi_thin_section,Mammea africana,Mammea,,Tw7471,micro_congo:Mammea_africana/Tw7471_m_africana_Tr3_2_5x,,Mammea africana,Mammea africana,A,exact_species_overlap,"P1,P2,P3",Mammea africana,exact_species_match,
data/images/micro/Mammea_africana/Tw7471_m_africana_Tr_2_5x.jpg,Mammea_africana/Tw7471_m_africana_Tr_2_5x.jpg,micro_congo,micro,transversal_semi_thin_section,Mammea africana,Mammea,,Tw7471,micro_congo:Mammea_africana/Tw7471_m_africana_Tr_2_5x,,Mammea africana,Mammea africana,A,exact_species_overlap,"P1,P2,P3",Mammea africana,exact_species_match,
data/images/micro/Milicia_excelsa/Chl_excelsa002.jpg,Milicia_excelsa/Chl_excelsa002.jpg,micro_congo,micro,transversal_semi_thin_section,Milicia excelsa,Milicia,,Chl_excelsa002,micro_congo:Milicia_excelsa/Chl_excelsa002,,Milicia excelsa,Milicia excelsa,A,exact_species_overlap,"P1,P2,P3",Milicia excelsa,exact_species_match,
data/images/micro/Milicia_excelsa/Chl_excelsa004.jpg,Milicia_excelsa/Chl_excelsa004.jpg,micro_congo,micro,transversal_semi_thin_section,Milicia excelsa,Milicia,,Chl_excelsa004,micro_congo:Milicia_excelsa/Chl_excelsa004,,Milicia excelsa,Milicia excelsa,A,exact_species_overlap,"P1,P2,P3",Milicia excelsa,exact_species_match,
data/images/micro/Milicia_excelsa/Chl_excelsa005.jpg,Milicia_excelsa/Chl_excelsa005.jpg,micro_congo,micro,transversal_semi_thin_section,Milicia excelsa,Milicia,,Chl_excelsa005,micro_congo:Milicia_excelsa/Chl_excelsa005,,Milicia excelsa,Milicia excelsa,A,exact_species_overlap,"P1,P2,P3",Milicia excelsa,exact_species_match,
data/images/micro/Milicia_excelsa/Chl_excelsa006.jpg,Milicia_excelsa/Chl_excelsa006.jpg,micro_congo,micro,transversal_semi_thin_section,Milicia excelsa,Milicia,,Chl_excelsa006,micro_congo:Milicia_excelsa/Chl_excelsa006,,Milicia excelsa,Milicia excelsa,A,exact_species_overlap,"P1,P2,P3",Milicia excelsa,exact_species_match,
data/images/micro/Milicia_excelsa/Chl_excelsa007.jpg,Milicia_excelsa/Chl_excelsa007.jpg,micro_congo,micro,transversal_semi_thin_section,Milicia excelsa,Milicia,,Chl_excelsa007,micro_congo:Milicia_excelsa/Chl_excelsa007,,Milicia excelsa,Milicia excelsa,A,exact_species_overlap,"P1,P2,P3",Milicia excelsa,exact_species_match,
data/images/micro/Milicia_excelsa/Chl_excelsa008.jpg,Milicia_excelsa/Chl_excelsa008.jpg,micro_congo,micro,transversal_semi_thin_section,Milicia excelsa,Milicia,,Chl_excelsa008,micro_congo:Milicia_excelsa/Chl_excelsa008,,Milicia excelsa,Milicia excelsa,A,exact_species_overlap,"P1,P2,P3",Milicia excelsa,exact_species_match,
data/images/micro/Milicia_excelsa/Tw1463_Tv_2_5x_1.jpg,Milicia_excelsa/Tw1463_Tv_2_5x_1.jpg,micro_congo,micro,transversal_semi_thin_section,Milicia excelsa,Milicia,,Tw1463,micro_congo:Milicia_excelsa/Tw1463_Tv_2_5x_1,,Milicia excelsa,Milicia excelsa,A,exact_species_overlap,"P1,P2,P3",Milicia excelsa,exact_species_match,
data/images/micro/Milicia_excelsa/Tw1463_Tv_2_5x_2.jpg,Milicia_excelsa/Tw1463_Tv_2_5x_2.jpg,micro_congo,micro,transversal_semi_thin_section,Milicia excelsa,Milicia,,Tw1463,micro_congo:Milicia_excelsa/Tw1463_Tv_2_5x_2,,Milicia excelsa,Milicia excelsa,A,exact_species_overlap,"P1,P2,P3",Milicia excelsa,exact_species_match,
data/images/micro/Milicia_excelsa/Tw1549_Tv_2_5x_1.jpg,Milicia_excelsa/Tw1549_Tv_2_5x_1.jpg,micro_congo,micro,transversal_semi_thin_section,Milicia excelsa,Milicia,,Tw1549,micro_congo:Milicia_excelsa/Tw1549_Tv_2_5x_1,,Milicia excelsa,Milicia excelsa,A,exact_species_overlap,"P1,P2,P3",Milicia excelsa,exact_species_match,
data/images/micro/Milicia_excelsa/Tw1549_Tv_2_5x_2.jpg,Milicia_excelsa/Tw1549_Tv_2_5x_2.jpg,micro_congo,micro,transversal_semi_thin_section,Milicia excelsa,Milicia,,Tw1549,micro_congo:Milicia_excelsa/Tw1549_Tv_2_5x_2,,Milicia excelsa,Milicia excelsa,A,exact_species_overlap,"P1,P2,P3",Milicia excelsa,exact_species_match,
data/images/micro/Milicia_excelsa/Tw1549_Tv_2_5x_3.jpg,Milicia_excelsa/Tw1549_Tv_2_5x_3.jpg,micro_congo,micro,transversal_semi_thin_section,Milicia excelsa,Milicia,,Tw1549,micro_congo:Milicia_excelsa/Tw1549_Tv_2_5x_3,,Milicia excelsa,Milicia excelsa,A,exact_species_overlap,"P1,P2,P3",Milicia excelsa,exact_species_match,
data/images/micro/Milicia_excelsa/Tw2396_Tv_2_5x_1.jpg,Milicia_excelsa/Tw2396_Tv_2_5x_1.jpg,micro_congo,micro,transversal_semi_thin_section,Milicia excelsa,Milicia,,Tw2396,micro_congo:Milicia_excelsa/Tw2396_Tv_2_5x_1,,Milicia excelsa,Milicia excelsa,A,exact_species_overlap,"P1,P2,P3",Milicia excelsa,exact_species_match,
data/images/micro/Milicia_excelsa/Tw2396_Tv_2_5x_2.jpg,Milicia_excelsa/Tw2396_Tv_2_5x_2.jpg,micro_congo,micro,transversal_semi_thin_section,Milicia excelsa,Milicia,,Tw2396,micro_congo:Milicia_excelsa/Tw2396_Tv_2_5x_2,,Milicia excelsa,Milicia excelsa,A,exact_species_overlap,"P1,P2,P3",Milicia excelsa,exact_species_match,
data/images/micro/Milicia_excelsa/Tw2396_Tv_2_5x_3.jpg,Milicia_excelsa/Tw2396_Tv_2_5x_3.jpg,micro_congo,micro,transversal_semi_thin_section,Milicia excelsa,Milicia,,Tw2396,micro_congo:Milicia_excelsa/Tw2396_Tv_2_5x_3,,Milicia excelsa,Milicia excelsa,A,exact_species_overlap,"P1,P2,P3",Milicia excelsa,exact_species_match,
data/images/micro/Milicia_excelsa/Tw2415_Tv_2_5x_1.jpg,Milicia_excelsa/Tw2415_Tv_2_5x_1.jpg,micro_congo,micro,transversal_semi_thin_section,Milicia excelsa,Milicia,,Tw2415,micro_congo:Milicia_excelsa/Tw2415_Tv_2_5x_1,,Milicia excelsa,Milicia excelsa,A,exact_species_overlap,"P1,P2,P3",Milicia excelsa,exact_species_match,
data/images/micro/Milicia_excelsa/Tw2415_Tv_2_5x_2.jpg,Milicia_excelsa/Tw2415_Tv_2_5x_2.jpg,micro_congo,micro,transversal_semi_thin_section,Milicia excelsa,Milicia,,Tw2415,micro_congo:Milicia_excelsa/Tw2415_Tv_2_5x_2,,Milicia excelsa,Milicia excelsa,A,exact_species_overlap,"P1,P2,P3",Milicia excelsa,exact_species_match,
data/images/micro/Milicia_excelsa/Tw25742_Tv_2_5x_1.jpg,Milicia_excelsa/Tw25742_Tv_2_5x_1.jpg,micro_congo,micro,transversal_semi_thin_section,Milicia excelsa,Milicia,,Tw25742,micro_congo:Milicia_excelsa/Tw25742_Tv_2_5x_1,,Milicia excelsa,Milicia excelsa,A,exact_species_overlap,"P1,P2,P3",Milicia excelsa,exact_species_match,
data/images/micro/Milicia_excelsa/Tw25742_Tv_2_5x_2.jpg,Milicia_excelsa/Tw25742_Tv_2_5x_2.jpg,micro_congo,micro,transversal_semi_thin_section,Milicia excelsa,Milicia,,Tw25742,micro_congo:Milicia_excelsa/Tw25742_Tv_2_5x_2,,Milicia excelsa,Milicia excelsa,A,exact_species_overlap,"P1,P2,P3",Milicia excelsa,exact_species_match,
data/images/micro/Milicia_excelsa/Tw7347_Tv_2_5x_1.jpg,Milicia_excelsa/Tw7347_Tv_2_5x_1.jpg,micro_congo,micro,transversal_semi_thin_section,Milicia excelsa,Milicia,,Tw7347,micro_congo:Milicia_excelsa/Tw7347_Tv_2_5x_1,,Milicia excelsa,Milicia excelsa,A,exact_species_overlap,"P1,P2,P3",Milicia excelsa,exact_species_match,
data/images/micro/Milicia_excelsa/Tw7347_Tv_2_5x_2.jpg,Milicia_excelsa/Tw7347_Tv_2_5x_2.jpg,micro_congo,micro,transversal_semi_thin_section,Milicia excelsa,Milicia,,Tw7347,micro_congo:Milicia_excelsa/Tw7347_Tv_2_5x_2,,Milicia excelsa,Milicia excelsa,A,exact_species_overlap,"P1,P2,P3",Milicia excelsa,exact_species_match,
data/images/micro/Milicia_excelsa/Tw7347_Tv_2_5x_3.jpg,Milicia_excelsa/Tw7347_Tv_2_5x_3.jpg,micro_congo,micro,transversal_semi_thin_section,Milicia excelsa,Milicia,,Tw7347,micro_congo:Milicia_excelsa/Tw7347_Tv_2_5x_3,,Milicia excelsa,Milicia excelsa,A,exact_species_overlap,"P1,P2,P3",Milicia excelsa,exact_species_match,
data/images/micro/Millettia_laurentii/M_laurentii030.jpg,Millettia_laurentii/M_laurentii030.jpg,micro_congo,micro,transversal_semi_thin_section,Millettia laurentii,Millettia,,M_laurentii030,micro_congo:Millettia_laurentii/M_laurentii030,,Millettia laurentii,Millettia laurentii,A,exact_species_overlap,"P1,P2,P3",Millettia laurentii,exact_species_match,
data/images/micro/Millettia_laurentii/M_laurentii031.jpg,Millettia_laurentii/M_laurentii031.jpg,micro_congo,micro,transversal_semi_thin_section,Millettia laurentii,Millettia,,M_laurentii031,micro_congo:Millettia_laurentii/M_laurentii031,,Millettia laurentii,Millettia laurentii,A,exact_species_overlap,"P1,P2,P3",Millettia laurentii,exact_species_match,
data/images/micro/Millettia_laurentii/M_laurentii032.jpg,Millettia_laurentii/M_laurentii032.jpg,micro_congo,micro,transversal_semi_thin_section,Millettia laurentii,Millettia,,M_laurentii032,micro_congo:Millettia_laurentii/M_laurentii032,,Millettia laurentii,Millettia laurentii,A,exact_species_overlap,"P1,P2,P3",Millettia laurentii,exact_species_match,
data/images/micro/Millettia_laurentii/Millettia_laurentii_a001.jpg,Millettia_laurentii/Millettia_laurentii_a001.jpg,micro_congo,micro,transversal_semi_thin_section,Millettia laurentii,Millettia,,Millettia_laurentii_a001,micro_congo:Millettia_laurentii/Millettia_laurentii_a001,,Millettia laurentii,Millettia laurentii,A,exact_species_overlap,"P1,P2,P3",Millettia laurentii,exact_species_match,
data/images/micro/Millettia_laurentii/Millettia_laurentii_a002.jpg,Millettia_laurentii/Millettia_laurentii_a002.jpg,micro_congo,micro,transversal_semi_thin_section,Millettia laurentii,Millettia,,Millettia_laurentii_a002,micro_congo:Millettia_laurentii/Millettia_laurentii_a002,,Millettia laurentii,Millettia laurentii,A,exact_species_overlap,"P1,P2,P3",Millettia laurentii,exact_species_match,
data/images/micro/Millettia_laurentii/Tw425_M_laurentii_Tr_2_5x.jpg,Millettia_laurentii/Tw425_M_laurentii_Tr_2_5x.jpg,micro_congo,micro,transversal_semi_thin_section,Millettia laurentii,Millettia,,Tw425,micro_congo:Millettia_laurentii/Tw425_M_laurentii_Tr_2_5x,,Millettia laurentii,Millettia laurentii,A,exact_species_overlap,"P1,P2,P3",Millettia laurentii,exact_species_match,
data/images/micro/Millettia_laurentii/Tw425_Tv_2_5x_1.jpg,Millettia_laurentii/Tw425_Tv_2_5x_1.jpg,micro_congo,micro,transversal_semi_thin_section,Millettia laurentii,Millettia,,Tw425,micro_congo:Millettia_laurentii/Tw425_Tv_2_5x_1,,Millettia laurentii,Millettia laurentii,A,exact_species_overlap,"P1,P2,P3",Millettia laurentii,exact_species_match,
data/images/micro/Millettia_laurentii/Tw425_Tv_2_5x_2.jpg,Millettia_laurentii/Tw425_Tv_2_5x_2.jpg,micro_congo,micro,transversal_semi_thin_section,Millettia laurentii,Millettia,,Tw425,micro_congo:Millettia_laurentii/Tw425_Tv_2_5x_2,,Millettia laurentii,Millettia laurentii,A,exact_species_overlap,"P1,P2,P3",Millettia laurentii,exact_species_match,
data/images/micro/Millettia_laurentii/Tw425_Tv_2_5x_3.jpg,Millettia_laurentii/Tw425_Tv_2_5x_3.jpg,micro_congo,micro,transversal_semi_thin_section,Millettia laurentii,Millettia,,Tw425,micro_congo:Millettia_laurentii/Tw425_Tv_2_5x_3,,Millettia laurentii,Millettia laurentii,A,exact_species_overlap,"P1,P2,P3",Millettia laurentii,exact_species_match,
data/images/micro/Millettia_laurentii/Tw5227_Tv_2_5x_1.jpg,Millettia_laurentii/Tw5227_Tv_2_5x_1.jpg,micro_congo,micro,transversal_semi_thin_section,Millettia laurentii,Millettia,,Tw5227,micro_congo:Millettia_laurentii/Tw5227_Tv_2_5x_1,,Millettia laurentii,Millettia laurentii,A,exact_species_overlap,"P1,P2,P3",Millettia laurentii,exact_species_match,
data/images/micro/Millettia_laurentii/Tw5227_Tv_2_5x_2.jpg,Millettia_laurentii/Tw5227_Tv_2_5x_2.jpg,micro_congo,micro,transversal_semi_thin_section,Millettia laurentii,Millettia,,Tw5227,micro_congo:Millettia_laurentii/Tw5227_Tv_2_5x_2,,Millettia laurentii,Millettia laurentii,A,exact_species_overlap,"P1,P2,P3",Millettia laurentii,exact_species_match,
data/images/micro/Millettia_laurentii/Tw5227_Tv_2_5x_3.jpg,Millettia_laurentii/Tw5227_Tv_2_5x_3.jpg,micro_congo,micro,transversal_semi_thin_section,Millettia laurentii,Millettia,,Tw5227,micro_congo:Millettia_laurentii/Tw5227_Tv_2_5x_3,,Millettia laurentii,Millettia laurentii,A,exact_species_overlap,"P1,P2,P3",Millettia laurentii,exact_species_match,
data/images/micro/Millettia_laurentii/Tw7171_Tv_2_5x_1.jpg,Millettia_laurentii/Tw7171_Tv_2_5x_1.jpg,micro_congo,micro,transversal_semi_thin_section,Millettia laurentii,Millettia,,Tw7171,micro_congo:Millettia_laurentii/Tw7171_Tv_2_5x_1,,Millettia laurentii,Millettia laurentii,A,exact_species_overlap,"P1,P2,P3",Millettia laurentii,exact_species_match,
data/images/micro/Millettia_laurentii/Tw7171_Tv_2_5x_2.jpg,Millettia_laurentii/Tw7171_Tv_2_5x_2.jpg,micro_congo,micro,transversal_semi_thin_section,Millettia laurentii,Millettia,,Tw7171,micro_congo:Millettia_laurentii/Tw7171_Tv_2_5x_2,,Millettia laurentii,Millettia laurentii,A,exact_species_overlap,"P1,P2,P3",Millettia laurentii,exact_species_match,
data/images/micro/Millettia_laurentii/Tw7171_Tv_2_5x_3.jpg,Millettia_laurentii/Tw7171_Tv_2_5x_3.jpg,micro_congo,micro,transversal_semi_thin_section,Millettia laurentii,Millettia,,Tw7171,micro_congo:Millettia_laurentii/Tw7171_Tv_2_5x_3,,Millettia laurentii,Millettia laurentii,A,exact_species_overlap,"P1,P2,P3",Millettia laurentii,exact_species_match,
data/images/micro/Morus_mesozygia/Morus_mesozygia001.jpg,Morus_mesozygia/Morus_mesozygia001.jpg,micro_congo,micro,transversal_semi_thin_section,Morus mesozygia,Morus,,Morus_mesozygia001,micro_congo:Morus_mesozygia/Morus_mesozygia001,,Morus mesozygia,Morus mesozygia,A,exact_species_overlap,"P1,P2,P3",Morus mesozygia,exact_species_match,
data/images/micro/Morus_mesozygia/Morus_mesozygia002.jpg,Morus_mesozygia/Morus_mesozygia002.jpg,micro_congo,micro,transversal_semi_thin_section,Morus mesozygia,Morus,,Morus_mesozygia002,micro_congo:Morus_mesozygia/Morus_mesozygia002,,Morus mesozygia,Morus mesozygia,A,exact_species_overlap,"P1,P2,P3",Morus mesozygia,exact_species_match,
data/images/micro/Morus_mesozygia/Morus_mesozygia003.jpg,Morus_mesozygia/Morus_mesozygia003.jpg,micro_congo,micro,transversal_semi_thin_section,Morus mesozygia,Morus,,Morus_mesozygia003,micro_congo:Morus_mesozygia/Morus_mesozygia003,,Morus mesozygia,Morus mesozygia,A,exact_species_overlap,"P1,P2,P3",Morus mesozygia,exact_species_match,
data/images/micro/Morus_mesozygia/Morus_mesozygia004.jpg,Morus_mesozygia/Morus_mesozygia004.jpg,micro_congo,micro,transversal_semi_thin_section,Morus mesozygia,Morus,,Morus_mesozygia004,micro_congo:Morus_mesozygia/Morus_mesozygia004,,Morus mesozygia,Morus mesozygia,A,exact_species_overlap,"P1,P2,P3",Morus mesozygia,exact_species_match,
data/images/micro/Morus_mesozygia/Morus_mesozygia005.jpg,Morus_mesozygia/Morus_mesozygia005.jpg,micro_congo,micro,transversal_semi_thin_section,Morus mesozygia,Morus,,Morus_mesozygia005,micro_congo:Morus_mesozygia/Morus_mesozygia005,,Morus mesozygia,Morus mesozygia,A,exact_species_overlap,"P1,P2,P3",Morus mesozygia,exact_species_match,
data/images/micro/Morus_mesozygia/Morus_mesozygia036.jpg,Morus_mesozygia/Morus_mesozygia036.jpg,micro_congo,micro,transversal_semi_thin_section,Morus mesozygia,Morus,,Morus_mesozygia036,micro_congo:Morus_mesozygia/Morus_mesozygia036,,Morus mesozygia,Morus mesozygia,A,exact_species_overlap,"P1,P2,P3",Morus mesozygia,exact_species_match,
data/images/micro/Morus_mesozygia/Morus_mesozygia037.jpg,Morus_mesozygia/Morus_mesozygia037.jpg,micro_congo,micro,transversal_semi_thin_section,Morus mesozygia,Morus,,Morus_mesozygia037,micro_congo:Morus_mesozygia/Morus_mesozygia037,,Morus mesozygia,Morus mesozygia,A,exact_species_overlap,"P1,P2,P3",Morus mesozygia,exact_species_match,
data/images/micro/Morus_mesozygia/Morus_mesozygia06.jpg,Morus_mesozygia/Morus_mesozygia06.jpg,micro_congo,micro,transversal_semi_thin_section,Morus mesozygia,Morus,,Morus_mesozygia06,micro_congo:Morus_mesozygia/Morus_mesozygia06,,Morus mesozygia,Morus mesozygia,A,exact_species_overlap,"P1,P2,P3",Morus mesozygia,exact_species_match,
data/images/micro/Morus_mesozygia/Tw1249_Tv_2_5x_1.jpg,Morus_mesozygia/Tw1249_Tv_2_5x_1.jpg,micro_congo,micro,transversal_semi_thin_section,Morus mesozygia,Morus,,Tw1249,micro_congo:Morus_mesozygia/Tw1249_Tv_2_5x_1,,Morus mesozygia,Morus mesozygia,A,exact_species_overlap,"P1,P2,P3",Morus mesozygia,exact_species_match,
data/images/micro/Morus_mesozygia/Tw1249_Tv_2_5x_2.jpg,Morus_mesozygia/Tw1249_Tv_2_5x_2.jpg,micro_congo,micro,transversal_semi_thin_section,Morus mesozygia,Morus,,Tw1249,micro_congo:Morus_mesozygia/Tw1249_Tv_2_5x_2,,Morus mesozygia,Morus mesozygia,A,exact_species_overlap,"P1,P2,P3",Morus mesozygia,exact_species_match,
data/images/micro/Morus_mesozygia/Tw1249_Tv_2_5x_3.jpg,Morus_mesozygia/Tw1249_Tv_2_5x_3.jpg,micro_congo,micro,transversal_semi_thin_section,Morus mesozygia,Morus,,Tw1249,micro_congo:Morus_mesozygia/Tw1249_Tv_2_5x_3,,Morus mesozygia,Morus mesozygia,A,exact_species_overlap,"P1,P2,P3",Morus mesozygia,exact_species_match,
data/images/micro/Morus_mesozygia/Tw24403_Tv_2_5x_1.jpg,Morus_mesozygia/Tw24403_Tv_2_5x_1.jpg,micro_congo,micro,transversal_semi_thin_section,Morus mesozygia,Morus,,Tw24403,micro_congo:Morus_mesozygia/Tw24403_Tv_2_5x_1,,Morus mesozygia,Morus mesozygia,A,exact_species_overlap,"P1,P2,P3",Morus mesozygia,exact_species_match,
data/images/micro/Morus_mesozygia/Tw24403_Tv_2_5x_2.jpg,Morus_mesozygia/Tw24403_Tv_2_5x_2.jpg,micro_congo,micro,transversal_semi_thin_section,Morus mesozygia,Morus,,Tw24403,micro_congo:Morus_mesozygia/Tw24403_Tv_2_5x_2,,Morus mesozygia,Morus mesozygia,A,exact_species_overlap,"P1,P2,P3",Morus mesozygia,exact_species_match,
data/images/micro/Morus_mesozygia/Tw24403_Tv_2_5x_3.jpg,Morus_mesozygia/Tw24403_Tv_2_5x_3.jpg,micro_congo,micro,transversal_semi_thin_section,Morus mesozygia,Morus,,Tw24403,micro_congo:Morus_mesozygia/Tw24403_Tv_2_5x_3,,Morus mesozygia,Morus mesozygia,A,exact_species_overlap,"P1,P2,P3",Morus mesozygia,exact_species_match,
data/images/micro/Morus_mesozygia/Tw52927_Tv_2_5x_1.jpg,Morus_mesozygia/Tw52927_Tv_2_5x_1.jpg,micro_congo,micro,transversal_semi_thin_section,Morus mesozygia,Morus,,Tw52927,micro_congo:Morus_mesozygia/Tw52927_Tv_2_5x_1,,Morus mesozygia,Morus mesozygia,A,exact_species_overlap,"P1,P2,P3",Morus mesozygia,exact_species_match,
data/images/micro/Morus_mesozygia/Tw52927_Tv_2_5x_2.jpg,Morus_mesozygia/Tw52927_Tv_2_5x_2.jpg,micro_congo,micro,transversal_semi_thin_section,Morus mesozygia,Morus,,Tw52927,micro_congo:Morus_mesozygia/Tw52927_Tv_2_5x_2,,Morus mesozygia,Morus mesozygia,A,exact_species_overlap,"P1,P2,P3",Morus mesozygia,exact_species_match,
data/images/micro/Morus_mesozygia/Tw52927_Tv_2_5x_3.jpg,Morus_mesozygia/Tw52927_Tv_2_5x_3.jpg,micro_congo,micro,transversal_semi_thin_section,Morus mesozygia,Morus,,Tw52927,micro_congo:Morus_mesozygia/Tw52927_Tv_2_5x_3,,Morus mesozygia,Morus mesozygia,A,exact_species_overlap,"P1,P2,P3",Morus mesozygia,exact_species_match,
data/images/micro/Musanga_cecropioides/Tw1180_m_cecropioides_Tr2_2_5x.jpg,Musanga_cecropioides/Tw1180_m_cecropioides_Tr2_2_5x.jpg,micro_congo,micro,transversal_semi_thin_section,Musanga cecropioides,Musanga,,Tw1180,micro_congo:Musanga_cecropioides/Tw1180_m_cecropioides_Tr2_2_5x,,Musanga cecropioides,Musanga cecropioides,A,exact_species_overlap,"P1,P2,P3",Musanga cecropioides,exact_species_match,
data/images/micro/Musanga_cecropioides/Tw1180_m_cecropioides_Tr3_2_5x.jpg,Musanga_cecropioides/Tw1180_m_cecropioides_Tr3_2_5x.jpg,micro_congo,micro,transversal_semi_thin_section,Musanga cecropioides,Musanga,,Tw1180,micro_congo:Musanga_cecropioides/Tw1180_m_cecropioides_Tr3_2_5x,,Musanga cecropioides,Musanga cecropioides,A,exact_species_overlap,"P1,P2,P3",Musanga cecropioides,exact_species_match,
data/images/micro/Musanga_cecropioides/Tw1180_m_cecropioides_Tr4_2_5x.jpg,Musanga_cecropioides/Tw1180_m_cecropioides_Tr4_2_5x.jpg,micro_congo,micro,transversal_semi_thin_section,Musanga cecropioides,Musanga,,Tw1180,micro_congo:Musanga_cecropioides/Tw1180_m_cecropioides_Tr4_2_5x,,Musanga cecropioides,Musanga cecropioides,A,exact_species_overlap,"P1,P2,P3",Musanga cecropioides,exact_species_match,
data/images/micro/Musanga_cecropioides/Tw1180_m_cecropioides_Tr_2_5x.jpg,Musanga_cecropioides/Tw1180_m_cecropioides_Tr_2_5x.jpg,micro_congo,micro,transversal_semi_thin_section,Musanga cecropioides,Musanga,,Tw1180,micro_congo:Musanga_cecropioides/Tw1180_m_cecropioides_Tr_2_5x,,Musanga cecropioides,Musanga cecropioides,A,exact_species_overlap,"P1,P2,P3",Musanga cecropioides,exact_species_match,
data/images/micro/Musanga_cecropioides/Tw1468_m_cecropioides_Tr2_2_5x.jpg,Musanga_cecropioides/Tw1468_m_cecropioides_Tr2_2_5x.jpg,micro_congo,micro,transversal_semi_thin_section,Musanga cecropioides,Musanga,,Tw1468,micro_congo:Musanga_cecropioides/Tw1468_m_cecropioides_Tr2_2_5x,,Musanga cecropioides,Musanga cecropioides,A,exact_species_overlap,"P1,P2,P3",Musanga cecropioides,exact_species_match,
data/images/micro/Musanga_cecropioides/Tw1468_m_cecropioides_Tr3_2_5x.jpg,Musanga_cecropioides/Tw1468_m_cecropioides_Tr3_2_5x.jpg,micro_congo,micro,transversal_semi_thin_section,Musanga cecropioides,Musanga,,Tw1468,micro_congo:Musanga_cecropioides/Tw1468_m_cecropioides_Tr3_2_5x,,Musanga cecropioides,Musanga cecropioides,A,exact_species_overlap,"P1,P2,P3",Musanga cecropioides,exact_species_match,
data/images/micro/Musanga_cecropioides/Tw1468_m_cecropioides_Tr4_2_5x.jpg,Musanga_cecropioides/Tw1468_m_cecropioides_Tr4_2_5x.jpg,micro_congo,micro,transversal_semi_thin_section,Musanga cecropioides,Musanga,,Tw1468,micro_congo:Musanga_cecropioides/Tw1468_m_cecropioides_Tr4_2_5x,,Musanga cecropioides,Musanga cecropioides,A,exact_species_overlap,"P1,P2,P3",Musanga cecropioides,exact_species_match,
data/images/micro/Musanga_cecropioides/Tw1468_m_cecropioides_Tr_2_5x.jpg,Musanga_cecropioides/Tw1468_m_cecropioides_Tr_2_5x.jpg,micro_congo,micro,transversal_semi_thin_section,Musanga cecropioides,Musanga,,Tw1468,micro_congo:Musanga_cecropioides/Tw1468_m_cecropioides_Tr_2_5x,,Musanga cecropioides,Musanga cecropioides,A,exact_species_overlap,"P1,P2,P3",Musanga cecropioides,exact_species_match,
data/images/micro/Musanga_cecropioides/Tw26659_m_cecropioides_Tr2_2_5x.jpg,Musanga_cecropioides/Tw26659_m_cecropioides_Tr2_2_5x.jpg,micro_congo,micro,transversal_semi_thin_section,Musanga cecropioides,Musanga,,Tw26659,micro_congo:Musanga_cecropioides/Tw26659_m_cecropioides_Tr2_2_5x,,Musanga cecropioides,Musanga cecropioides,A,exact_species_overlap,"P1,P2,P3",Musanga cecropioides,exact_species_match,
data/images/micro/Musanga_cecropioides/Tw26659_m_cecropioides_Tr3_2_5x.jpg,Musanga_cecropioides/Tw26659_m_cecropioides_Tr3_2_5x.jpg,micro_congo,micro,transversal_semi_thin_section,Musanga cecropioides,Musanga,,Tw26659,micro_congo:Musanga_cecropioides/Tw26659_m_cecropioides_Tr3_2_5x,,Musanga cecropioides,Musanga cecropioides,A,exact_species_overlap,"P1,P2,P3",Musanga cecropioides,exact_species_match,
data/images/micro/Musanga_cecropioides/Tw26659_m_cecropioides_Tr_2_5x.jpg,Musanga_cecropioides/Tw26659_m_cecropioides_Tr_2_5x.jpg,micro_congo,micro,transversal_semi_thin_section,Musanga cecropioides,Musanga,,Tw26659,micro_congo:Musanga_cecropioides/Tw26659_m_cecropioides_Tr_2_5x,,Musanga cecropioides,Musanga cecropioides,A,exact_species_overlap,"P1,P2,P3",Musanga cecropioides,exact_species_match,
data/images/micro/Musanga_cecropioides/Tw26917_m_cecropioides_Tr2_2_5x.jpg,Musanga_cecropioides/Tw26917_m_cecropioides_Tr2_2_5x.jpg,micro_congo,micro,transversal_semi_thin_section,Musanga cecropioides,Musanga,,Tw26917,micro_congo:Musanga_cecropioides/Tw26917_m_cecropioides_Tr2_2_5x,,Musanga cecropioides,Musanga cecropioides,A,exact_species_overlap,"P1,P2,P3",Musanga cecropioides,exact_species_match,
data/images/micro/Musanga_cecropioides/Tw26917_m_cecropioides_Tr3_2_5x.jpg,Musanga_cecropioides/Tw26917_m_cecropioides_Tr3_2_5x.jpg,micro_congo,micro,transversal_semi_thin_section,Musanga cecropioides,Musanga,,Tw26917,micro_congo:Musanga_cecropioides/Tw26917_m_cecropioides_Tr3_2_5x,,Musanga cecropioides,Musanga cecropioides,A,exact_species_overlap,"P1,P2,P3",Musanga cecropioides,exact_species_match,
data/images/micro/Musanga_cecropioides/Tw26917_m_cecropioides_Tr4_2_5x.jpg,Musanga_cecropioides/Tw26917_m_cecropioides_Tr4_2_5x.jpg,micro_congo,micro,transversal_semi_thin_section,Musanga cecropioides,Musanga,,Tw26917,micro_congo:Musanga_cecropioides/Tw26917_m_cecropioides_Tr4_2_5x,,Musanga cecropioides,Musanga cecropioides,A,exact_species_overlap,"P1,P2,P3",Musanga cecropioides,exact_species_match,
data/images/micro/Musanga_cecropioides/Tw26917_m_cecropioides_Tr_2_5x.jpg,Musanga_cecropioides/Tw26917_m_cecropioides_Tr_2_5x.jpg,micro_congo,micro,transversal_semi_thin_section,Musanga cecropioides,Musanga,,Tw26917,micro_congo:Musanga_cecropioides/Tw26917_m_cecropioides_Tr_2_5x,,Musanga cecropioides,Musanga cecropioides,A,exact_species_overlap,"P1,P2,P3",Musanga cecropioides,exact_species_match,
data/images/micro/Musanga_cecropioides/Tw6977_m_cecropioides_Tr2_2_5x.jpg,Musanga_cecropioides/Tw6977_m_cecropioides_Tr2_2_5x.jpg,micro_congo,micro,transversal_semi_thin_section,Musanga cecropioides,Musanga,,Tw6977,micro_congo:Musanga_cecropioides/Tw6977_m_cecropioides_Tr2_2_5x,,Musanga cecropioides,Musanga cecropioides,A,exact_species_overlap,"P1,P2,P3",Musanga cecropioides,exact_species_match,
data/images/micro/Musanga_cecropioides/Tw6977_m_cecropioides_Tr3_2_5x.jpg,Musanga_cecropioides/Tw6977_m_cecropioides_Tr3_2_5x.jpg,micro_congo,micro,transversal_semi_thin_section,Musanga cecropioides,Musanga,,Tw6977,micro_congo:Musanga_cecropioides/Tw6977_m_cecropioides_Tr3_2_5x,,Musanga cecropioides,Musanga cecropioides,A,exact_species_overlap,"P1,P2,P3",Musanga cecropioides,exact_species_match,
data/images/micro/Musanga_cecropioides/Tw6977_m_cecropioides_Tr_2_5x.jpg,Musanga_cecropioides/Tw6977_m_cecropioides_Tr_2_5x.jpg,micro_congo,micro,transversal_semi_thin_section,Musanga cecropioides,Musanga,,Tw6977,micro_congo:Musanga_cecropioides/Tw6977_m_cecropioides_Tr_2_5x,,Musanga cecropioides,Musanga cecropioides,A,exact_species_overlap,"P1,P2,P3",Musanga cecropioides,exact_species_match,
data/images/micro/Nauclea_diderrichii/Nauclea_diderrichii042.jpg,Nauclea_diderrichii/Nauclea_diderrichii042.jpg,micro_congo,micro,transversal_semi_thin_section,Nauclea diderrichii,Nauclea,,Nauclea_diderrichii042,micro_congo:Nauclea_diderrichii/Nauclea_diderrichii042,,Nauclea diderrichii,Nauclea diderrichii,A,exact_species_overlap,"P1,P2,P3",Nauclea diderrichii,exact_species_match,
data/images/micro/Nauclea_diderrichii/Nauclea_diderrichii043.jpg,Nauclea_diderrichii/Nauclea_diderrichii043.jpg,micro_congo,micro,transversal_semi_thin_section,Nauclea diderrichii,Nauclea,,Nauclea_diderrichii043,micro_congo:Nauclea_diderrichii/Nauclea_diderrichii043,,Nauclea diderrichii,Nauclea diderrichii,A,exact_species_overlap,"P1,P2,P3",Nauclea diderrichii,exact_species_match,
data/images/micro/Nauclea_diderrichii/Tw17_Tv_2_5x_1.jpg,Nauclea_diderrichii/Tw17_Tv_2_5x_1.jpg,micro_congo,micro,transversal_semi_thin_section,Nauclea diderrichii,Nauclea,,Tw17,micro_congo:Nauclea_diderrichii/Tw17_Tv_2_5x_1,,Nauclea diderrichii,Nauclea diderrichii,A,exact_species_overlap,"P1,P2,P3",Nauclea diderrichii,exact_species_match,
data/images/micro/Nauclea_diderrichii/Tw17_Tv_2_5x_2.jpg,Nauclea_diderrichii/Tw17_Tv_2_5x_2.jpg,micro_congo,micro,transversal_semi_thin_section,Nauclea diderrichii,Nauclea,,Tw17,micro_congo:Nauclea_diderrichii/Tw17_Tv_2_5x_2,,Nauclea diderrichii,Nauclea diderrichii,A,exact_species_overlap,"P1,P2,P3",Nauclea diderrichii,exact_species_match,
data/images/micro/Nauclea_diderrichii/Tw17_Tv_2_5x_3.jpg,Nauclea_diderrichii/Tw17_Tv_2_5x_3.jpg,micro_congo,micro,transversal_semi_thin_section,Nauclea diderrichii,Nauclea,,Tw17,micro_congo:Nauclea_diderrichii/Tw17_Tv_2_5x_3,,Nauclea diderrichii,Nauclea diderrichii,A,exact_species_overlap,"P1,P2,P3",Nauclea diderrichii,exact_species_match,
data/images/micro/Nauclea_diderrichii/Tw26665_S_diderichii_Tr_2_5x.jpg,Nauclea_diderrichii/Tw26665_S_diderichii_Tr_2_5x.jpg,micro_congo,micro,transversal_semi_thin_section,Nauclea diderrichii,Nauclea,,Tw26665,micro_congo:Nauclea_diderrichii/Tw26665_S_diderichii_Tr_2_5x,,Nauclea diderrichii,Nauclea diderrichii,A,exact_species_overlap,"P1,P2,P3",Nauclea diderrichii,exact_species_match,
data/images/micro/Nauclea_diderrichii/Tw5209_Tv_2_5x_1.jpg,Nauclea_diderrichii/Tw5209_Tv_2_5x_1.jpg,micro_congo,micro,transversal_semi_thin_section,Nauclea diderrichii,Nauclea,,Tw5209,micro_congo:Nauclea_diderrichii/Tw5209_Tv_2_5x_1,,Nauclea diderrichii,Nauclea diderrichii,A,exact_species_overlap,"P1,P2,P3",Nauclea diderrichii,exact_species_match,
data/images/micro/Nauclea_diderrichii/Tw5209_Tv_2_5x_2.jpg,Nauclea_diderrichii/Tw5209_Tv_2_5x_2.jpg,micro_congo,micro,transversal_semi_thin_section,Nauclea diderrichii,Nauclea,,Tw5209,micro_congo:Nauclea_diderrichii/Tw5209_Tv_2_5x_2,,Nauclea diderrichii,Nauclea diderrichii,A,exact_species_overlap,"P1,P2,P3",Nauclea diderrichii,exact_species_match,
data/images/micro/Nauclea_diderrichii/Tw5209_Tv_2_5x_3.jpg,Nauclea_diderrichii/Tw5209_Tv_2_5x_3.jpg,micro_congo,micro,transversal_semi_thin_section,Nauclea diderrichii,Nauclea,,Tw5209,micro_congo:Nauclea_diderrichii/Tw5209_Tv_2_5x_3,,Nauclea diderrichii,Nauclea diderrichii,A,exact_species_overlap,"P1,P2,P3",Nauclea diderrichii,exact_species_match,
data/images/micro/Nauclea_diderrichii/Tw6951_S_diderichii_Tr_2_5x.jpg,Nauclea_diderrichii/Tw6951_S_diderichii_Tr_2_5x.jpg,micro_congo,micro,transversal_semi_thin_section,Nauclea diderrichii,Nauclea,,Tw6951,micro_congo:Nauclea_diderrichii/Tw6951_S_diderichii_Tr_2_5x,,Nauclea diderrichii,Nauclea diderrichii,A,exact_species_overlap,"P1,P2,P3",Nauclea diderrichii,exact_species_match,
data/images/micro/Nauclea_diderrichii/Tw7463_S_diderichii_Tr_2_5x.jpg,Nauclea_diderrichii/Tw7463_S_diderichii_Tr_2_5x.jpg,micro_congo,micro,transversal_semi_thin_section,Nauclea diderrichii,Nauclea,,Tw7463,micro_congo:Nauclea_diderrichii/Tw7463_S_diderichii_Tr_2_5x,,Nauclea diderrichii,Nauclea diderrichii,A,exact_species_overlap,"P1,P2,P3",Nauclea diderrichii,exact_species_match,
data/images/micro/Nauclea_diderrichii/Tw837_Tv_2_5x_1.jpg,Nauclea_diderrichii/Tw837_Tv_2_5x_1.jpg,micro_congo,micro,transversal_semi_thin_section,Nauclea diderrichii,Nauclea,,Tw837,micro_congo:Nauclea_diderrichii/Tw837_Tv_2_5x_1,,Nauclea diderrichii,Nauclea diderrichii,A,exact_species_overlap,"P1,P2,P3",Nauclea diderrichii,exact_species_match,
data/images/micro/Nauclea_diderrichii/Tw837_Tv_2_5x_2.jpg,Nauclea_diderrichii/Tw837_Tv_2_5x_2.jpg,micro_congo,micro,transversal_semi_thin_section,Nauclea diderrichii,Nauclea,,Tw837,micro_congo:Nauclea_diderrichii/Tw837_Tv_2_5x_2,,Nauclea diderrichii,Nauclea diderrichii,A,exact_species_overlap,"P1,P2,P3",Nauclea diderrichii,exact_species_match,
data/images/micro/Pericopsis_elata/Tw1151_Tv_2_5x_1.jpg,Pericopsis_elata/Tw1151_Tv_2_5x_1.jpg,micro_congo,micro,transversal_semi_thin_section,Pericopsis elata,Pericopsis,,Tw1151,micro_congo:Pericopsis_elata/Tw1151_Tv_2_5x_1,,Pericopsis elata,Pericopsis elata,A,exact_species_overlap,"P1,P2,P3",Pericopsis elata,exact_species_match,
data/images/micro/Pericopsis_elata/Tw1151_Tv_2_5x_2.jpg,Pericopsis_elata/Tw1151_Tv_2_5x_2.jpg,micro_congo,micro,transversal_semi_thin_section,Pericopsis elata,Pericopsis,,Tw1151,micro_congo:Pericopsis_elata/Tw1151_Tv_2_5x_2,,Pericopsis elata,Pericopsis elata,A,exact_species_overlap,"P1,P2,P3",Pericopsis elata,exact_species_match,
data/images/micro/Pericopsis_elata/Tw1151_Tv_2_5x_3.jpg,Pericopsis_elata/Tw1151_Tv_2_5x_3.jpg,micro_congo,micro,transversal_semi_thin_section,Pericopsis elata,Pericopsis,,Tw1151,micro_congo:Pericopsis_elata/Tw1151_Tv_2_5x_3,,Pericopsis elata,Pericopsis elata,A,exact_species_overlap,"P1,P2,P3",Pericopsis elata,exact_species_match,
data/images/micro/Pericopsis_elata/Tw3613_Tv_2_5x_1.jpg,Pericopsis_elata/Tw3613_Tv_2_5x_1.jpg,micro_congo,micro,transversal_semi_thin_section,Pericopsis elata,Pericopsis,,Tw3613,micro_congo:Pericopsis_elata/Tw3613_Tv_2_5x_1,,Pericopsis elata,Pericopsis elata,A,exact_species_overlap,"P1,P2,P3",Pericopsis elata,exact_species_match,
data/images/micro/Pericopsis_elata/Tw3613_Tv_2_5x_2.jpg,Pericopsis_elata/Tw3613_Tv_2_5x_2.jpg,micro_congo,micro,transversal_semi_thin_section,Pericopsis elata,Pericopsis,,Tw3613,micro_congo:Pericopsis_elata/Tw3613_Tv_2_5x_2,,Pericopsis elata,Pericopsis elata,A,exact_species_overlap,"P1,P2,P3",Pericopsis elata,exact_species_match,
data/images/micro/Pericopsis_elata/Tw3613_Tv_2_5x_3.jpg,Pericopsis_elata/Tw3613_Tv_2_5x_3.jpg,micro_congo,micro,transversal_semi_thin_section,Pericopsis elata,Pericopsis,,Tw3613,micro_congo:Pericopsis_elata/Tw3613_Tv_2_5x_3,,Pericopsis elata,Pericopsis elata,A,exact_species_overlap,"P1,P2,P3",Pericopsis elata,exact_species_match,
data/images/micro/Pericopsis_elata/Tw933_Tv_2_5x_1.jpg,Pericopsis_elata/Tw933_Tv_2_5x_1.jpg,micro_congo,micro,transversal_semi_thin_section,Pericopsis elata,Pericopsis,,Tw933,micro_congo:Pericopsis_elata/Tw933_Tv_2_5x_1,,Pericopsis elata,Pericopsis elata,A,exact_species_overlap,"P1,P2,P3",Pericopsis elata,exact_species_match,
data/images/micro/Pericopsis_elata/Tw933_Tv_2_5x_2.jpg,Pericopsis_elata/Tw933_Tv_2_5x_2.jpg,micro_congo,micro,transversal_semi_thin_section,Pericopsis elata,Pericopsis,,Tw933,micro_congo:Pericopsis_elata/Tw933_Tv_2_5x_2,,Pericopsis elata,Pericopsis elata,A,exact_species_overlap,"P1,P2,P3",Pericopsis elata,exact_species_match,
data/images/micro/Pericopsis_elata/Tw933_Tv_2_5x_3.jpg,Pericopsis_elata/Tw933_Tv_2_5x_3.jpg,micro_congo,micro,transversal_semi_thin_section,Pericopsis elata,Pericopsis,,Tw933,micro_congo:Pericopsis_elata/Tw933_Tv_2_5x_3,,Pericopsis elata,Pericopsis elata,A,exact_species_overlap,"P1,P2,P3",Pericopsis elata,exact_species_match,
data/images/micro/Petersianthus_macrocarpus/Tw124_P_macrocarpus_tr2_2_5x.jpg,Petersianthus_macrocarpus/Tw124_P_macrocarpus_tr2_2_5x.jpg,micro_congo,micro,transversal_semi_thin_section,Petersianthus macrocarpus,Petersianthus,,Tw124,micro_congo:Petersianthus_macrocarpus/Tw124_P_macrocarpus_tr2_2_5x,,Petersianthus macrocarpus,Petersianthus macrocarpus,A,exact_species_overlap,"P1,P2,P3",Petersianthus macrocarpus,exact_species_match,
data/images/micro/Petersianthus_macrocarpus/Tw124_P_macrocarpus_tr3_2_5x.jpg,Petersianthus_macrocarpus/Tw124_P_macrocarpus_tr3_2_5x.jpg,micro_congo,micro,transversal_semi_thin_section,Petersianthus macrocarpus,Petersianthus,,Tw124,micro_congo:Petersianthus_macrocarpus/Tw124_P_macrocarpus_tr3_2_5x,,Petersianthus macrocarpus,Petersianthus macrocarpus,A,exact_species_overlap,"P1,P2,P3",Petersianthus macrocarpus,exact_species_match,
data/images/micro/Petersianthus_macrocarpus/Tw124_P_macrocarpus_tr_2_5x.jpg,Petersianthus_macrocarpus/Tw124_P_macrocarpus_tr_2_5x.jpg,micro_congo,micro,transversal_semi_thin_section,Petersianthus macrocarpus,Petersianthus,,Tw124,micro_congo:Petersianthus_macrocarpus/Tw124_P_macrocarpus_tr_2_5x,,Petersianthus macrocarpus,Petersianthus macrocarpus,A,exact_species_overlap,"P1,P2,P3",Petersianthus macrocarpus,exact_species_match,
data/images/micro/Petersianthus_macrocarpus/Tw282_P_macrocarpus_tr2_2_5x.jpg,Petersianthus_macrocarpus/Tw282_P_macrocarpus_tr2_2_5x.jpg,micro_congo,micro,transversal_semi_thin_section,Petersianthus macrocarpus,Petersianthus,,Tw282,micro_congo:Petersianthus_macrocarpus/Tw282_P_macrocarpus_tr2_2_5x,,Petersianthus macrocarpus,Petersianthus macrocarpus,A,exact_species_overlap,"P1,P2,P3",Petersianthus macrocarpus,exact_species_match,
data/images/micro/Petersianthus_macrocarpus/Tw282_P_macrocarpus_tr3_2_5x.jpg,Petersianthus_macrocarpus/Tw282_P_macrocarpus_tr3_2_5x.jpg,micro_congo,micro,transversal_semi_thin_section,Petersianthus macrocarpus,Petersianthus,,Tw282,micro_congo:Petersianthus_macrocarpus/Tw282_P_macrocarpus_tr3_2_5x,,Petersianthus macrocarpus,Petersianthus macrocarpus,A,exact_species_overlap,"P1,P2,P3",Petersianthus macrocarpus,exact_species_match,
data/images/micro/Petersianthus_macrocarpus/Tw282_P_macrocarpus_tr_2_5x.jpg,Petersianthus_macrocarpus/Tw282_P_macrocarpus_tr_2_5x.jpg,micro_congo,micro,transversal_semi_thin_section,Petersianthus macrocarpus,Petersianthus,,Tw282,micro_congo:Petersianthus_macrocarpus/Tw282_P_macrocarpus_tr_2_5x,,Petersianthus macrocarpus,Petersianthus macrocarpus,A,exact_species_overlap,"P1,P2,P3",Petersianthus macrocarpus,exact_species_match,
data/images/micro/Petersianthus_macrocarpus/Tw693_P_macrocarpus_tr2_2_5x.jpg,Petersianthus_macrocarpus/Tw693_P_macrocarpus_tr2_2_5x.jpg,micro_congo,micro,transversal_semi_thin_section,Petersianthus macrocarpus,Petersianthus,,Tw693,micro_congo:Petersianthus_macrocarpus/Tw693_P_macrocarpus_tr2_2_5x,,Petersianthus macrocarpus,Petersianthus macrocarpus,A,exact_species_overlap,"P1,P2,P3",Petersianthus macrocarpus,exact_species_match,
data/images/micro/Petersianthus_macrocarpus/Tw693_P_macrocarpus_tr3_2_5x.jpg,Petersianthus_macrocarpus/Tw693_P_macrocarpus_tr3_2_5x.jpg,micro_congo,micro,transversal_semi_thin_section,Petersianthus macrocarpus,Petersianthus,,Tw693,micro_congo:Petersianthus_macrocarpus/Tw693_P_macrocarpus_tr3_2_5x,,Petersianthus macrocarpus,Petersianthus macrocarpus,A,exact_species_overlap,"P1,P2,P3",Petersianthus macrocarpus,exact_species_match,
data/images/micro/Petersianthus_macrocarpus/Tw693_P_macrocarpus_tr4_2_5x.jpg,Petersianthus_macrocarpus/Tw693_P_macrocarpus_tr4_2_5x.jpg,micro_congo,micro,transversal_semi_thin_section,Petersianthus macrocarpus,Petersianthus,,Tw693,micro_congo:Petersianthus_macrocarpus/Tw693_P_macrocarpus_tr4_2_5x,,Petersianthus macrocarpus,Petersianthus macrocarpus,A,exact_species_overlap,"P1,P2,P3",Petersianthus macrocarpus,exact_species_match,
data/images/micro/Petersianthus_macrocarpus/Tw693_P_macrocarpus_tr_2_5x.jpg,Petersianthus_macrocarpus/Tw693_P_macrocarpus_tr_2_5x.jpg,micro_congo,micro,transversal_semi_thin_section,Petersianthus macrocarpus,Petersianthus,,Tw693,micro_congo:Petersianthus_macrocarpus/Tw693_P_macrocarpus_tr_2_5x,,Petersianthus macrocarpus,Petersianthus macrocarpus,A,exact_species_overlap,"P1,P2,P3",Petersianthus macrocarpus,exact_species_match,
data/images/micro/Petersianthus_macrocarpus/Tw6976_P_macrocarpus_tr2_2_5x.jpg,Petersianthus_macrocarpus/Tw6976_P_macrocarpus_tr2_2_5x.jpg,micro_congo,micro,transversal_semi_thin_section,Petersianthus macrocarpus,Petersianthus,,Tw6976,micro_congo:Petersianthus_macrocarpus/Tw6976_P_macrocarpus_tr2_2_5x,,Petersianthus macrocarpus,Petersianthus macrocarpus,A,exact_species_overlap,"P1,P2,P3",Petersianthus macrocarpus,exact_species_match,
data/images/micro/Petersianthus_macrocarpus/Tw6976_P_macrocarpus_tr_2_5x.jpg,Petersianthus_macrocarpus/Tw6976_P_macrocarpus_tr_2_5x.jpg,micro_congo,micro,transversal_semi_thin_section,Petersianthus macrocarpus,Petersianthus,,Tw6976,micro_congo:Petersianthus_macrocarpus/Tw6976_P_macrocarpus_tr_2_5x,,Petersianthus macrocarpus,Petersianthus macrocarpus,A,exact_species_overlap,"P1,P2,P3",Petersianthus macrocarpus,exact_species_match,
data/images/micro/Petersianthus_macrocarpus/Tw989_P_macrocarpus_tr2_2_5x.jpg,Petersianthus_macrocarpus/Tw989_P_macrocarpus_tr2_2_5x.jpg,micro_congo,micro,transversal_semi_thin_section,Petersianthus macrocarpus,Petersianthus,,Tw989,micro_congo:Petersianthus_macrocarpus/Tw989_P_macrocarpus_tr2_2_5x,,Petersianthus macrocarpus,Petersianthus macrocarpus,A,exact_species_overlap,"P1,P2,P3",Petersianthus macrocarpus,exact_species_match,
data/images/micro/Petersianthus_macrocarpus/Tw989_P_macrocarpus_tr3_2_5x.jpg,Petersianthus_macrocarpus/Tw989_P_macrocarpus_tr3_2_5x.jpg,micro_congo,micro,transversal_semi_thin_section,Petersianthus macrocarpus,Petersianthus,,Tw989,micro_congo:Petersianthus_macrocarpus/Tw989_P_macrocarpus_tr3_2_5x,,Petersianthus macrocarpus,Petersianthus macrocarpus,A,exact_species_overlap,"P1,P2,P3",Petersianthus macrocarpus,exact_species_match,
data/images/micro/Petersianthus_macrocarpus/Tw989_P_macrocarpus_tr_2_5x.jpg,Petersianthus_macrocarpus/Tw989_P_macrocarpus_tr_2_5x.jpg,micro_congo,micro,transversal_semi_thin_section,Petersianthus macrocarpus,Petersianthus,,Tw989,micro_congo:Petersianthus_macrocarpus/Tw989_P_macrocarpus_tr_2_5x,,Petersianthus macrocarpus,Petersianthus macrocarpus,A,exact_species_overlap,"P1,P2,P3",Petersianthus macrocarpus,exact_species_match,
data/images/micro/Piptadeniastrum_africanum/Piptadeniastrum_africanum060.jpg,Piptadeniastrum_africanum/Piptadeniastrum_africanum060.jpg,micro_congo,micro,transversal_semi_thin_section,Piptadeniastrum africanum,Piptadeniastrum,,Piptadeniastrum_africanum060,micro_congo:Piptadeniastrum_africanum/Piptadeniastrum_africanum060,,Piptadeniastrum africanum,Piptadeniastrum africanum,A,exact_species_overlap,"P1,P2,P3",Piptadeniastrum africanum,exact_species_match,
data/images/micro/Piptadeniastrum_africanum/Piptadeniastrum_africanum061.jpg,Piptadeniastrum_africanum/Piptadeniastrum_africanum061.jpg,micro_congo,micro,transversal_semi_thin_section,Piptadeniastrum africanum,Piptadeniastrum,,Piptadeniastrum_africanum061,micro_congo:Piptadeniastrum_africanum/Piptadeniastrum_africanum061,,Piptadeniastrum africanum,Piptadeniastrum africanum,A,exact_species_overlap,"P1,P2,P3",Piptadeniastrum africanum,exact_species_match,
data/images/micro/Piptadeniastrum_africanum/Piptadeniastrum_africanum062.jpg,Piptadeniastrum_africanum/Piptadeniastrum_africanum062.jpg,micro_congo,micro,transversal_semi_thin_section,Piptadeniastrum africanum,Piptadeniastrum,,Piptadeniastrum_africanum062,micro_congo:Piptadeniastrum_africanum/Piptadeniastrum_africanum062,,Piptadeniastrum africanum,Piptadeniastrum africanum,A,exact_species_overlap,"P1,P2,P3",Piptadeniastrum africanum,exact_species_match,
data/images/micro/Piptadeniastrum_africanum/Piptadeniastrum_africanum073.jpg,Piptadeniastrum_africanum/Piptadeniastrum_africanum073.jpg,micro_congo,micro,transversal_semi_thin_section,Piptadeniastrum africanum,Piptadeniastrum,,Piptadeniastrum_africanum073,micro_congo:Piptadeniastrum_africanum/Piptadeniastrum_africanum073,,Piptadeniastrum africanum,Piptadeniastrum africanum,A,exact_species_overlap,"P1,P2,P3",Piptadeniastrum africanum,exact_species_match,
data/images/micro/Piptadeniastrum_africanum/Piptadeniastrum_africanum074.jpg,Piptadeniastrum_africanum/Piptadeniastrum_africanum074.jpg,micro_congo,micro,transversal_semi_thin_section,Piptadeniastrum africanum,Piptadeniastrum,,Piptadeniastrum_africanum074,micro_congo:Piptadeniastrum_africanum/Piptadeniastrum_africanum074,,Piptadeniastrum africanum,Piptadeniastrum africanum,A,exact_species_overlap,"P1,P2,P3",Piptadeniastrum africanum,exact_species_match,
data/images/micro/Piptadeniastrum_africanum/Piptadeniastrum_africanum72.jpg,Piptadeniastrum_africanum/Piptadeniastrum_africanum72.jpg,micro_congo,micro,transversal_semi_thin_section,Piptadeniastrum africanum,Piptadeniastrum,,Piptadeniastrum_africanum72,micro_congo:Piptadeniastrum_africanum/Piptadeniastrum_africanum72,,Piptadeniastrum africanum,Piptadeniastrum africanum,A,exact_species_overlap,"P1,P2,P3",Piptadeniastrum africanum,exact_species_match,
data/images/micro/Piptadeniastrum_africanum/Piptadeniastrum_africanum73.jpg,Piptadeniastrum_africanum/Piptadeniastrum_africanum73.jpg,micro_congo,micro,transversal_semi_thin_section,Piptadeniastrum africanum,Piptadeniastrum,,Piptadeniastrum_africanum73,micro_congo:Piptadeniastrum_africanum/Piptadeniastrum_africanum73,,Piptadeniastrum africanum,Piptadeniastrum africanum,A,exact_species_overlap,"P1,P2,P3",Piptadeniastrum africanum,exact_species_match,
data/images/micro/Piptadeniastrum_africanum/Piptadeniastrum_africanum74.jpg,Piptadeniastrum_africanum/Piptadeniastrum_africanum74.jpg,micro_congo,micro,transversal_semi_thin_section,Piptadeniastrum africanum,Piptadeniastrum,,Piptadeniastrum_africanum74,micro_congo:Piptadeniastrum_africanum/Piptadeniastrum_africanum74,,Piptadeniastrum africanum,Piptadeniastrum africanum,A,exact_species_overlap,"P1,P2,P3",Piptadeniastrum africanum,exact_species_match,
data/images/micro/Piptadeniastrum_africanum/Tw2425_Tv_2_5x_1.jpg,Piptadeniastrum_africanum/Tw2425_Tv_2_5x_1.jpg,micro_congo,micro,transversal_semi_thin_section,Piptadeniastrum africanum,Piptadeniastrum,,Tw2425,micro_congo:Piptadeniastrum_africanum/Tw2425_Tv_2_5x_1,,Piptadeniastrum africanum,Piptadeniastrum africanum,A,exact_species_overlap,"P1,P2,P3",Piptadeniastrum africanum,exact_species_match,
data/images/micro/Piptadeniastrum_africanum/Tw2425_Tv_2_5x_2.jpg,Piptadeniastrum_africanum/Tw2425_Tv_2_5x_2.jpg,micro_congo,micro,transversal_semi_thin_section,Piptadeniastrum africanum,Piptadeniastrum,,Tw2425,micro_congo:Piptadeniastrum_africanum/Tw2425_Tv_2_5x_2,,Piptadeniastrum africanum,Piptadeniastrum africanum,A,exact_species_overlap,"P1,P2,P3",Piptadeniastrum africanum,exact_species_match,
data/images/micro/Piptadeniastrum_africanum/Tw26636_Tv_2_5x_1.jpg,Piptadeniastrum_africanum/Tw26636_Tv_2_5x_1.jpg,micro_congo,micro,transversal_semi_thin_section,Piptadeniastrum africanum,Piptadeniastrum,,Tw26636,micro_congo:Piptadeniastrum_africanum/Tw26636_Tv_2_5x_1,,Piptadeniastrum africanum,Piptadeniastrum africanum,A,exact_species_overlap,"P1,P2,P3",Piptadeniastrum africanum,exact_species_match,
data/images/micro/Piptadeniastrum_africanum/Tw26636_Tv_2_5x_2.jpg,Piptadeniastrum_africanum/Tw26636_Tv_2_5x_2.jpg,micro_congo,micro,transversal_semi_thin_section,Piptadeniastrum africanum,Piptadeniastrum,,Tw26636,micro_congo:Piptadeniastrum_africanum/Tw26636_Tv_2_5x_2,,Piptadeniastrum africanum,Piptadeniastrum africanum,A,exact_species_overlap,"P1,P2,P3",Piptadeniastrum africanum,exact_species_match,
data/images/micro/Piptadeniastrum_africanum/Tw26636_Tv_2_5x_3.jpg,Piptadeniastrum_africanum/Tw26636_Tv_2_5x_3.jpg,micro_congo,micro,transversal_semi_thin_section,Piptadeniastrum africanum,Piptadeniastrum,,Tw26636,micro_congo:Piptadeniastrum_africanum/Tw26636_Tv_2_5x_3,,Piptadeniastrum africanum,Piptadeniastrum africanum,A,exact_species_overlap,"P1,P2,P3",Piptadeniastrum africanum,exact_species_match,
data/images/micro/Piptadeniastrum_africanum/Tw3618_Tv_2_5x_1.jpg,Piptadeniastrum_africanum/Tw3618_Tv_2_5x_1.jpg,micro_congo,micro,transversal_semi_thin_section,Piptadeniastrum africanum,Piptadeniastrum,,Tw3618,micro_congo:Piptadeniastrum_africanum/Tw3618_Tv_2_5x_1,,Piptadeniastrum africanum,Piptadeniastrum africanum,A,exact_species_overlap,"P1,P2,P3",Piptadeniastrum africanum,exact_species_match,
data/images/micro/Piptadeniastrum_africanum/Tw3618_Tv_2_5x_2.jpg,Piptadeniastrum_africanum/Tw3618_Tv_2_5x_2.jpg,micro_congo,micro,transversal_semi_thin_section,Piptadeniastrum africanum,Piptadeniastrum,,Tw3618,micro_congo:Piptadeniastrum_africanum/Tw3618_Tv_2_5x_2,,Piptadeniastrum africanum,Piptadeniastrum africanum,A,exact_species_overlap,"P1,P2,P3",Piptadeniastrum africanum,exact_species_match,
data/images/micro/Piptadeniastrum_africanum/Tw5225_Tv_2_5x_1.jpg,Piptadeniastrum_africanum/Tw5225_Tv_2_5x_1.jpg,micro_congo,micro,transversal_semi_thin_section,Piptadeniastrum africanum,Piptadeniastrum,,Tw5225,micro_congo:Piptadeniastrum_africanum/Tw5225_Tv_2_5x_1,,Piptadeniastrum africanum,Piptadeniastrum africanum,A,exact_species_overlap,"P1,P2,P3",Piptadeniastrum africanum,exact_species_match,
data/images/micro/Piptadeniastrum_africanum/Tw5225_Tv_2_5x_2.jpg,Piptadeniastrum_africanum/Tw5225_Tv_2_5x_2.jpg,micro_congo,micro,transversal_semi_thin_section,Piptadeniastrum africanum,Piptadeniastrum,,Tw5225,micro_congo:Piptadeniastrum_africanum/Tw5225_Tv_2_5x_2,,Piptadeniastrum africanum,Piptadeniastrum africanum,A,exact_species_overlap,"P1,P2,P3",Piptadeniastrum africanum,exact_species_match,
data/images/micro/Piptadeniastrum_africanum/Tw5225_Tv_2_5x_3.jpg,Piptadeniastrum_africanum/Tw5225_Tv_2_5x_3.jpg,micro_congo,micro,transversal_semi_thin_section,Piptadeniastrum africanum,Piptadeniastrum,,Tw5225,micro_congo:Piptadeniastrum_africanum/Tw5225_Tv_2_5x_3,,Piptadeniastrum africanum,Piptadeniastrum africanum,A,exact_species_overlap,"P1,P2,P3",Piptadeniastrum africanum,exact_species_match,
data/images/micro/Piptadeniastrum_africanum/Tw6987_Tv_2_5x_1.jpg,Piptadeniastrum_africanum/Tw6987_Tv_2_5x_1.jpg,micro_congo,micro,transversal_semi_thin_section,Piptadeniastrum africanum,Piptadeniastrum,,Tw6987,micro_congo:Piptadeniastrum_africanum/Tw6987_Tv_2_5x_1,,Piptadeniastrum africanum,Piptadeniastrum africanum,A,exact_species_overlap,"P1,P2,P3",Piptadeniastrum africanum,exact_species_match,
data/images/micro/Piptadeniastrum_africanum/Tw6987_Tv_2_5x_2.jpg,Piptadeniastrum_africanum/Tw6987_Tv_2_5x_2.jpg,micro_congo,micro,transversal_semi_thin_section,Piptadeniastrum africanum,Piptadeniastrum,,Tw6987,micro_congo:Piptadeniastrum_africanum/Tw6987_Tv_2_5x_2,,Piptadeniastrum africanum,Piptadeniastrum africanum,A,exact_species_overlap,"P1,P2,P3",Piptadeniastrum africanum,exact_species_match,
data/images/micro/Piptadeniastrum_africanum/Tw6987_Tv_2_5x_3.jpg,Piptadeniastrum_africanum/Tw6987_Tv_2_5x_3.jpg,micro_congo,micro,transversal_semi_thin_section,Piptadeniastrum africanum,Piptadeniastrum,,Tw6987,micro_congo:Piptadeniastrum_africanum/Tw6987_Tv_2_5x_3,,Piptadeniastrum africanum,Piptadeniastrum africanum,A,exact_species_overlap,"P1,P2,P3",Piptadeniastrum africanum,exact_species_match,
data/images/micro/Piptadeniastrum_africanum/Tw7093_Tv_2_5x_1.jpg,Piptadeniastrum_africanum/Tw7093_Tv_2_5x_1.jpg,micro_congo,micro,transversal_semi_thin_section,Piptadeniastrum africanum,Piptadeniastrum,,Tw7093,micro_congo:Piptadeniastrum_africanum/Tw7093_Tv_2_5x_1,,Piptadeniastrum africanum,Piptadeniastrum africanum,A,exact_species_overlap,"P1,P2,P3",Piptadeniastrum africanum,exact_species_match,
data/images/micro/Piptadeniastrum_africanum/Tw7093_Tv_2_5x_2.jpg,Piptadeniastrum_africanum/Tw7093_Tv_2_5x_2.jpg,micro_congo,micro,transversal_semi_thin_section,Piptadeniastrum africanum,Piptadeniastrum,,Tw7093,micro_congo:Piptadeniastrum_africanum/Tw7093_Tv_2_5x_2,,Piptadeniastrum africanum,Piptadeniastrum africanum,A,exact_species_overlap,"P1,P2,P3",Piptadeniastrum africanum,exact_species_match,
data/images/micro/Pterocarpus_soyauxii/Pterocarpus_soyauxii061.jpg,Pterocarpus_soyauxii/Pterocarpus_soyauxii061.jpg,micro_congo,micro,transversal_semi_thin_section,Pterocarpus soyauxii,Pterocarpus,,Pterocarpus_soyauxii061,micro_congo:Pterocarpus_soyauxii/Pterocarpus_soyauxii061,,Pterocarpus soyauxii,Pterocarpus soyauxii,A,exact_species_overlap,"P1,P2,P3",Pterocarpus soyauxii,exact_species_match,
data/images/micro/Pterocarpus_soyauxii/Pterocarpus_soyauxii062.jpg,Pterocarpus_soyauxii/Pterocarpus_soyauxii062.jpg,micro_congo,micro,transversal_semi_thin_section,Pterocarpus soyauxii,Pterocarpus,,Pterocarpus_soyauxii062,micro_congo:Pterocarpus_soyauxii/Pterocarpus_soyauxii062,,Pterocarpus soyauxii,Pterocarpus soyauxii,A,exact_species_overlap,"P1,P2,P3",Pterocarpus soyauxii,exact_species_match,
data/images/micro/Pterocarpus_soyauxii/Pterocarpus_soyauxii068.jpg,Pterocarpus_soyauxii/Pterocarpus_soyauxii068.jpg,micro_congo,micro,transversal_semi_thin_section,Pterocarpus soyauxii,Pterocarpus,,Pterocarpus_soyauxii068,micro_congo:Pterocarpus_soyauxii/Pterocarpus_soyauxii068,,Pterocarpus soyauxii,Pterocarpus soyauxii,A,exact_species_overlap,"P1,P2,P3",Pterocarpus soyauxii,exact_species_match,
data/images/micro/Pterocarpus_soyauxii/Pterocarpus_soyauxii069.jpg,Pterocarpus_soyauxii/Pterocarpus_soyauxii069.jpg,micro_congo,micro,transversal_semi_thin_section,Pterocarpus soyauxii,Pterocarpus,,Pterocarpus_soyauxii069,micro_congo:Pterocarpus_soyauxii/Pterocarpus_soyauxii069,,Pterocarpus soyauxii,Pterocarpus soyauxii,A,exact_species_overlap,"P1,P2,P3",Pterocarpus soyauxii,exact_species_match,
data/images/micro/Pterocarpus_soyauxii/Pterocarpus_soyauxii070.jpg,Pterocarpus_soyauxii/Pterocarpus_soyauxii070.jpg,micro_congo,micro,transversal_semi_thin_section,Pterocarpus soyauxii,Pterocarpus,,Pterocarpus_soyauxii070,micro_congo:Pterocarpus_soyauxii/Pterocarpus_soyauxii070,,Pterocarpus soyauxii,Pterocarpus soyauxii,A,exact_species_overlap,"P1,P2,P3",Pterocarpus soyauxii,exact_species_match,
data/images/micro/Pterocarpus_soyauxii/Pterocarpus_soyauxii071.jpg,Pterocarpus_soyauxii/Pterocarpus_soyauxii071.jpg,micro_congo,micro,transversal_semi_thin_section,Pterocarpus soyauxii,Pterocarpus,,Pterocarpus_soyauxii071,micro_congo:Pterocarpus_soyauxii/Pterocarpus_soyauxii071,,Pterocarpus soyauxii,Pterocarpus soyauxii,A,exact_species_overlap,"P1,P2,P3",Pterocarpus soyauxii,exact_species_match,
data/images/micro/Pterocarpus_soyauxii/Pterocarpus_soyauxii081.jpg,Pterocarpus_soyauxii/Pterocarpus_soyauxii081.jpg,micro_congo,micro,transversal_semi_thin_section,Pterocarpus soyauxii,Pterocarpus,,Pterocarpus_soyauxii081,micro_congo:Pterocarpus_soyauxii/Pterocarpus_soyauxii081,,Pterocarpus soyauxii,Pterocarpus soyauxii,A,exact_species_overlap,"P1,P2,P3",Pterocarpus soyauxii,exact_species_match,
data/images/micro/Pterocarpus_soyauxii/Pterocarpus_soyauxii082.jpg,Pterocarpus_soyauxii/Pterocarpus_soyauxii082.jpg,micro_congo,micro,transversal_semi_thin_section,Pterocarpus soyauxii,Pterocarpus,,Pterocarpus_soyauxii082,micro_congo:Pterocarpus_soyauxii/Pterocarpus_soyauxii082,,Pterocarpus soyauxii,Pterocarpus soyauxii,A,exact_species_overlap,"P1,P2,P3",Pterocarpus soyauxii,exact_species_match,
data/images/micro/Pterocarpus_soyauxii/Pterocarpus_soyauxii083.jpg,Pterocarpus_soyauxii/Pterocarpus_soyauxii083.jpg,micro_congo,micro,transversal_semi_thin_section,Pterocarpus soyauxii,Pterocarpus,,Pterocarpus_soyauxii083,micro_congo:Pterocarpus_soyauxii/Pterocarpus_soyauxii083,,Pterocarpus soyauxii,Pterocarpus soyauxii,A,exact_species_overlap,"P1,P2,P3",Pterocarpus soyauxii,exact_species_match,
data/images/micro/Pterocarpus_soyauxii/Pterocarpus_soyauxii084.jpg,Pterocarpus_soyauxii/Pterocarpus_soyauxii084.jpg,micro_congo,micro,transversal_semi_thin_section,Pterocarpus soyauxii,Pterocarpus,,Pterocarpus_soyauxii084,micro_congo:Pterocarpus_soyauxii/Pterocarpus_soyauxii084,,Pterocarpus soyauxii,Pterocarpus soyauxii,A,exact_species_overlap,"P1,P2,P3",Pterocarpus soyauxii,exact_species_match,
data/images/micro/Pterocarpus_soyauxii/Pterocarpus_soyauxii085.jpg,Pterocarpus_soyauxii/Pterocarpus_soyauxii085.jpg,micro_congo,micro,transversal_semi_thin_section,Pterocarpus soyauxii,Pterocarpus,,Pterocarpus_soyauxii085,micro_congo:Pterocarpus_soyauxii/Pterocarpus_soyauxii085,,Pterocarpus soyauxii,Pterocarpus soyauxii,A,exact_species_overlap,"P1,P2,P3",Pterocarpus soyauxii,exact_species_match,
data/images/micro/Pterocarpus_soyauxii/Pterocarpus_soyauxii094.jpg,Pterocarpus_soyauxii/Pterocarpus_soyauxii094.jpg,micro_congo,micro,transversal_semi_thin_section,Pterocarpus soyauxii,Pterocarpus,,Pterocarpus_soyauxii094,micro_congo:Pterocarpus_soyauxii/Pterocarpus_soyauxii094,,Pterocarpus soyauxii,Pterocarpus soyauxii,A,exact_species_overlap,"P1,P2,P3",Pterocarpus soyauxii,exact_species_match,
data/images/micro/Pterocarpus_soyauxii/Pterocarpus_soyauxii095.jpg,Pterocarpus_soyauxii/Pterocarpus_soyauxii095.jpg,micro_congo,micro,transversal_semi_thin_section,Pterocarpus soyauxii,Pterocarpus,,Pterocarpus_soyauxii095,micro_congo:Pterocarpus_soyauxii/Pterocarpus_soyauxii095,,Pterocarpus soyauxii,Pterocarpus soyauxii,A,exact_species_overlap,"P1,P2,P3",Pterocarpus soyauxii,exact_species_match,
data/images/micro/Pterocarpus_soyauxii/Pterocarpus_soyauxii096.jpg,Pterocarpus_soyauxii/Pterocarpus_soyauxii096.jpg,micro_congo,micro,transversal_semi_thin_section,Pterocarpus soyauxii,Pterocarpus,,Pterocarpus_soyauxii096,micro_congo:Pterocarpus_soyauxii/Pterocarpus_soyauxii096,,Pterocarpus soyauxii,Pterocarpus soyauxii,A,exact_species_overlap,"P1,P2,P3",Pterocarpus soyauxii,exact_species_match,
data/images/micro/Pterocarpus_soyauxii/Pterocarpus_soyauxii67.jpg,Pterocarpus_soyauxii/Pterocarpus_soyauxii67.jpg,micro_congo,micro,transversal_semi_thin_section,Pterocarpus soyauxii,Pterocarpus,,Pterocarpus_soyauxii67,micro_congo:Pterocarpus_soyauxii/Pterocarpus_soyauxii67,,Pterocarpus soyauxii,Pterocarpus soyauxii,A,exact_species_overlap,"P1,P2,P3",Pterocarpus soyauxii,exact_species_match,
data/images/micro/Pterocarpus_soyauxii/Tw1826_Tv_2_5x_1.jpg,Pterocarpus_soyauxii/Tw1826_Tv_2_5x_1.jpg,micro_congo,micro,transversal_semi_thin_section,Pterocarpus soyauxii,Pterocarpus,,Tw1826,micro_congo:Pterocarpus_soyauxii/Tw1826_Tv_2_5x_1,,Pterocarpus soyauxii,Pterocarpus soyauxii,A,exact_species_overlap,"P1,P2,P3",Pterocarpus soyauxii,exact_species_match,
data/images/micro/Pterocarpus_soyauxii/Tw1826_Tv_2_5x_2.jpg,Pterocarpus_soyauxii/Tw1826_Tv_2_5x_2.jpg,micro_congo,micro,transversal_semi_thin_section,Pterocarpus soyauxii,Pterocarpus,,Tw1826,micro_congo:Pterocarpus_soyauxii/Tw1826_Tv_2_5x_2,,Pterocarpus soyauxii,Pterocarpus soyauxii,A,exact_species_overlap,"P1,P2,P3",Pterocarpus soyauxii,exact_species_match,
data/images/micro/Pterocarpus_soyauxii/Tw369_Tv_2_5x_1.jpg,Pterocarpus_soyauxii/Tw369_Tv_2_5x_1.jpg,micro_congo,micro,transversal_semi_thin_section,Pterocarpus soyauxii,Pterocarpus,,Tw369,micro_congo:Pterocarpus_soyauxii/Tw369_Tv_2_5x_1,,Pterocarpus soyauxii,Pterocarpus soyauxii,A,exact_species_overlap,"P1,P2,P3",Pterocarpus soyauxii,exact_species_match,
data/images/micro/Pterocarpus_soyauxii/Tw369_Tv_2_5x_2.jpg,Pterocarpus_soyauxii/Tw369_Tv_2_5x_2.jpg,micro_congo,micro,transversal_semi_thin_section,Pterocarpus soyauxii,Pterocarpus,,Tw369,micro_congo:Pterocarpus_soyauxii/Tw369_Tv_2_5x_2,,Pterocarpus soyauxii,Pterocarpus soyauxii,A,exact_species_overlap,"P1,P2,P3",Pterocarpus soyauxii,exact_species_match,
data/images/micro/Pterocarpus_soyauxii/Tw369_Tv_2_5x_3.jpg,Pterocarpus_soyauxii/Tw369_Tv_2_5x_3.jpg,micro_congo,micro,transversal_semi_thin_section,Pterocarpus soyauxii,Pterocarpus,,Tw369,micro_congo:Pterocarpus_soyauxii/Tw369_Tv_2_5x_3,,Pterocarpus soyauxii,Pterocarpus soyauxii,A,exact_species_overlap,"P1,P2,P3",Pterocarpus soyauxii,exact_species_match,
data/images/micro/Pterocarpus_soyauxii/Tw39916_P_castelsii_Tr_general2_2_5x.jpg,Pterocarpus_soyauxii/Tw39916_P_castelsii_Tr_general2_2_5x.jpg,micro_congo,micro,transversal_semi_thin_section,Pterocarpus soyauxii,Pterocarpus,,Tw39916,micro_congo:Pterocarpus_soyauxii/Tw39916_P_castelsii_Tr_general2_2_5x,,Pterocarpus soyauxii,Pterocarpus soyauxii,A,exact_species_overlap,"P1,P2,P3",Pterocarpus soyauxii,exact_species_match,
data/images/micro/Pterocarpus_soyauxii/Tw39916_P_castelsii_Tr_general3_2_5x.jpg,Pterocarpus_soyauxii/Tw39916_P_castelsii_Tr_general3_2_5x.jpg,micro_congo,micro,transversal_semi_thin_section,Pterocarpus soyauxii,Pterocarpus,,Tw39916,micro_congo:Pterocarpus_soyauxii/Tw39916_P_castelsii_Tr_general3_2_5x,,Pterocarpus soyauxii,Pterocarpus soyauxii,A,exact_species_overlap,"P1,P2,P3",Pterocarpus soyauxii,exact_species_match,
data/images/micro/Pterocarpus_soyauxii/Tw39916_P_castelsii_Tr_general4_2_5x.jpg,Pterocarpus_soyauxii/Tw39916_P_castelsii_Tr_general4_2_5x.jpg,micro_congo,micro,transversal_semi_thin_section,Pterocarpus soyauxii,Pterocarpus,,Tw39916,micro_congo:Pterocarpus_soyauxii/Tw39916_P_castelsii_Tr_general4_2_5x,,Pterocarpus soyauxii,Pterocarpus soyauxii,A,exact_species_overlap,"P1,P2,P3",Pterocarpus soyauxii,exact_species_match,
data/images/micro/Pterocarpus_soyauxii/Tw39916_P_castelsii_Tr_general_2_5x.jpg,Pterocarpus_soyauxii/Tw39916_P_castelsii_Tr_general_2_5x.jpg,micro_congo,micro,transversal_semi_thin_section,Pterocarpus soyauxii,Pterocarpus,,Tw39916,micro_congo:Pterocarpus_soyauxii/Tw39916_P_castelsii_Tr_general_2_5x,,Pterocarpus soyauxii,Pterocarpus soyauxii,A,exact_species_overlap,"P1,P2,P3",Pterocarpus soyauxii,exact_species_match,
data/images/micro/Pterocarpus_soyauxii/Tw42346_P_castelsii_Tr_general2_2_5x.jpg,Pterocarpus_soyauxii/Tw42346_P_castelsii_Tr_general2_2_5x.jpg,micro_congo,micro,transversal_semi_thin_section,Pterocarpus soyauxii,Pterocarpus,,Tw42346,micro_congo:Pterocarpus_soyauxii/Tw42346_P_castelsii_Tr_general2_2_5x,,Pterocarpus soyauxii,Pterocarpus soyauxii,A,exact_species_overlap,"P1,P2,P3",Pterocarpus soyauxii,exact_species_match,
data/images/micro/Pterocarpus_soyauxii/Tw42346_P_castelsii_Tr_general3_2_5x.jpg,Pterocarpus_soyauxii/Tw42346_P_castelsii_Tr_general3_2_5x.jpg,micro_congo,micro,transversal_semi_thin_section,Pterocarpus soyauxii,Pterocarpus,,Tw42346,micro_congo:Pterocarpus_soyauxii/Tw42346_P_castelsii_Tr_general3_2_5x,,Pterocarpus soyauxii,Pterocarpus soyauxii,A,exact_species_overlap,"P1,P2,P3",Pterocarpus soyauxii,exact_species_match,
data/images/micro/Pterocarpus_soyauxii/Tw42346_P_castelsii_Tr_general4_2_5x.jpg,Pterocarpus_soyauxii/Tw42346_P_castelsii_Tr_general4_2_5x.jpg,micro_congo,micro,transversal_semi_thin_section,Pterocarpus soyauxii,Pterocarpus,,Tw42346,micro_congo:Pterocarpus_soyauxii/Tw42346_P_castelsii_Tr_general4_2_5x,,Pterocarpus soyauxii,Pterocarpus soyauxii,A,exact_species_overlap,"P1,P2,P3",Pterocarpus soyauxii,exact_species_match,
data/images/micro/Pterocarpus_soyauxii/Tw42346_P_castelsii_Tr_general_2_5x.jpg,Pterocarpus_soyauxii/Tw42346_P_castelsii_Tr_general_2_5x.jpg,micro_congo,micro,transversal_semi_thin_section,Pterocarpus soyauxii,Pterocarpus,,Tw42346,micro_congo:Pterocarpus_soyauxii/Tw42346_P_castelsii_Tr_general_2_5x,,Pterocarpus soyauxii,Pterocarpus soyauxii,A,exact_species_overlap,"P1,P2,P3",Pterocarpus soyauxii,exact_species_match,
data/images/micro/Pterocarpus_soyauxii/Tw5016_Tv_2_5x_1.jpg,Pterocarpus_soyauxii/Tw5016_Tv_2_5x_1.jpg,micro_congo,micro,transversal_semi_thin_section,Pterocarpus soyauxii,Pterocarpus,,Tw5016,micro_congo:Pterocarpus_soyauxii/Tw5016_Tv_2_5x_1,,Pterocarpus soyauxii,Pterocarpus soyauxii,A,exact_species_overlap,"P1,P2,P3",Pterocarpus soyauxii,exact_species_match,
data/images/micro/Pterocarpus_soyauxii/Tw5016_Tv_2_5x_2.jpg,Pterocarpus_soyauxii/Tw5016_Tv_2_5x_2.jpg,micro_congo,micro,transversal_semi_thin_section,Pterocarpus soyauxii,Pterocarpus,,Tw5016,micro_congo:Pterocarpus_soyauxii/Tw5016_Tv_2_5x_2,,Pterocarpus soyauxii,Pterocarpus soyauxii,A,exact_species_overlap,"P1,P2,P3",Pterocarpus soyauxii,exact_species_match,
data/images/micro/Pterocarpus_soyauxii/Tw5016_Tv_2_5x_3.jpg,Pterocarpus_soyauxii/Tw5016_Tv_2_5x_3.jpg,micro_congo,micro,transversal_semi_thin_section,Pterocarpus soyauxii,Pterocarpus,,Tw5016,micro_congo:Pterocarpus_soyauxii/Tw5016_Tv_2_5x_3,,Pterocarpus soyauxii,Pterocarpus soyauxii,A,exact_species_overlap,"P1,P2,P3",Pterocarpus soyauxii,exact_species_match,
data/images/micro/Pterocarpus_soyauxii/Tw6968_Tv_2_5x_1.jpg,Pterocarpus_soyauxii/Tw6968_Tv_2_5x_1.jpg,micro_congo,micro,transversal_semi_thin_section,Pterocarpus soyauxii,Pterocarpus,,Tw6968,micro_congo:Pterocarpus_soyauxii/Tw6968_Tv_2_5x_1,,Pterocarpus soyauxii,Pterocarpus soyauxii,A,exact_species_overlap,"P1,P2,P3",Pterocarpus soyauxii,exact_species_match,
data/images/micro/Pterocarpus_soyauxii/Tw6968_Tv_2_5x_2.jpg,Pterocarpus_soyauxii/Tw6968_Tv_2_5x_2.jpg,micro_congo,micro,transversal_semi_thin_section,Pterocarpus soyauxii,Pterocarpus,,Tw6968,micro_congo:Pterocarpus_soyauxii/Tw6968_Tv_2_5x_2,,Pterocarpus soyauxii,Pterocarpus soyauxii,A,exact_species_overlap,"P1,P2,P3",Pterocarpus soyauxii,exact_species_match,
data/images/micro/Pterocarpus_soyauxii/Tw6968_Tv_2_5x_3.jpg,Pterocarpus_soyauxii/Tw6968_Tv_2_5x_3.jpg,micro_congo,micro,transversal_semi_thin_section,Pterocarpus soyauxii,Pterocarpus,,Tw6968,micro_congo:Pterocarpus_soyauxii/Tw6968_Tv_2_5x_3,,Pterocarpus soyauxii,Pterocarpus soyauxii,A,exact_species_overlap,"P1,P2,P3",Pterocarpus soyauxii,exact_species_match,
data/images/micro/Pterocarpus_soyauxii/Tw699_P_castelsii_Tr_general2_2_5x.jpg,Pterocarpus_soyauxii/Tw699_P_castelsii_Tr_general2_2_5x.jpg,micro_congo,micro,transversal_semi_thin_section,Pterocarpus soyauxii,Pterocarpus,,Tw699,micro_congo:Pterocarpus_soyauxii/Tw699_P_castelsii_Tr_general2_2_5x,,Pterocarpus soyauxii,Pterocarpus soyauxii,A,exact_species_overlap,"P1,P2,P3",Pterocarpus soyauxii,exact_species_match,
data/images/micro/Pterocarpus_soyauxii/Tw699_P_castelsii_Tr_general3_2_5x.jpg,Pterocarpus_soyauxii/Tw699_P_castelsii_Tr_general3_2_5x.jpg,micro_congo,micro,transversal_semi_thin_section,Pterocarpus soyauxii,Pterocarpus,,Tw699,micro_congo:Pterocarpus_soyauxii/Tw699_P_castelsii_Tr_general3_2_5x,,Pterocarpus soyauxii,Pterocarpus soyauxii,A,exact_species_overlap,"P1,P2,P3",Pterocarpus soyauxii,exact_species_match,
data/images/micro/Pterocarpus_soyauxii/Tw699_P_castelsii_Tr_general_2_5x.jpg,Pterocarpus_soyauxii/Tw699_P_castelsii_Tr_general_2_5x.jpg,micro_congo,micro,transversal_semi_thin_section,Pterocarpus soyauxii,Pterocarpus,,Tw699,micro_congo:Pterocarpus_soyauxii/Tw699_P_castelsii_Tr_general_2_5x,,Pterocarpus soyauxii,Pterocarpus soyauxii,A,exact_species_overlap,"P1,P2,P3",Pterocarpus soyauxii,exact_species_match,
data/images/micro/Pycnanthus_angolensis/Pycnanthus_angolensis070.jpg,Pycnanthus_angolensis/Pycnanthus_angolensis070.jpg,micro_congo,micro,transversal_semi_thin_section,Pycnanthus angolensis,Pycnanthus,,Pycnanthus_angolensis070,micro_congo:Pycnanthus_angolensis/Pycnanthus_angolensis070,,Pycnanthus angolensis,Pycnanthus angolensis,A,exact_species_overlap,"P1,P2,P3",Pycnanthus angolensis,exact_species_match,
data/images/micro/Pycnanthus_angolensis/Pycnanthus_angolensis071.jpg,Pycnanthus_angolensis/Pycnanthus_angolensis071.jpg,micro_congo,micro,transversal_semi_thin_section,Pycnanthus angolensis,Pycnanthus,,Pycnanthus_angolensis071,micro_congo:Pycnanthus_angolensis/Pycnanthus_angolensis071,,Pycnanthus angolensis,Pycnanthus angolensis,A,exact_species_overlap,"P1,P2,P3",Pycnanthus angolensis,exact_species_match,
data/images/micro/Pycnanthus_angolensis/Pycnanthus_angolensis072.jpg,Pycnanthus_angolensis/Pycnanthus_angolensis072.jpg,micro_congo,micro,transversal_semi_thin_section,Pycnanthus angolensis,Pycnanthus,,Pycnanthus_angolensis072,micro_congo:Pycnanthus_angolensis/Pycnanthus_angolensis072,,Pycnanthus angolensis,Pycnanthus angolensis,A,exact_species_overlap,"P1,P2,P3",Pycnanthus angolensis,exact_species_match,
data/images/micro/Pycnanthus_angolensis/Tw900_P_angolensis_Tr_2_5x.jpg,Pycnanthus_angolensis/Tw900_P_angolensis_Tr_2_5x.jpg,micro_congo,micro,transversal_semi_thin_section,Pycnanthus angolensis,Pycnanthus,,Tw900,micro_congo:Pycnanthus_angolensis/Tw900_P_angolensis_Tr_2_5x,,Pycnanthus angolensis,Pycnanthus angolensis,A,exact_species_overlap,"P1,P2,P3",Pycnanthus angolensis,exact_species_match,
data/images/micro/Pycnanthus_angolensis/Tw900_P_angolensis_Tr_vessels_2_5x.jpg,Pycnanthus_angolensis/Tw900_P_angolensis_Tr_vessels_2_5x.jpg,micro_congo,micro,transversal_semi_thin_section,Pycnanthus angolensis,Pycnanthus,,Tw900,micro_congo:Pycnanthus_angolensis/Tw900_P_angolensis_Tr_vessels_2_5x,,Pycnanthus angolensis,Pycnanthus angolensis,A,exact_species_overlap,"P1,P2,P3",Pycnanthus angolensis,exact_species_match,
data/images/micro/Terminalia_superba/T_superba001.jpg,Terminalia_superba/T_superba001.jpg,micro_congo,micro,transversal_semi_thin_section,Terminalia superba,Terminalia,,T_superba001,micro_congo:Terminalia_superba/T_superba001,,Terminalia superba,Terminalia superba,A,exact_species_overlap,"P1,P2,P3",Terminalia superba,exact_species_match,
data/images/micro/Terminalia_superba/T_superba002.jpg,Terminalia_superba/T_superba002.jpg,micro_congo,micro,transversal_semi_thin_section,Terminalia superba,Terminalia,,T_superba002,micro_congo:Terminalia_superba/T_superba002,,Terminalia superba,Terminalia superba,A,exact_species_overlap,"P1,P2,P3",Terminalia superba,exact_species_match,
data/images/micro/Terminalia_superba/T_superba003.jpg,Terminalia_superba/T_superba003.jpg,micro_congo,micro,transversal_semi_thin_section,Terminalia superba,Terminalia,,T_superba003,micro_congo:Terminalia_superba/T_superba003,,Terminalia superba,Terminalia superba,A,exact_species_overlap,"P1,P2,P3",Terminalia superba,exact_species_match,
data/images/micro/Terminalia_superba/T_superba004.jpg,Terminalia_superba/T_superba004.jpg,micro_congo,micro,transversal_semi_thin_section,Terminalia superba,Terminalia,,T_superba004,micro_congo:Terminalia_superba/T_superba004,,Terminalia superba,Terminalia superba,A,exact_species_overlap,"P1,P2,P3",Terminalia superba,exact_species_match,
data/images/micro/Terminalia_superba/T_superba005.jpg,Terminalia_superba/T_superba005.jpg,micro_congo,micro,transversal_semi_thin_section,Terminalia superba,Terminalia,,T_superba005,micro_congo:Terminalia_superba/T_superba005,,Terminalia superba,Terminalia superba,A,exact_species_overlap,"P1,P2,P3",Terminalia superba,exact_species_match,
data/images/micro/Terminalia_superba/T_superba006.jpg,Terminalia_superba/T_superba006.jpg,micro_congo,micro,transversal_semi_thin_section,Terminalia superba,Terminalia,,T_superba006,micro_congo:Terminalia_superba/T_superba006,,Terminalia superba,Terminalia superba,A,exact_species_overlap,"P1,P2,P3",Terminalia superba,exact_species_match,
data/images/micro/Terminalia_superba/T_superba007.jpg,Terminalia_superba/T_superba007.jpg,micro_congo,micro,transversal_semi_thin_section,Terminalia superba,Terminalia,,T_superba007,micro_congo:Terminalia_superba/T_superba007,,Terminalia superba,Terminalia superba,A,exact_species_overlap,"P1,P2,P3",Terminalia superba,exact_species_match,
data/images/micro/Terminalia_superba/T_superba008.jpg,Terminalia_superba/T_superba008.jpg,micro_congo,micro,transversal_semi_thin_section,Terminalia superba,Terminalia,,T_superba008,micro_congo:Terminalia_superba/T_superba008,,Terminalia superba,Terminalia superba,A,exact_species_overlap,"P1,P2,P3",Terminalia superba,exact_species_match,
data/images/micro/Terminalia_superba/T_superba009.jpg,Terminalia_superba/T_superba009.jpg,micro_congo,micro,transversal_semi_thin_section,Terminalia superba,Terminalia,,T_superba009,micro_congo:Terminalia_superba/T_superba009,,Terminalia superba,Terminalia superba,A,exact_species_overlap,"P1,P2,P3",Terminalia superba,exact_species_match,
data/images/micro/Terminalia_superba/T_superba010.jpg,Terminalia_superba/T_superba010.jpg,micro_congo,micro,transversal_semi_thin_section,Terminalia superba,Terminalia,,T_superba010,micro_congo:Terminalia_superba/T_superba010,,Terminalia superba,Terminalia superba,A,exact_species_overlap,"P1,P2,P3",Terminalia superba,exact_species_match,
data/images/micro/Terminalia_superba/T_superba011.jpg,Terminalia_superba/T_superba011.jpg,micro_congo,micro,transversal_semi_thin_section,Terminalia superba,Terminalia,,T_superba011,micro_congo:Terminalia_superba/T_superba011,,Terminalia superba,Terminalia superba,A,exact_species_overlap,"P1,P2,P3",Terminalia superba,exact_species_match,
data/images/micro/Terminalia_superba/T_superba012.jpg,Terminalia_superba/T_superba012.jpg,micro_congo,micro,transversal_semi_thin_section,Terminalia superba,Terminalia,,T_superba012,micro_congo:Terminalia_superba/T_superba012,,Terminalia superba,Terminalia superba,A,exact_species_overlap,"P1,P2,P3",Terminalia superba,exact_species_match,
data/images/micro/Terminalia_superba/T_superba013.jpg,Terminalia_superba/T_superba013.jpg,micro_congo,micro,transversal_semi_thin_section,Terminalia superba,Terminalia,,T_superba013,micro_congo:Terminalia_superba/T_superba013,,Terminalia superba,Terminalia superba,A,exact_species_overlap,"P1,P2,P3",Terminalia superba,exact_species_match,
data/images/micro/Terminalia_superba/T_superba014.jpg,Terminalia_superba/T_superba014.jpg,micro_congo,micro,transversal_semi_thin_section,Terminalia superba,Terminalia,,T_superba014,micro_congo:Terminalia_superba/T_superba014,,Terminalia superba,Terminalia superba,A,exact_species_overlap,"P1,P2,P3",Terminalia superba,exact_species_match,
data/images/micro/Terminalia_superba/Tw1409_T_superba_Tr_2_5x.jpg,Terminalia_superba/Tw1409_T_superba_Tr_2_5x.jpg,micro_congo,micro,transversal_semi_thin_section,Terminalia superba,Terminalia,,Tw1409,micro_congo:Terminalia_superba/Tw1409_T_superba_Tr_2_5x,,Terminalia superba,Terminalia superba,A,exact_species_overlap,"P1,P2,P3",Terminalia superba,exact_species_match,
data/images/micro/Terminalia_superba/Tw1723_Tv_2_5x_1.jpg,Terminalia_superba/Tw1723_Tv_2_5x_1.jpg,micro_congo,micro,transversal_semi_thin_section,Terminalia superba,Terminalia,,Tw1723,micro_congo:Terminalia_superba/Tw1723_Tv_2_5x_1,,Terminalia superba,Terminalia superba,A,exact_species_overlap,"P1,P2,P3",Terminalia superba,exact_species_match,
data/images/micro/Terminalia_superba/Tw1723_Tv_2_5x_2.jpg,Terminalia_superba/Tw1723_Tv_2_5x_2.jpg,micro_congo,micro,transversal_semi_thin_section,Terminalia superba,Terminalia,,Tw1723,micro_congo:Terminalia_superba/Tw1723_Tv_2_5x_2,,Terminalia superba,Terminalia superba,A,exact_species_overlap,"P1,P2,P3",Terminalia superba,exact_species_match,
data/images/micro/Terminalia_superba/Tw1723_Tv_2_5x_3.jpg,Terminalia_superba/Tw1723_Tv_2_5x_3.jpg,micro_congo,micro,transversal_semi_thin_section,Terminalia superba,Terminalia,,Tw1723,micro_congo:Terminalia_superba/Tw1723_Tv_2_5x_3,,Terminalia superba,Terminalia superba,A,exact_species_overlap,"P1,P2,P3",Terminalia superba,exact_species_match,
data/images/micro/Terminalia_superba/Tw23585_T_superba_Tr_2_5x.jpg,Terminalia_superba/Tw23585_T_superba_Tr_2_5x.jpg,micro_congo,micro,transversal_semi_thin_section,Terminalia superba,Terminalia,,Tw23585,micro_congo:Terminalia_superba/Tw23585_T_superba_Tr_2_5x,,Terminalia superba,Terminalia superba,A,exact_species_overlap,"P1,P2,P3",Terminalia superba,exact_species_match,
data/images/micro/Terminalia_superba/Tw876_Tv_2_5x_1.jpg,Terminalia_superba/Tw876_Tv_2_5x_1.jpg,micro_congo,micro,transversal_semi_thin_section,Terminalia superba,Terminalia,,Tw876,micro_congo:Terminalia_superba/Tw876_Tv_2_5x_1,,Terminalia superba,Terminalia superba,A,exact_species_overlap,"P1,P2,P3",Terminalia superba,exact_species_match,
data/images/micro/Terminalia_superba/Tw876_Tv_2_5x_2.jpg,Terminalia_superba/Tw876_Tv_2_5x_2.jpg,micro_congo,micro,transversal_semi_thin_section,Terminalia superba,Terminalia,,Tw876,micro_congo:Terminalia_superba/Tw876_Tv_2_5x_2,,Terminalia superba,Terminalia superba,A,exact_species_overlap,"P1,P2,P3",Terminalia superba,exact_species_match,
data/images/micro/Terminalia_superba/Tw876_Tv_2_5x_3.jpg,Terminalia_superba/Tw876_Tv_2_5x_3.jpg,micro_congo,micro,transversal_semi_thin_section,Terminalia superba,Terminalia,,Tw876,micro_congo:Terminalia_superba/Tw876_Tv_2_5x_3,,Terminalia superba,Terminalia superba,A,exact_species_overlap,"P1,P2,P3",Terminalia superba,exact_species_match,
data/images/micro/Terminalia_superba/Tw88_Tv_2_5x_1.jpg,Terminalia_superba/Tw88_Tv_2_5x_1.jpg,micro_congo,micro,transversal_semi_thin_section,Terminalia superba,Terminalia,,Tw88,micro_congo:Terminalia_superba/Tw88_Tv_2_5x_1,,Terminalia superba,Terminalia superba,A,exact_species_overlap,"P1,P2,P3",Terminalia superba,exact_species_match,
data/images/micro/Terminalia_superba/Tw88_Tv_2_5x_2.jpg,Terminalia_superba/Tw88_Tv_2_5x_2.jpg,micro_congo,micro,transversal_semi_thin_section,Terminalia superba,Terminalia,,Tw88,micro_congo:Terminalia_superba/Tw88_Tv_2_5x_2,,Terminalia superba,Terminalia superba,A,exact_species_overlap,"P1,P2,P3",Terminalia superba,exact_species_match,
data/images/micro/Terminalia_superba/Tw88_Tv_2_5x_3.jpg,Terminalia_superba/Tw88_Tv_2_5x_3.jpg,micro_congo,micro,transversal_semi_thin_section,Terminalia superba,Terminalia,,Tw88,micro_congo:Terminalia_superba/Tw88_Tv_2_5x_3,,Terminalia superba,Terminalia superba,A,exact_species_overlap,"P1,P2,P3",Terminalia superba,exact_species_match,
data/images/micro/Tieghemella_heckelii/Tw14526_T_heckelii_tr2_2_5x.jpg,Tieghemella_heckelii/Tw14526_T_heckelii_tr2_2_5x.jpg,micro_congo,micro,transversal_semi_thin_section,Tieghemella heckelii,Tieghemella,,Tw14526,micro_congo:Tieghemella_heckelii/Tw14526_T_heckelii_tr2_2_5x,,Tieghemella heckelii,Tieghemella heckelii,A,exact_species_overlap,"P1,P2,P3",Tieghemella heckelii,exact_species_match,
data/images/micro/Tieghemella_heckelii/Tw14526_T_heckelii_tr3_2_5x.jpg,Tieghemella_heckelii/Tw14526_T_heckelii_tr3_2_5x.jpg,micro_congo,micro,transversal_semi_thin_section,Tieghemella heckelii,Tieghemella,,Tw14526,micro_congo:Tieghemella_heckelii/Tw14526_T_heckelii_tr3_2_5x,,Tieghemella heckelii,Tieghemella heckelii,A,exact_species_overlap,"P1,P2,P3",Tieghemella heckelii,exact_species_match,
data/images/micro/Tieghemella_heckelii/Tw14526_T_heckelii_tr4_2_5x.jpg,Tieghemella_heckelii/Tw14526_T_heckelii_tr4_2_5x.jpg,micro_congo,micro,transversal_semi_thin_section,Tieghemella heckelii,Tieghemella,,Tw14526,micro_congo:Tieghemella_heckelii/Tw14526_T_heckelii_tr4_2_5x,,Tieghemella heckelii,Tieghemella heckelii,A,exact_species_overlap,"P1,P2,P3",Tieghemella heckelii,exact_species_match,
data/images/micro/Tieghemella_heckelii/Tw14526_T_heckelii_tr_2_5x.jpg,Tieghemella_heckelii/Tw14526_T_heckelii_tr_2_5x.jpg,micro_congo,micro,transversal_semi_thin_section,Tieghemella heckelii,Tieghemella,,Tw14526,micro_congo:Tieghemella_heckelii/Tw14526_T_heckelii_tr_2_5x,,Tieghemella heckelii,Tieghemella heckelii,A,exact_species_overlap,"P1,P2,P3",Tieghemella heckelii,exact_species_match,
data/images/micro/Tieghemella_heckelii/Tw26510_T_heckelii_tr2_2_5x.jpg,Tieghemella_heckelii/Tw26510_T_heckelii_tr2_2_5x.jpg,micro_congo,micro,transversal_semi_thin_section,Tieghemella heckelii,Tieghemella,,Tw26510,micro_congo:Tieghemella_heckelii/Tw26510_T_heckelii_tr2_2_5x,,Tieghemella heckelii,Tieghemella heckelii,A,exact_species_overlap,"P1,P2,P3",Tieghemella heckelii,exact_species_match,
data/images/micro/Tieghemella_heckelii/Tw26510_T_heckelii_tr3_2_5x.jpg,Tieghemella_heckelii/Tw26510_T_heckelii_tr3_2_5x.jpg,micro_congo,micro,transversal_semi_thin_section,Tieghemella heckelii,Tieghemella,,Tw26510,micro_congo:Tieghemella_heckelii/Tw26510_T_heckelii_tr3_2_5x,,Tieghemella heckelii,Tieghemella heckelii,A,exact_species_overlap,"P1,P2,P3",Tieghemella heckelii,exact_species_match,
data/images/micro/Tieghemella_heckelii/Tw26510_T_heckelii_tr_2_5x.jpg,Tieghemella_heckelii/Tw26510_T_heckelii_tr_2_5x.jpg,micro_congo,micro,transversal_semi_thin_section,Tieghemella heckelii,Tieghemella,,Tw26510,micro_congo:Tieghemella_heckelii/Tw26510_T_heckelii_tr_2_5x,,Tieghemella heckelii,Tieghemella heckelii,A,exact_species_overlap,"P1,P2,P3",Tieghemella heckelii,exact_species_match,
data/images/micro/Tieghemella_heckelii/Tw26511_T_heckelii_tr2_2_5x.jpg,Tieghemella_heckelii/Tw26511_T_heckelii_tr2_2_5x.jpg,micro_congo,micro,transversal_semi_thin_section,Tieghemella heckelii,Tieghemella,,Tw26511,micro_congo:Tieghemella_heckelii/Tw26511_T_heckelii_tr2_2_5x,,Tieghemella heckelii,Tieghemella heckelii,A,exact_species_overlap,"P1,P2,P3",Tieghemella heckelii,exact_species_match,
data/images/micro/Tieghemella_heckelii/Tw26511_T_heckelii_tr3_2_5x.jpg,Tieghemella_heckelii/Tw26511_T_heckelii_tr3_2_5x.jpg,micro_congo,micro,transversal_semi_thin_section,Tieghemella heckelii,Tieghemella,,Tw26511,micro_congo:Tieghemella_heckelii/Tw26511_T_heckelii_tr3_2_5x,,Tieghemella heckelii,Tieghemella heckelii,A,exact_species_overlap,"P1,P2,P3",Tieghemella heckelii,exact_species_match,
data/images/micro/Tieghemella_heckelii/Tw26511_T_heckelii_tr_2_5x.jpg,Tieghemella_heckelii/Tw26511_T_heckelii_tr_2_5x.jpg,micro_congo,micro,transversal_semi_thin_section,Tieghemella heckelii,Tieghemella,,Tw26511,micro_congo:Tieghemella_heckelii/Tw26511_T_heckelii_tr_2_5x,,Tieghemella heckelii,Tieghemella heckelii,A,exact_species_overlap,"P1,P2,P3",Tieghemella heckelii,exact_species_match,
data/images/micro/Triplochiton_scleroxylon/Tw26517_T_scleroxylon_tr_g2_2_5x.jpg,Triplochiton_scleroxylon/Tw26517_T_scleroxylon_tr_g2_2_5x.jpg,micro_congo,micro,transversal_semi_thin_section,Triplochiton scleroxylon,Triplochiton,,Tw26517,micro_congo:Triplochiton_scleroxylon/Tw26517_T_scleroxylon_tr_g2_2_5x,,Triplochiton scleroxylon,Triplochiton scleroxylon,A,exact_species_overlap,"P1,P2,P3",Triplochiton scleroxylon,exact_species_match,
data/images/micro/Triplochiton_scleroxylon/Tw26517_T_scleroxylon_tr_g3_2_5x.jpg,Triplochiton_scleroxylon/Tw26517_T_scleroxylon_tr_g3_2_5x.jpg,micro_congo,micro,transversal_semi_thin_section,Triplochiton scleroxylon,Triplochiton,,Tw26517,micro_congo:Triplochiton_scleroxylon/Tw26517_T_scleroxylon_tr_g3_2_5x,,Triplochiton scleroxylon,Triplochiton scleroxylon,A,exact_species_overlap,"P1,P2,P3",Triplochiton scleroxylon,exact_species_match,
data/images/micro/Triplochiton_scleroxylon/Tw26517_T_scleroxylon_tr_g_2_5x.jpg,Triplochiton_scleroxylon/Tw26517_T_scleroxylon_tr_g_2_5x.jpg,micro_congo,micro,transversal_semi_thin_section,Triplochiton scleroxylon,Triplochiton,,Tw26517,micro_congo:Triplochiton_scleroxylon/Tw26517_T_scleroxylon_tr_g_2_5x,,Triplochiton scleroxylon,Triplochiton scleroxylon,A,exact_species_overlap,"P1,P2,P3",Triplochiton scleroxylon,exact_species_match,
data/images/micro/Triplochiton_scleroxylon/Tw26517_Tv_2_5x_1.jpg,Triplochiton_scleroxylon/Tw26517_Tv_2_5x_1.jpg,micro_congo,micro,transversal_semi_thin_section,Triplochiton scleroxylon,Triplochiton,,Tw26517,micro_congo:Triplochiton_scleroxylon/Tw26517_Tv_2_5x_1,,Triplochiton scleroxylon,Triplochiton scleroxylon,A,exact_species_overlap,"P1,P2,P3",Triplochiton scleroxylon,exact_species_match,
data/images/micro/Triplochiton_scleroxylon/Tw26517_Tv_2_5x_2.jpg,Triplochiton_scleroxylon/Tw26517_Tv_2_5x_2.jpg,micro_congo,micro,transversal_semi_thin_section,Triplochiton scleroxylon,Triplochiton,,Tw26517,micro_congo:Triplochiton_scleroxylon/Tw26517_Tv_2_5x_2,,Triplochiton scleroxylon,Triplochiton scleroxylon,A,exact_species_overlap,"P1,P2,P3",Triplochiton scleroxylon,exact_species_match,
data/images/micro/Triplochiton_scleroxylon/Tw26517_Tv_2_5x_3.jpg,Triplochiton_scleroxylon/Tw26517_Tv_2_5x_3.jpg,micro_congo,micro,transversal_semi_thin_section,Triplochiton scleroxylon,Triplochiton,,Tw26517,micro_congo:Triplochiton_scleroxylon/Tw26517_Tv_2_5x_3,,Triplochiton scleroxylon,Triplochiton scleroxylon,A,exact_species_overlap,"P1,P2,P3",Triplochiton scleroxylon,exact_species_match,
data/images/micro/Triplochiton_scleroxylon/Tw26735_T_scleroxylon_tr_g2_2_5x.jpg,Triplochiton_scleroxylon/Tw26735_T_scleroxylon_tr_g2_2_5x.jpg,micro_congo,micro,transversal_semi_thin_section,Triplochiton scleroxylon,Triplochiton,,Tw26735,micro_congo:Triplochiton_scleroxylon/Tw26735_T_scleroxylon_tr_g2_2_5x,,Triplochiton scleroxylon,Triplochiton scleroxylon,A,exact_species_overlap,"P1,P2,P3",Triplochiton scleroxylon,exact_species_match,
data/images/micro/Triplochiton_scleroxylon/Tw26735_T_scleroxylon_tr_g3_2_5x.jpg,Triplochiton_scleroxylon/Tw26735_T_scleroxylon_tr_g3_2_5x.jpg,micro_congo,micro,transversal_semi_thin_section,Triplochiton scleroxylon,Triplochiton,,Tw26735,micro_congo:Triplochiton_scleroxylon/Tw26735_T_scleroxylon_tr_g3_2_5x,,Triplochiton scleroxylon,Triplochiton scleroxylon,A,exact_species_overlap,"P1,P2,P3",Triplochiton scleroxylon,exact_species_match,
data/images/micro/Triplochiton_scleroxylon/Tw26735_T_scleroxylon_tr_g4_2_5x.jpg,Triplochiton_scleroxylon/Tw26735_T_scleroxylon_tr_g4_2_5x.jpg,micro_congo,micro,transversal_semi_thin_section,Triplochiton scleroxylon,Triplochiton,,Tw26735,micro_congo:Triplochiton_scleroxylon/Tw26735_T_scleroxylon_tr_g4_2_5x,,Triplochiton scleroxylon,Triplochiton scleroxylon,A,exact_species_overlap,"P1,P2,P3",Triplochiton scleroxylon,exact_species_match,
data/images/micro/Triplochiton_scleroxylon/Tw26735_T_scleroxylon_tr_g_2_5x.jpg,Triplochiton_scleroxylon/Tw26735_T_scleroxylon_tr_g_2_5x.jpg,micro_congo,micro,transversal_semi_thin_section,Triplochiton scleroxylon,Triplochiton,,Tw26735,micro_congo:Triplochiton_scleroxylon/Tw26735_T_scleroxylon_tr_g_2_5x,,Triplochiton scleroxylon,Triplochiton scleroxylon,A,exact_species_overlap,"P1,P2,P3",Triplochiton scleroxylon,exact_species_match,
data/images/micro/Triplochiton_scleroxylon/Tw26735_Tv_2_5x_1.jpg,Triplochiton_scleroxylon/Tw26735_Tv_2_5x_1.jpg,micro_congo,micro,transversal_semi_thin_section,Triplochiton scleroxylon,Triplochiton,,Tw26735,micro_congo:Triplochiton_scleroxylon/Tw26735_Tv_2_5x_1,,Triplochiton scleroxylon,Triplochiton scleroxylon,A,exact_species_overlap,"P1,P2,P3",Triplochiton scleroxylon,exact_species_match,
data/images/micro/Triplochiton_scleroxylon/Tw26735_Tv_2_5x_2.jpg,Triplochiton_scleroxylon/Tw26735_Tv_2_5x_2.jpg,micro_congo,micro,transversal_semi_thin_section,Triplochiton scleroxylon,Triplochiton,,Tw26735,micro_congo:Triplochiton_scleroxylon/Tw26735_Tv_2_5x_2,,Triplochiton scleroxylon,Triplochiton scleroxylon,A,exact_species_overlap,"P1,P2,P3",Triplochiton scleroxylon,exact_species_match,
data/images/micro/Triplochiton_scleroxylon/Tw26735_Tv_2_5x_3.jpg,Triplochiton_scleroxylon/Tw26735_Tv_2_5x_3.jpg,micro_congo,micro,transversal_semi_thin_section,Triplochiton scleroxylon,Triplochiton,,Tw26735,micro_congo:Triplochiton_scleroxylon/Tw26735_Tv_2_5x_3,,Triplochiton scleroxylon,Triplochiton scleroxylon,A,exact_species_overlap,"P1,P2,P3",Triplochiton scleroxylon,exact_species_match,
data/images/micro/Triplochiton_scleroxylon/Tw879_Tv_2_5x_1.jpg,Triplochiton_scleroxylon/Tw879_Tv_2_5x_1.jpg,micro_congo,micro,transversal_semi_thin_section,Triplochiton scleroxylon,Triplochiton,,Tw879,micro_congo:Triplochiton_scleroxylon/Tw879_Tv_2_5x_1,,Triplochiton scleroxylon,Triplochiton scleroxylon,A,exact_species_overlap,"P1,P2,P3",Triplochiton scleroxylon,exact_species_match,
data/images/micro/Triplochiton_scleroxylon/Tw879_Tv_2_5x_2.jpg,Triplochiton_scleroxylon/Tw879_Tv_2_5x_2.jpg,micro_congo,micro,transversal_semi_thin_section,Triplochiton scleroxylon,Triplochiton,,Tw879,micro_congo:Triplochiton_scleroxylon/Tw879_Tv_2_5x_2,,Triplochiton scleroxylon,Triplochiton scleroxylon,A,exact_species_overlap,"P1,P2,P3",Triplochiton scleroxylon,exact_species_match,
data/images/micro/Triplochiton_scleroxylon/Tw879_Tv_2_5x_3.jpg,Triplochiton_scleroxylon/Tw879_Tv_2_5x_3.jpg,micro_congo,micro,transversal_semi_thin_section,Triplochiton scleroxylon,Triplochiton,,Tw879,micro_congo:Triplochiton_scleroxylon/Tw879_Tv_2_5x_3,,Triplochiton scleroxylon,Triplochiton scleroxylon,A,exact_species_overlap,"P1,P2,P3",Triplochiton scleroxylon,exact_species_match,
data/images/micro/Zanthoxylum_gilletii/Tw1230_Tv_2_5x_1.jpg,Zanthoxylum_gilletii/Tw1230_Tv_2_5x_1.jpg,micro_congo,micro,transversal_semi_thin_section,Zanthoxylum gilletii,Zanthoxylum,,Tw1230,micro_congo:Zanthoxylum_gilletii/Tw1230_Tv_2_5x_1,,Zanthoxylum gilletii,Zanthoxylum gilletii,A,exact_species_overlap,"P1,P2,P3",Zanthoxylum gilletii,exact_species_match,
data/images/micro/Zanthoxylum_gilletii/Tw1230_Tv_2_5x_2.jpg,Zanthoxylum_gilletii/Tw1230_Tv_2_5x_2.jpg,micro_congo,micro,transversal_semi_thin_section,Zanthoxylum gilletii,Zanthoxylum,,Tw1230,micro_congo:Zanthoxylum_gilletii/Tw1230_Tv_2_5x_2,,Zanthoxylum gilletii,Zanthoxylum gilletii,A,exact_species_overlap,"P1,P2,P3",Zanthoxylum gilletii,exact_species_match,
data/images/micro/Zanthoxylum_gilletii/Tw1230_Tv_2_5x_3.jpg,Zanthoxylum_gilletii/Tw1230_Tv_2_5x_3.jpg,micro_congo,micro,transversal_semi_thin_section,Zanthoxylum gilletii,Zanthoxylum,,Tw1230,micro_congo:Zanthoxylum_gilletii/Tw1230_Tv_2_5x_3,,Zanthoxylum gilletii,Zanthoxylum gilletii,A,exact_species_overlap,"P1,P2,P3",Zanthoxylum gilletii,exact_species_match,
data/images/micro/Zanthoxylum_gilletii/Tw5247_Tv_2_5x_1.jpg,Zanthoxylum_gilletii/Tw5247_Tv_2_5x_1.jpg,micro_congo,micro,transversal_semi_thin_section,Zanthoxylum gilletii,Zanthoxylum,,Tw5247,micro_congo:Zanthoxylum_gilletii/Tw5247_Tv_2_5x_1,,Zanthoxylum gilletii,Zanthoxylum gilletii,A,exact_species_overlap,"P1,P2,P3",Zanthoxylum gilletii,exact_species_match,
data/images/micro/Zanthoxylum_gilletii/Tw5247_Tv_2_5x_2.jpg,Zanthoxylum_gilletii/Tw5247_Tv_2_5x_2.jpg,micro_congo,micro,transversal_semi_thin_section,Zanthoxylum gilletii,Zanthoxylum,,Tw5247,micro_congo:Zanthoxylum_gilletii/Tw5247_Tv_2_5x_2,,Zanthoxylum gilletii,Zanthoxylum gilletii,A,exact_species_overlap,"P1,P2,P3",Zanthoxylum gilletii,exact_species_match,
data/images/micro/Zanthoxylum_gilletii/Tw5247_Tv_2_5x_3.jpg,Zanthoxylum_gilletii/Tw5247_Tv_2_5x_3.jpg,micro_congo,micro,transversal_semi_thin_section,Zanthoxylum gilletii,Zanthoxylum,,Tw5247,micro_congo:Zanthoxylum_gilletii/Tw5247_Tv_2_5x_3,,Zanthoxylum gilletii,Zanthoxylum gilletii,A,exact_species_overlap,"P1,P2,P3",Zanthoxylum gilletii,exact_species_match,
data/images/micro/Zanthoxylum_gilletii/Tw53169_Tv_2_5x_1.jpg,Zanthoxylum_gilletii/Tw53169_Tv_2_5x_1.jpg,micro_congo,micro,transversal_semi_thin_section,Zanthoxylum gilletii,Zanthoxylum,,Tw53169,micro_congo:Zanthoxylum_gilletii/Tw53169_Tv_2_5x_1,,Zanthoxylum gilletii,Zanthoxylum gilletii,A,exact_species_overlap,"P1,P2,P3",Zanthoxylum gilletii,exact_species_match,
data/images/micro/Zanthoxylum_gilletii/Tw53169_Tv_2_5x_2.jpg,Zanthoxylum_gilletii/Tw53169_Tv_2_5x_2.jpg,micro_congo,micro,transversal_semi_thin_section,Zanthoxylum gilletii,Zanthoxylum,,Tw53169,micro_congo:Zanthoxylum_gilletii/Tw53169_Tv_2_5x_2,,Zanthoxylum gilletii,Zanthoxylum gilletii,A,exact_species_overlap,"P1,P2,P3",Zanthoxylum gilletii,exact_species_match,
data/images/micro/Zanthoxylum_gilletii/Tw53169_Tv_2_5x_3.jpg,Zanthoxylum_gilletii/Tw53169_Tv_2_5x_3.jpg,micro_congo,micro,transversal_semi_thin_section,Zanthoxylum gilletii,Zanthoxylum,,Tw53169,micro_congo:Zanthoxylum_gilletii/Tw53169_Tv_2_5x_3,,Zanthoxylum gilletii,Zanthoxylum gilletii,A,exact_species_overlap,"P1,P2,P3",Zanthoxylum gilletii,exact_species_match,
data/images/micro/Zanthoxylum_gilletii/Tw6980_Tv_2_5x_1.jpg,Zanthoxylum_gilletii/Tw6980_Tv_2_5x_1.jpg,micro_congo,micro,transversal_semi_thin_section,Zanthoxylum gilletii,Zanthoxylum,,Tw6980,micro_congo:Zanthoxylum_gilletii/Tw6980_Tv_2_5x_1,,Zanthoxylum gilletii,Zanthoxylum gilletii,A,exact_species_overlap,"P1,P2,P3",Zanthoxylum gilletii,exact_species_match,
data/images/micro/Zanthoxylum_gilletii/Tw6980_Tv_2_5x_2.jpg,Zanthoxylum_gilletii/Tw6980_Tv_2_5x_2.jpg,micro_congo,micro,transversal_semi_thin_section,Zanthoxylum gilletii,Zanthoxylum,,Tw6980,micro_congo:Zanthoxylum_gilletii/Tw6980_Tv_2_5x_2,,Zanthoxylum gilletii,Zanthoxylum gilletii,A,exact_species_overlap,"P1,P2,P3",Zanthoxylum gilletii,exact_species_match,
data/images/micro/Afzelia_bipindensis/Tw45117_Tv_2_5x_1.jpg,Afzelia_bipindensis/Tw45117_Tv_2_5x_1.jpg,micro_congo,micro,transversal_semi_thin_section,Afzelia bipindensis,Afzelia,,Tw45117,micro_congo:Afzelia_bipindensis/Tw45117_Tv_2_5x_1,,Afzelia bipindensis,Afzelia bipindensis,B,genus_overlap_only,"P2,P3",,genus_match_only,Afzelia africana|Afzelia quanzensis|Afzelia bella
data/images/micro/Afzelia_bipindensis/Tw45117_Tv_2_5x_2.jpg,Afzelia_bipindensis/Tw45117_Tv_2_5x_2.jpg,micro_congo,micro,transversal_semi_thin_section,Afzelia bipindensis,Afzelia,,Tw45117,micro_congo:Afzelia_bipindensis/Tw45117_Tv_2_5x_2,,Afzelia bipindensis,Afzelia bipindensis,B,genus_overlap_only,"P2,P3",,genus_match_only,Afzelia africana|Afzelia quanzensis|Afzelia bella
data/images/micro/Afzelia_bipindensis/Tw52902_Tv_2_5x_1.jpg,Afzelia_bipindensis/Tw52902_Tv_2_5x_1.jpg,micro_congo,micro,transversal_semi_thin_section,Afzelia bipindensis,Afzelia,,Tw52902,micro_congo:Afzelia_bipindensis/Tw52902_Tv_2_5x_1,,Afzelia bipindensis,Afzelia bipindensis,B,genus_overlap_only,"P2,P3",,genus_match_only,Afzelia africana|Afzelia quanzensis|Afzelia bella
data/images/micro/Afzelia_bipindensis/Tw52902_Tv_2_5x_2.jpg,Afzelia_bipindensis/Tw52902_Tv_2_5x_2.jpg,micro_congo,micro,transversal_semi_thin_section,Afzelia bipindensis,Afzelia,,Tw52902,micro_congo:Afzelia_bipindensis/Tw52902_Tv_2_5x_2,,Afzelia bipindensis,Afzelia bipindensis,B,genus_overlap_only,"P2,P3",,genus_match_only,Afzelia africana|Afzelia quanzensis|Afzelia bella
data/images/micro/Afzelia_bipindensis/Tw52902_Tv_2_5x_3.jpg,Afzelia_bipindensis/Tw52902_Tv_2_5x_3.jpg,micro_congo,micro,transversal_semi_thin_section,Afzelia bipindensis,Afzelia,,Tw52902,micro_congo:Afzelia_bipindensis/Tw52902_Tv_2_5x_3,,Afzelia bipindensis,Afzelia bipindensis,B,genus_overlap_only,"P2,P3",,genus_match_only,Afzelia africana|Afzelia quanzensis|Afzelia bella
data/images/micro/Afzelia_bipindensis/Tw52906_Tv_2_5x_1.jpg,Afzelia_bipindensis/Tw52906_Tv_2_5x_1.jpg,micro_congo,micro,transversal_semi_thin_section,Afzelia bipindensis,Afzelia,,Tw52906,micro_congo:Afzelia_bipindensis/Tw52906_Tv_2_5x_1,,Afzelia bipindensis,Afzelia bipindensis,B,genus_overlap_only,"P2,P3",,genus_match_only,Afzelia africana|Afzelia quanzensis|Afzelia bella
data/images/micro/Afzelia_bipindensis/Tw52906_Tv_2_5x_2.jpg,Afzelia_bipindensis/Tw52906_Tv_2_5x_2.jpg,micro_congo,micro,transversal_semi_thin_section,Afzelia bipindensis,Afzelia,,Tw52906,micro_congo:Afzelia_bipindensis/Tw52906_Tv_2_5x_2,,Afzelia bipindensis,Afzelia bipindensis,B,genus_overlap_only,"P2,P3",,genus_match_only,Afzelia africana|Afzelia quanzensis|Afzelia bella
data/images/micro/Afzelia_bipindensis/Tw52906_Tv_2_5x_3.jpg,Afzelia_bipindensis/Tw52906_Tv_2_5x_3.jpg,micro_congo,micro,transversal_semi_thin_section,Afzelia bipindensis,Afzelia,,Tw52906,micro_congo:Afzelia_bipindensis/Tw52906_Tv_2_5x_3,,Afzelia bipindensis,Afzelia bipindensis,B,genus_overlap_only,"P2,P3",,genus_match_only,Afzelia africana|Afzelia quanzensis|Afzelia bella
data/images/micro/Afzelia_bipindensis/Tw52907_Tv_2_5x_1.jpg,Afzelia_bipindensis/Tw52907_Tv_2_5x_1.jpg,micro_congo,micro,transversal_semi_thin_section,Afzelia bipindensis,Afzelia,,Tw52907,micro_congo:Afzelia_bipindensis/Tw52907_Tv_2_5x_1,,Afzelia bipindensis,Afzelia bipindensis,B,genus_overlap_only,"P2,P3",,genus_match_only,Afzelia africana|Afzelia quanzensis|Afzelia bella
data/images/micro/Afzelia_bipindensis/Tw52907_Tv_2_5x_2.jpg,Afzelia_bipindensis/Tw52907_Tv_2_5x_2.jpg,micro_congo,micro,transversal_semi_thin_section,Afzelia bipindensis,Afzelia,,Tw52907,micro_congo:Afzelia_bipindensis/Tw52907_Tv_2_5x_2,,Afzelia bipindensis,Afzelia bipindensis,B,genus_overlap_only,"P2,P3",,genus_match_only,Afzelia africana|Afzelia quanzensis|Afzelia bella
data/images/micro/Afzelia_bipindensis/Tw52907_Tv_2_5x_3.jpg,Afzelia_bipindensis/Tw52907_Tv_2_5x_3.jpg,micro_congo,micro,transversal_semi_thin_section,Afzelia bipindensis,Afzelia,,Tw52907,micro_congo:Afzelia_bipindensis/Tw52907_Tv_2_5x_3,,Afzelia bipindensis,Afzelia bipindensis,B,genus_overlap_only,"P2,P3",,genus_match_only,Afzelia africana|Afzelia quanzensis|Afzelia bella
data/images/micro/Afzelia_cuanzensis/Tw26885_Tv_2_5x_1.jpg,Afzelia_cuanzensis/Tw26885_Tv_2_5x_1.jpg,micro_congo,micro,transversal_semi_thin_section,Afzelia cuanzensis,Afzelia,,Tw26885,micro_congo:Afzelia_cuanzensis/Tw26885_Tv_2_5x_1,,Afzelia cuanzensis,Afzelia cuanzensis,B,genus_overlap_only,"P2,P3",,genus_match_only,Afzelia africana|Afzelia quanzensis|Afzelia bella
data/images/micro/Afzelia_cuanzensis/Tw26885_Tv_2_5x_2.jpg,Afzelia_cuanzensis/Tw26885_Tv_2_5x_2.jpg,micro_congo,micro,transversal_semi_thin_section,Afzelia cuanzensis,Afzelia,,Tw26885,micro_congo:Afzelia_cuanzensis/Tw26885_Tv_2_5x_2,,Afzelia cuanzensis,Afzelia cuanzensis,B,genus_overlap_only,"P2,P3",,genus_match_only,Afzelia africana|Afzelia quanzensis|Afzelia bella
data/images/micro/Afzelia_cuanzensis/Tw26885_Tv_2_5x_3.jpg,Afzelia_cuanzensis/Tw26885_Tv_2_5x_3.jpg,micro_congo,micro,transversal_semi_thin_section,Afzelia cuanzensis,Afzelia,,Tw26885,micro_congo:Afzelia_cuanzensis/Tw26885_Tv_2_5x_3,,Afzelia cuanzensis,Afzelia cuanzensis,B,genus_overlap_only,"P2,P3",,genus_match_only,Afzelia africana|Afzelia quanzensis|Afzelia bella
data/images/micro/Afzelia_cuanzensis/Tw52896_Tv_2_5x_1.jpg,Afzelia_cuanzensis/Tw52896_Tv_2_5x_1.jpg,micro_congo,micro,transversal_semi_thin_section,Afzelia cuanzensis,Afzelia,,Tw52896,micro_congo:Afzelia_cuanzensis/Tw52896_Tv_2_5x_1,,Afzelia cuanzensis,Afzelia cuanzensis,B,genus_overlap_only,"P2,P3",,genus_match_only,Afzelia africana|Afzelia quanzensis|Afzelia bella
data/images/micro/Afzelia_cuanzensis/Tw52896_Tv_2_5x_2.jpg,Afzelia_cuanzensis/Tw52896_Tv_2_5x_2.jpg,micro_congo,micro,transversal_semi_thin_section,Afzelia cuanzensis,Afzelia,,Tw52896,micro_congo:Afzelia_cuanzensis/Tw52896_Tv_2_5x_2,,Afzelia cuanzensis,Afzelia cuanzensis,B,genus_overlap_only,"P2,P3",,genus_match_only,Afzelia africana|Afzelia quanzensis|Afzelia bella
data/images/micro/Afzelia_cuanzensis/Tw52896_Tv_2_5x_3.jpg,Afzelia_cuanzensis/Tw52896_Tv_2_5x_3.jpg,micro_congo,micro,transversal_semi_thin_section,Afzelia cuanzensis,Afzelia,,Tw52896,micro_congo:Afzelia_cuanzensis/Tw52896_Tv_2_5x_3,,Afzelia cuanzensis,Afzelia cuanzensis,B,genus_overlap_only,"P2,P3",,genus_match_only,Afzelia africana|Afzelia quanzensis|Afzelia bella
data/images/micro/Afzelia_cuanzensis/Tw52905_Tv_2_5x_1.jpg,Afzelia_cuanzensis/Tw52905_Tv_2_5x_1.jpg,micro_congo,micro,transversal_semi_thin_section,Afzelia cuanzensis,Afzelia,,Tw52905,micro_congo:Afzelia_cuanzensis/Tw52905_Tv_2_5x_1,,Afzelia cuanzensis,Afzelia cuanzensis,B,genus_overlap_only,"P2,P3",,genus_match_only,Afzelia africana|Afzelia quanzensis|Afzelia bella
data/images/micro/Afzelia_cuanzensis/Tw52905_Tv_2_5x_2.jpg,Afzelia_cuanzensis/Tw52905_Tv_2_5x_2.jpg,micro_congo,micro,transversal_semi_thin_section,Afzelia cuanzensis,Afzelia,,Tw52905,micro_congo:Afzelia_cuanzensis/Tw52905_Tv_2_5x_2,,Afzelia cuanzensis,Afzelia cuanzensis,B,genus_overlap_only,"P2,P3",,genus_match_only,Afzelia africana|Afzelia quanzensis|Afzelia bella
data/images/micro/Afzelia_cuanzensis/Tw52905_Tv_2_5x_3.jpg,Afzelia_cuanzensis/Tw52905_Tv_2_5x_3.jpg,micro_congo,micro,transversal_semi_thin_section,Afzelia cuanzensis,Afzelia,,Tw52905,micro_congo:Afzelia_cuanzensis/Tw52905_Tv_2_5x_3,,Afzelia cuanzensis,Afzelia cuanzensis,B,genus_overlap_only,"P2,P3",,genus_match_only,Afzelia africana|Afzelia quanzensis|Afzelia bella
data/images/micro/Albizia_antunesiana/Tw24213_Tv_2_5x_1.jpg,Albizia_antunesiana/Tw24213_Tv_2_5x_1.jpg,micro_congo,micro,transversal_semi_thin_section,Albizia antunesiana,Albizia,,Tw24213,micro_congo:Albizia_antunesiana/Tw24213_Tv_2_5x_1,,Albizia antunesiana,Albizia antunesiana,B,genus_overlap_only,"P2,P3",,genus_match_only,Albizia chinensis|Albizia glaberrima|Albizia adianthifolia
data/images/micro/Albizia_antunesiana/Tw24213_Tv_2_5x_2.jpg,Albizia_antunesiana/Tw24213_Tv_2_5x_2.jpg,micro_congo,micro,transversal_semi_thin_section,Albizia antunesiana,Albizia,,Tw24213,micro_congo:Albizia_antunesiana/Tw24213_Tv_2_5x_2,,Albizia antunesiana,Albizia antunesiana,B,genus_overlap_only,"P2,P3",,genus_match_only,Albizia chinensis|Albizia glaberrima|Albizia adianthifolia
data/images/micro/Albizia_antunesiana/Tw24213_Tv_2_5x_3.jpg,Albizia_antunesiana/Tw24213_Tv_2_5x_3.jpg,micro_congo,micro,transversal_semi_thin_section,Albizia antunesiana,Albizia,,Tw24213,micro_congo:Albizia_antunesiana/Tw24213_Tv_2_5x_3,,Albizia antunesiana,Albizia antunesiana,B,genus_overlap_only,"P2,P3",,genus_match_only,Albizia chinensis|Albizia glaberrima|Albizia adianthifolia
data/images/micro/Albizia_antunesiana/Tw24213_Tv_2_5x_4.jpg,Albizia_antunesiana/Tw24213_Tv_2_5x_4.jpg,micro_congo,micro,transversal_semi_thin_section,Albizia antunesiana,Albizia,,Tw24213,micro_congo:Albizia_antunesiana/Tw24213_Tv_2_5x_4,,Albizia antunesiana,Albizia antunesiana,B,genus_overlap_only,"P2,P3",,genus_match_only,Albizia chinensis|Albizia glaberrima|Albizia adianthifolia
data/images/micro/Albizia_antunesiana/Tw28848_Tv_2_5x_1.jpg,Albizia_antunesiana/Tw28848_Tv_2_5x_1.jpg,micro_congo,micro,transversal_semi_thin_section,Albizia antunesiana,Albizia,,Tw28848,micro_congo:Albizia_antunesiana/Tw28848_Tv_2_5x_1,,Albizia antunesiana,Albizia antunesiana,B,genus_overlap_only,"P2,P3",,genus_match_only,Albizia chinensis|Albizia glaberrima|Albizia adianthifolia
data/images/micro/Albizia_antunesiana/Tw28848_Tv_2_5x_2.jpg,Albizia_antunesiana/Tw28848_Tv_2_5x_2.jpg,micro_congo,micro,transversal_semi_thin_section,Albizia antunesiana,Albizia,,Tw28848,micro_congo:Albizia_antunesiana/Tw28848_Tv_2_5x_2,,Albizia antunesiana,Albizia antunesiana,B,genus_overlap_only,"P2,P3",,genus_match_only,Albizia chinensis|Albizia glaberrima|Albizia adianthifolia
data/images/micro/Albizia_antunesiana/Tw28848_Tv_2_5x_3.jpg,Albizia_antunesiana/Tw28848_Tv_2_5x_3.jpg,micro_congo,micro,transversal_semi_thin_section,Albizia antunesiana,Albizia,,Tw28848,micro_congo:Albizia_antunesiana/Tw28848_Tv_2_5x_3,,Albizia antunesiana,Albizia antunesiana,B,genus_overlap_only,"P2,P3",,genus_match_only,Albizia chinensis|Albizia glaberrima|Albizia adianthifolia
data/images/micro/Albizia_antunesiana/Tw28848_Tv_2_5x_4.jpg,Albizia_antunesiana/Tw28848_Tv_2_5x_4.jpg,micro_congo,micro,transversal_semi_thin_section,Albizia antunesiana,Albizia,,Tw28848,micro_congo:Albizia_antunesiana/Tw28848_Tv_2_5x_4,,Albizia antunesiana,Albizia antunesiana,B,genus_overlap_only,"P2,P3",,genus_match_only,Albizia chinensis|Albizia glaberrima|Albizia adianthifolia
data/images/micro/Albizia_antunesiana/Tw29622_Tv_2_5x_1.jpg,Albizia_antunesiana/Tw29622_Tv_2_5x_1.jpg,micro_congo,micro,transversal_semi_thin_section,Albizia antunesiana,Albizia,,Tw29622,micro_congo:Albizia_antunesiana/Tw29622_Tv_2_5x_1,,Albizia antunesiana,Albizia antunesiana,B,genus_overlap_only,"P2,P3",,genus_match_only,Albizia chinensis|Albizia glaberrima|Albizia adianthifolia
data/images/micro/Albizia_antunesiana/Tw29622_Tv_2_5x_2.jpg,Albizia_antunesiana/Tw29622_Tv_2_5x_2.jpg,micro_congo,micro,transversal_semi_thin_section,Albizia antunesiana,Albizia,,Tw29622,micro_congo:Albizia_antunesiana/Tw29622_Tv_2_5x_2,,Albizia antunesiana,Albizia antunesiana,B,genus_overlap_only,"P2,P3",,genus_match_only,Albizia chinensis|Albizia glaberrima|Albizia adianthifolia
data/images/micro/Albizia_antunesiana/Tw3585_Tv_2_5x_1.jpg,Albizia_antunesiana/Tw3585_Tv_2_5x_1.jpg,micro_congo,micro,transversal_semi_thin_section,Albizia antunesiana,Albizia,,Tw3585,micro_congo:Albizia_antunesiana/Tw3585_Tv_2_5x_1,,Albizia antunesiana,Albizia antunesiana,B,genus_overlap_only,"P2,P3",,genus_match_only,Albizia chinensis|Albizia glaberrima|Albizia adianthifolia
data/images/micro/Albizia_antunesiana/Tw3585_Tv_2_5x_2.jpg,Albizia_antunesiana/Tw3585_Tv_2_5x_2.jpg,micro_congo,micro,transversal_semi_thin_section,Albizia antunesiana,Albizia,,Tw3585,micro_congo:Albizia_antunesiana/Tw3585_Tv_2_5x_2,,Albizia antunesiana,Albizia antunesiana,B,genus_overlap_only,"P2,P3",,genus_match_only,Albizia chinensis|Albizia glaberrima|Albizia adianthifolia
data/images/micro/Albizia_antunesiana/Tw3585_Tv_2_5x_3.jpg,Albizia_antunesiana/Tw3585_Tv_2_5x_3.jpg,micro_congo,micro,transversal_semi_thin_section,Albizia antunesiana,Albizia,,Tw3585,micro_congo:Albizia_antunesiana/Tw3585_Tv_2_5x_3,,Albizia antunesiana,Albizia antunesiana,B,genus_overlap_only,"P2,P3",,genus_match_only,Albizia chinensis|Albizia glaberrima|Albizia adianthifolia
data/images/micro/Albizia_antunesiana/Tw3585_Tv_2_5x_4.jpg,Albizia_antunesiana/Tw3585_Tv_2_5x_4.jpg,micro_congo,micro,transversal_semi_thin_section,Albizia antunesiana,Albizia,,Tw3585,micro_congo:Albizia_antunesiana/Tw3585_Tv_2_5x_4,,Albizia antunesiana,Albizia antunesiana,B,genus_overlap_only,"P2,P3",,genus_match_only,Albizia chinensis|Albizia glaberrima|Albizia adianthifolia
data/images/micro/Albizia_antunesiana/Tw39084_Tv_2_5x_3.jpg,Albizia_antunesiana/Tw39084_Tv_2_5x_3.jpg,micro_congo,micro,transversal_semi_thin_section,Albizia antunesiana,Albizia,,Tw39084,micro_congo:Albizia_antunesiana/Tw39084_Tv_2_5x_3,,Albizia antunesiana,Albizia antunesiana,B,genus_overlap_only,"P2,P3",,genus_match_only,Albizia chinensis|Albizia glaberrima|Albizia adianthifolia
data/images/micro/Albizia_antunesiana/Tw39084_Tv_2_5x_4.jpg,Albizia_antunesiana/Tw39084_Tv_2_5x_4.jpg,micro_congo,micro,transversal_semi_thin_section,Albizia antunesiana,Albizia,,Tw39084,micro_congo:Albizia_antunesiana/Tw39084_Tv_2_5x_4,,Albizia antunesiana,Albizia antunesiana,B,genus_overlap_only,"P2,P3",,genus_match_only,Albizia chinensis|Albizia glaberrima|Albizia adianthifolia
data/images/micro/Amphimas_ferrugineus/Tw1289_a_ferrugineus_tr2_2_5x.jpg,Amphimas_ferrugineus/Tw1289_a_ferrugineus_tr2_2_5x.jpg,micro_congo,micro,transversal_semi_thin_section,Amphimas ferrugineus,Amphimas,,Tw1289,micro_congo:Amphimas_ferrugineus/Tw1289_a_ferrugineus_tr2_2_5x,,Amphimas ferrugineus,Amphimas ferrugineus,B,genus_overlap_only,"P2,P3",,genus_match_only,Amphimas pterocarpoides
data/images/micro/Amphimas_ferrugineus/Tw1289_a_ferrugineus_tr3_2_5x.jpg,Amphimas_ferrugineus/Tw1289_a_ferrugineus_tr3_2_5x.jpg,micro_congo,micro,transversal_semi_thin_section,Amphimas ferrugineus,Amphimas,,Tw1289,micro_congo:Amphimas_ferrugineus/Tw1289_a_ferrugineus_tr3_2_5x,,Amphimas ferrugineus,Amphimas ferrugineus,B,genus_overlap_only,"P2,P3",,genus_match_only,Amphimas pterocarpoides
data/images/micro/Amphimas_ferrugineus/Tw1289_a_ferrugineus_tr_2_5x.jpg,Amphimas_ferrugineus/Tw1289_a_ferrugineus_tr_2_5x.jpg,micro_congo,micro,transversal_semi_thin_section,Amphimas ferrugineus,Amphimas,,Tw1289,micro_congo:Amphimas_ferrugineus/Tw1289_a_ferrugineus_tr_2_5x,,Amphimas ferrugineus,Amphimas ferrugineus,B,genus_overlap_only,"P2,P3",,genus_match_only,Amphimas pterocarpoides
data/images/micro/Amphimas_ferrugineus/Tw1632_a_ferrugineus_tr2_2_5x.jpg,Amphimas_ferrugineus/Tw1632_a_ferrugineus_tr2_2_5x.jpg,micro_congo,micro,transversal_semi_thin_section,Amphimas ferrugineus,Amphimas,,Tw1632,micro_congo:Amphimas_ferrugineus/Tw1632_a_ferrugineus_tr2_2_5x,,Amphimas ferrugineus,Amphimas ferrugineus,B,genus_overlap_only,"P2,P3",,genus_match_only,Amphimas pterocarpoides
data/images/micro/Amphimas_ferrugineus/Tw1632_a_ferrugineus_tr3_2_5x.jpg,Amphimas_ferrugineus/Tw1632_a_ferrugineus_tr3_2_5x.jpg,micro_congo,micro,transversal_semi_thin_section,Amphimas ferrugineus,Amphimas,,Tw1632,micro_congo:Amphimas_ferrugineus/Tw1632_a_ferrugineus_tr3_2_5x,,Amphimas ferrugineus,Amphimas ferrugineus,B,genus_overlap_only,"P2,P3",,genus_match_only,Amphimas pterocarpoides
data/images/micro/Amphimas_ferrugineus/Tw1632_a_ferrugineus_tr_2_5x.jpg,Amphimas_ferrugineus/Tw1632_a_ferrugineus_tr_2_5x.jpg,micro_congo,micro,transversal_semi_thin_section,Amphimas ferrugineus,Amphimas,,Tw1632,micro_congo:Amphimas_ferrugineus/Tw1632_a_ferrugineus_tr_2_5x,,Amphimas ferrugineus,Amphimas ferrugineus,B,genus_overlap_only,"P2,P3",,genus_match_only,Amphimas pterocarpoides
data/images/micro/Amphimas_ferrugineus/Tw2036_a_ferrugineus_tr2_2_5x.jpg,Amphimas_ferrugineus/Tw2036_a_ferrugineus_tr2_2_5x.jpg,micro_congo,micro,transversal_semi_thin_section,Amphimas ferrugineus,Amphimas,,Tw2036,micro_congo:Amphimas_ferrugineus/Tw2036_a_ferrugineus_tr2_2_5x,,Amphimas ferrugineus,Amphimas ferrugineus,B,genus_overlap_only,"P2,P3",,genus_match_only,Amphimas pterocarpoides
data/images/micro/Amphimas_ferrugineus/Tw2036_a_ferrugineus_tr3_2_5x.jpg,Amphimas_ferrugineus/Tw2036_a_ferrugineus_tr3_2_5x.jpg,micro_congo,micro,transversal_semi_thin_section,Amphimas ferrugineus,Amphimas,,Tw2036,micro_congo:Amphimas_ferrugineus/Tw2036_a_ferrugineus_tr3_2_5x,,Amphimas ferrugineus,Amphimas ferrugineus,B,genus_overlap_only,"P2,P3",,genus_match_only,Amphimas pterocarpoides
data/images/micro/Amphimas_ferrugineus/Tw2036_a_ferrugineus_tr_2_5x.jpg,Amphimas_ferrugineus/Tw2036_a_ferrugineus_tr_2_5x.jpg,micro_congo,micro,transversal_semi_thin_section,Amphimas ferrugineus,Amphimas,,Tw2036,micro_congo:Amphimas_ferrugineus/Tw2036_a_ferrugineus_tr_2_5x,,Amphimas ferrugineus,Amphimas ferrugineus,B,genus_overlap_only,"P2,P3",,genus_match_only,Amphimas pterocarpoides
data/images/micro/Anthonotha_macrophylla/Tw22986_Tv_2_5x_1.jpg,Anthonotha_macrophylla/Tw22986_Tv_2_5x_1.jpg,micro_congo,micro,transversal_semi_thin_section,Anthonotha macrophylla,Anthonotha,,Tw22986,micro_congo:Anthonotha_macrophylla/Tw22986_Tv_2_5x_1,,Anthonotha macrophylla,Anthonotha macrophylla,B,genus_overlap_only,"P2,P3",,genus_match_only,Anthonotha fragrans
data/images/micro/Anthonotha_macrophylla/Tw22986_Tv_2_5x_2.jpg,Anthonotha_macrophylla/Tw22986_Tv_2_5x_2.jpg,micro_congo,micro,transversal_semi_thin_section,Anthonotha macrophylla,Anthonotha,,Tw22986,micro_congo:Anthonotha_macrophylla/Tw22986_Tv_2_5x_2,,Anthonotha macrophylla,Anthonotha macrophylla,B,genus_overlap_only,"P2,P3",,genus_match_only,Anthonotha fragrans
data/images/micro/Anthonotha_macrophylla/Tw22986_Tv_2_5x_3.jpg,Anthonotha_macrophylla/Tw22986_Tv_2_5x_3.jpg,micro_congo,micro,transversal_semi_thin_section,Anthonotha macrophylla,Anthonotha,,Tw22986,micro_congo:Anthonotha_macrophylla/Tw22986_Tv_2_5x_3,,Anthonotha macrophylla,Anthonotha macrophylla,B,genus_overlap_only,"P2,P3",,genus_match_only,Anthonotha fragrans
data/images/micro/Anthonotha_macrophylla/Tw26622_Tv_2_5x_1.jpg,Anthonotha_macrophylla/Tw26622_Tv_2_5x_1.jpg,micro_congo,micro,transversal_semi_thin_section,Anthonotha macrophylla,Anthonotha,,Tw26622,micro_congo:Anthonotha_macrophylla/Tw26622_Tv_2_5x_1,,Anthonotha macrophylla,Anthonotha macrophylla,B,genus_overlap_only,"P2,P3",,genus_match_only,Anthonotha fragrans
data/images/micro/Anthonotha_macrophylla/Tw26622_Tv_2_5x_2.jpg,Anthonotha_macrophylla/Tw26622_Tv_2_5x_2.jpg,micro_congo,micro,transversal_semi_thin_section,Anthonotha macrophylla,Anthonotha,,Tw26622,micro_congo:Anthonotha_macrophylla/Tw26622_Tv_2_5x_2,,Anthonotha macrophylla,Anthonotha macrophylla,B,genus_overlap_only,"P2,P3",,genus_match_only,Anthonotha fragrans
data/images/micro/Anthonotha_macrophylla/Tw26622_Tv_2_5x_3.jpg,Anthonotha_macrophylla/Tw26622_Tv_2_5x_3.jpg,micro_congo,micro,transversal_semi_thin_section,Anthonotha macrophylla,Anthonotha,,Tw26622,micro_congo:Anthonotha_macrophylla/Tw26622_Tv_2_5x_3,,Anthonotha macrophylla,Anthonotha macrophylla,B,genus_overlap_only,"P2,P3",,genus_match_only,Anthonotha fragrans
data/images/micro/Anthonotha_macrophylla/Tw83_Tv_2_5x_1.jpg,Anthonotha_macrophylla/Tw83_Tv_2_5x_1.jpg,micro_congo,micro,transversal_semi_thin_section,Anthonotha macrophylla,Anthonotha,,Tw83,micro_congo:Anthonotha_macrophylla/Tw83_Tv_2_5x_1,,Anthonotha macrophylla,Anthonotha macrophylla,B,genus_overlap_only,"P2,P3",,genus_match_only,Anthonotha fragrans
data/images/micro/Anthonotha_macrophylla/Tw83_Tv_2_5x_2.jpg,Anthonotha_macrophylla/Tw83_Tv_2_5x_2.jpg,micro_congo,micro,transversal_semi_thin_section,Anthonotha macrophylla,Anthonotha,,Tw83,micro_congo:Anthonotha_macrophylla/Tw83_Tv_2_5x_2,,Anthonotha macrophylla,Anthonotha macrophylla,B,genus_overlap_only,"P2,P3",,genus_match_only,Anthonotha fragrans
data/images/micro/Anthonotha_macrophylla/Tw83_Tv_2_5x_3.jpg,Anthonotha_macrophylla/Tw83_Tv_2_5x_3.jpg,micro_congo,micro,transversal_semi_thin_section,Anthonotha macrophylla,Anthonotha,,Tw83,micro_congo:Anthonotha_macrophylla/Tw83_Tv_2_5x_3,,Anthonotha macrophylla,Anthonotha macrophylla,B,genus_overlap_only,"P2,P3",,genus_match_only,Anthonotha fragrans
data/images/micro/Antrocaryon_nannanii/Tw1406_Tv_2_5x_1.jpg,Antrocaryon_nannanii/Tw1406_Tv_2_5x_1.jpg,micro_congo,micro,transversal_semi_thin_section,Antrocaryon nannanii,Antrocaryon,,Tw1406,micro_congo:Antrocaryon_nannanii/Tw1406_Tv_2_5x_1,,Antrocaryon nannanii,Antrocaryon nannanii,B,genus_overlap_only,"P2,P3",,genus_match_only,Antrocaryon micraster
data/images/micro/Antrocaryon_nannanii/Tw1406_Tv_2_5x_2.jpg,Antrocaryon_nannanii/Tw1406_Tv_2_5x_2.jpg,micro_congo,micro,transversal_semi_thin_section,Antrocaryon nannanii,Antrocaryon,,Tw1406,micro_congo:Antrocaryon_nannanii/Tw1406_Tv_2_5x_2,,Antrocaryon nannanii,Antrocaryon nannanii,B,genus_overlap_only,"P2,P3",,genus_match_only,Antrocaryon micraster
data/images/micro/Antrocaryon_nannanii/Tw1406_Tv_2_5x_3.jpg,Antrocaryon_nannanii/Tw1406_Tv_2_5x_3.jpg,micro_congo,micro,transversal_semi_thin_section,Antrocaryon nannanii,Antrocaryon,,Tw1406,micro_congo:Antrocaryon_nannanii/Tw1406_Tv_2_5x_3,,Antrocaryon nannanii,Antrocaryon nannanii,B,genus_overlap_only,"P2,P3",,genus_match_only,Antrocaryon micraster
data/images/micro/Antrocaryon_nannanii/Tw1406_a_nannanii_Tr2_2_5x.jpg,Antrocaryon_nannanii/Tw1406_a_nannanii_Tr2_2_5x.jpg,micro_congo,micro,transversal_semi_thin_section,Antrocaryon nannanii,Antrocaryon,,Tw1406,micro_congo:Antrocaryon_nannanii/Tw1406_a_nannanii_Tr2_2_5x,,Antrocaryon nannanii,Antrocaryon nannanii,B,genus_overlap_only,"P2,P3",,genus_match_only,Antrocaryon micraster
data/images/micro/Antrocaryon_nannanii/Tw1406_a_nannanii_Tr3_2_5x.jpg,Antrocaryon_nannanii/Tw1406_a_nannanii_Tr3_2_5x.jpg,micro_congo,micro,transversal_semi_thin_section,Antrocaryon nannanii,Antrocaryon,,Tw1406,micro_congo:Antrocaryon_nannanii/Tw1406_a_nannanii_Tr3_2_5x,,Antrocaryon nannanii,Antrocaryon nannanii,B,genus_overlap_only,"P2,P3",,genus_match_only,Antrocaryon micraster
data/images/micro/Antrocaryon_nannanii/Tw1406_a_nannanii_Tr_2_5x.jpg,Antrocaryon_nannanii/Tw1406_a_nannanii_Tr_2_5x.jpg,micro_congo,micro,transversal_semi_thin_section,Antrocaryon nannanii,Antrocaryon,,Tw1406,micro_congo:Antrocaryon_nannanii/Tw1406_a_nannanii_Tr_2_5x,,Antrocaryon nannanii,Antrocaryon nannanii,B,genus_overlap_only,"P2,P3",,genus_match_only,Antrocaryon micraster
data/images/micro/Antrocaryon_nannanii/Tw232_Tv_2_5x_1.jpg,Antrocaryon_nannanii/Tw232_Tv_2_5x_1.jpg,micro_congo,micro,transversal_semi_thin_section,Antrocaryon nannanii,Antrocaryon,,Tw232,micro_congo:Antrocaryon_nannanii/Tw232_Tv_2_5x_1,,Antrocaryon nannanii,Antrocaryon nannanii,B,genus_overlap_only,"P2,P3",,genus_match_only,Antrocaryon micraster
data/images/micro/Antrocaryon_nannanii/Tw232_Tv_2_5x_2.jpg,Antrocaryon_nannanii/Tw232_Tv_2_5x_2.jpg,micro_congo,micro,transversal_semi_thin_section,Antrocaryon nannanii,Antrocaryon,,Tw232,micro_congo:Antrocaryon_nannanii/Tw232_Tv_2_5x_2,,Antrocaryon nannanii,Antrocaryon nannanii,B,genus_overlap_only,"P2,P3",,genus_match_only,Antrocaryon micraster
data/images/micro/Antrocaryon_nannanii/Tw232_Tv_2_5x_3.jpg,Antrocaryon_nannanii/Tw232_Tv_2_5x_3.jpg,micro_congo,micro,transversal_semi_thin_section,Antrocaryon nannanii,Antrocaryon,,Tw232,micro_congo:Antrocaryon_nannanii/Tw232_Tv_2_5x_3,,Antrocaryon nannanii,Antrocaryon nannanii,B,genus_overlap_only,"P2,P3",,genus_match_only,Antrocaryon micraster
data/images/micro/Antrocaryon_nannanii/Tw232_a_nannanii_Tr2_2_5x.jpg,Antrocaryon_nannanii/Tw232_a_nannanii_Tr2_2_5x.jpg,micro_congo,micro,transversal_semi_thin_section,Antrocaryon nannanii,Antrocaryon,,Tw232,micro_congo:Antrocaryon_nannanii/Tw232_a_nannanii_Tr2_2_5x,,Antrocaryon nannanii,Antrocaryon nannanii,B,genus_overlap_only,"P2,P3",,genus_match_only,Antrocaryon micraster
data/images/micro/Antrocaryon_nannanii/Tw232_a_nannanii_Tr3_2_5x.jpg,Antrocaryon_nannanii/Tw232_a_nannanii_Tr3_2_5x.jpg,micro_congo,micro,transversal_semi_thin_section,Antrocaryon nannanii,Antrocaryon,,Tw232,micro_congo:Antrocaryon_nannanii/Tw232_a_nannanii_Tr3_2_5x,,Antrocaryon nannanii,Antrocaryon nannanii,B,genus_overlap_only,"P2,P3",,genus_match_only,Antrocaryon micraster
data/images/micro/Antrocaryon_nannanii/Tw232_a_nannanii_Tr_2_5x.jpg,Antrocaryon_nannanii/Tw232_a_nannanii_Tr_2_5x.jpg,micro_congo,micro,transversal_semi_thin_section,Antrocaryon nannanii,Antrocaryon,,Tw232,micro_congo:Antrocaryon_nannanii/Tw232_a_nannanii_Tr_2_5x,,Antrocaryon nannanii,Antrocaryon nannanii,B,genus_overlap_only,"P2,P3",,genus_match_only,Antrocaryon micraster
data/images/micro/Antrocaryon_nannanii/Tw53005_A_nannanii_Tr2_2_5x.jpg,Antrocaryon_nannanii/Tw53005_A_nannanii_Tr2_2_5x.jpg,micro_congo,micro,transversal_semi_thin_section,Antrocaryon nannanii,Antrocaryon,,Tw53005,micro_congo:Antrocaryon_nannanii/Tw53005_A_nannanii_Tr2_2_5x,,Antrocaryon nannanii,Antrocaryon nannanii,B,genus_overlap_only,"P2,P3",,genus_match_only,Antrocaryon micraster
data/images/micro/Antrocaryon_nannanii/Tw53005_A_nannanii_Tr3_2_5x.jpg,Antrocaryon_nannanii/Tw53005_A_nannanii_Tr3_2_5x.jpg,micro_congo,micro,transversal_semi_thin_section,Antrocaryon nannanii,Antrocaryon,,Tw53005,micro_congo:Antrocaryon_nannanii/Tw53005_A_nannanii_Tr3_2_5x,,Antrocaryon nannanii,Antrocaryon nannanii,B,genus_overlap_only,"P2,P3",,genus_match_only,Antrocaryon micraster
data/images/micro/Antrocaryon_nannanii/Tw53005_A_nannanii_Tr_2_5x.jpg,Antrocaryon_nannanii/Tw53005_A_nannanii_Tr_2_5x.jpg,micro_congo,micro,transversal_semi_thin_section,Antrocaryon nannanii,Antrocaryon,,Tw53005,micro_congo:Antrocaryon_nannanii/Tw53005_A_nannanii_Tr_2_5x,,Antrocaryon nannanii,Antrocaryon nannanii,B,genus_overlap_only,"P2,P3",,genus_match_only,Antrocaryon micraster
data/images/micro/Antrocaryon_nannanii/Tw7226_Tv_2_5x_1.jpg,Antrocaryon_nannanii/Tw7226_Tv_2_5x_1.jpg,micro_congo,micro,transversal_semi_thin_section,Antrocaryon nannanii,Antrocaryon,,Tw7226,micro_congo:Antrocaryon_nannanii/Tw7226_Tv_2_5x_1,,Antrocaryon nannanii,Antrocaryon nannanii,B,genus_overlap_only,"P2,P3",,genus_match_only,Antrocaryon micraster
data/images/micro/Antrocaryon_nannanii/Tw7226_Tv_2_5x_2.jpg,Antrocaryon_nannanii/Tw7226_Tv_2_5x_2.jpg,micro_congo,micro,transversal_semi_thin_section,Antrocaryon nannanii,Antrocaryon,,Tw7226,micro_congo:Antrocaryon_nannanii/Tw7226_Tv_2_5x_2,,Antrocaryon nannanii,Antrocaryon nannanii,B,genus_overlap_only,"P2,P3",,genus_match_only,Antrocaryon micraster
data/images/micro/Antrocaryon_nannanii/Tw7226_Tv_2_5x_3.jpg,Antrocaryon_nannanii/Tw7226_Tv_2_5x_3.jpg,micro_congo,micro,transversal_semi_thin_section,Antrocaryon nannanii,Antrocaryon,,Tw7226,micro_congo:Antrocaryon_nannanii/Tw7226_Tv_2_5x_3,,Antrocaryon nannanii,Antrocaryon nannanii,B,genus_overlap_only,"P2,P3",,genus_match_only,Antrocaryon micraster
data/images/micro/Antrocaryon_nannanii/Tw7312_A_nannanii_Tr2_2_5x.jpg,Antrocaryon_nannanii/Tw7312_A_nannanii_Tr2_2_5x.jpg,micro_congo,micro,transversal_semi_thin_section,Antrocaryon nannanii,Antrocaryon,,Tw7312,micro_congo:Antrocaryon_nannanii/Tw7312_A_nannanii_Tr2_2_5x,,Antrocaryon nannanii,Antrocaryon nannanii,B,genus_overlap_only,"P2,P3",,genus_match_only,Antrocaryon micraster
data/images/micro/Antrocaryon_nannanii/Tw7312_A_nannanii_Tr3_2_5x.jpg,Antrocaryon_nannanii/Tw7312_A_nannanii_Tr3_2_5x.jpg,micro_congo,micro,transversal_semi_thin_section,Antrocaryon nannanii,Antrocaryon,,Tw7312,micro_congo:Antrocaryon_nannanii/Tw7312_A_nannanii_Tr3_2_5x,,Antrocaryon nannanii,Antrocaryon nannanii,B,genus_overlap_only,"P2,P3",,genus_match_only,Antrocaryon micraster
data/images/micro/Antrocaryon_nannanii/Tw7312_A_nannanii_Tr_2_5x.jpg,Antrocaryon_nannanii/Tw7312_A_nannanii_Tr_2_5x.jpg,micro_congo,micro,transversal_semi_thin_section,Antrocaryon nannanii,Antrocaryon,,Tw7312,micro_congo:Antrocaryon_nannanii/Tw7312_A_nannanii_Tr_2_5x,,Antrocaryon nannanii,Antrocaryon nannanii,B,genus_overlap_only,"P2,P3",,genus_match_only,Antrocaryon micraster
data/images/micro/Antrocaryon_nannanii/Tw7312_Tv_2_5x_1.jpg,Antrocaryon_nannanii/Tw7312_Tv_2_5x_1.jpg,micro_congo,micro,transversal_semi_thin_section,Antrocaryon nannanii,Antrocaryon,,Tw7312,micro_congo:Antrocaryon_nannanii/Tw7312_Tv_2_5x_1,,Antrocaryon nannanii,Antrocaryon nannanii,B,genus_overlap_only,"P2,P3",,genus_match_only,Antrocaryon micraster
data/images/micro/Antrocaryon_nannanii/Tw7312_Tv_2_5x_2.jpg,Antrocaryon_nannanii/Tw7312_Tv_2_5x_2.jpg,micro_congo,micro,transversal_semi_thin_section,Antrocaryon nannanii,Antrocaryon,,Tw7312,micro_congo:Antrocaryon_nannanii/Tw7312_Tv_2_5x_2,,Antrocaryon nannanii,Antrocaryon nannanii,B,genus_overlap_only,"P2,P3",,genus_match_only,Antrocaryon micraster
data/images/micro/Antrocaryon_nannanii/Tw7312_Tv_2_5x_3.jpg,Antrocaryon_nannanii/Tw7312_Tv_2_5x_3.jpg,micro_congo,micro,transversal_semi_thin_section,Antrocaryon nannanii,Antrocaryon,,Tw7312,micro_congo:Antrocaryon_nannanii/Tw7312_Tv_2_5x_3,,Antrocaryon nannanii,Antrocaryon nannanii,B,genus_overlap_only,"P2,P3",,genus_match_only,Antrocaryon micraster
data/images/micro/Antrocaryon_nannanii/Tw7567_A_nannanii_Tr2_2_5x.jpg,Antrocaryon_nannanii/Tw7567_A_nannanii_Tr2_2_5x.jpg,micro_congo,micro,transversal_semi_thin_section,Antrocaryon nannanii,Antrocaryon,,Tw7567,micro_congo:Antrocaryon_nannanii/Tw7567_A_nannanii_Tr2_2_5x,,Antrocaryon nannanii,Antrocaryon nannanii,B,genus_overlap_only,"P2,P3",,genus_match_only,Antrocaryon micraster
data/images/micro/Antrocaryon_nannanii/Tw7567_A_nannanii_Tr3_2_5x.jpg,Antrocaryon_nannanii/Tw7567_A_nannanii_Tr3_2_5x.jpg,micro_congo,micro,transversal_semi_thin_section,Antrocaryon nannanii,Antrocaryon,,Tw7567,micro_congo:Antrocaryon_nannanii/Tw7567_A_nannanii_Tr3_2_5x,,Antrocaryon nannanii,Antrocaryon nannanii,B,genus_overlap_only,"P2,P3",,genus_match_only,Antrocaryon micraster
data/images/micro/Antrocaryon_nannanii/Tw7567_A_nannanii_Tr_2_5x.jpg,Antrocaryon_nannanii/Tw7567_A_nannanii_Tr_2_5x.jpg,micro_congo,micro,transversal_semi_thin_section,Antrocaryon nannanii,Antrocaryon,,Tw7567,micro_congo:Antrocaryon_nannanii/Tw7567_A_nannanii_Tr_2_5x,,Antrocaryon nannanii,Antrocaryon nannanii,B,genus_overlap_only,"P2,P3",,genus_match_only,Antrocaryon micraster
data/images/micro/Celtis_gomphophylla/Tw1287_c_gomphophylla_Tr2_2_5x.jpg,Celtis_gomphophylla/Tw1287_c_gomphophylla_Tr2_2_5x.jpg,micro_congo,micro,transversal_semi_thin_section,Celtis gomphophylla,Celtis,,Tw1287,micro_congo:Celtis_gomphophylla/Tw1287_c_gomphophylla_Tr2_2_5x,,Celtis gomphophylla,Celtis gomphophylla,B,genus_overlap_only,"P2,P3",,genus_match_only,Celtis adolfi-friderici|Celtis mildbraedii
data/images/micro/Celtis_gomphophylla/Tw1287_c_gomphophylla_Tr3_2_5x.jpg,Celtis_gomphophylla/Tw1287_c_gomphophylla_Tr3_2_5x.jpg,micro_congo,micro,transversal_semi_thin_section,Celtis gomphophylla,Celtis,,Tw1287,micro_congo:Celtis_gomphophylla/Tw1287_c_gomphophylla_Tr3_2_5x,,Celtis gomphophylla,Celtis gomphophylla,B,genus_overlap_only,"P2,P3",,genus_match_only,Celtis adolfi-friderici|Celtis mildbraedii
data/images/micro/Celtis_gomphophylla/Tw1287_c_gomphophylla_Tr_2_5x.jpg,Celtis_gomphophylla/Tw1287_c_gomphophylla_Tr_2_5x.jpg,micro_congo,micro,transversal_semi_thin_section,Celtis gomphophylla,Celtis,,Tw1287,micro_congo:Celtis_gomphophylla/Tw1287_c_gomphophylla_Tr_2_5x,,Celtis gomphophylla,Celtis gomphophylla,B,genus_overlap_only,"P2,P3",,genus_match_only,Celtis adolfi-friderici|Celtis mildbraedii
data/images/micro/Celtis_gomphophylla/Tw169_c_gomphophylla_Tr3_2_5x.jpg,Celtis_gomphophylla/Tw169_c_gomphophylla_Tr3_2_5x.jpg,micro_congo,micro,transversal_semi_thin_section,Celtis gomphophylla,Celtis,,Tw169,micro_congo:Celtis_gomphophylla/Tw169_c_gomphophylla_Tr3_2_5x,,Celtis gomphophylla,Celtis gomphophylla,B,genus_overlap_only,"P2,P3",,genus_match_only,Celtis adolfi-friderici|Celtis mildbraedii
data/images/micro/Celtis_gomphophylla/Tw169_c_gomphophylla_Tr_2_5x.jpg,Celtis_gomphophylla/Tw169_c_gomphophylla_Tr_2_5x.jpg,micro_congo,micro,transversal_semi_thin_section,Celtis gomphophylla,Celtis,,Tw169,micro_congo:Celtis_gomphophylla/Tw169_c_gomphophylla_Tr_2_5x,,Celtis gomphophylla,Celtis gomphophylla,B,genus_overlap_only,"P2,P3",,genus_match_only,Celtis adolfi-friderici|Celtis mildbraedii
data/images/micro/Celtis_gomphophylla/Tw169_c_gomphophyllai_Tr2_2_5x.jpg,Celtis_gomphophylla/Tw169_c_gomphophyllai_Tr2_2_5x.jpg,micro_congo,micro,transversal_semi_thin_section,Celtis gomphophylla,Celtis,,Tw169,micro_congo:Celtis_gomphophylla/Tw169_c_gomphophyllai_Tr2_2_5x,,Celtis gomphophylla,Celtis gomphophylla,B,genus_overlap_only,"P2,P3",,genus_match_only,Celtis adolfi-friderici|Celtis mildbraedii
data/images/micro/Celtis_gomphophylla/Tw29299_c_gomphophylla_Tr2_2_5x.jpg,Celtis_gomphophylla/Tw29299_c_gomphophylla_Tr2_2_5x.jpg,micro_congo,micro,transversal_semi_thin_section,Celtis gomphophylla,Celtis,,Tw29299,micro_congo:Celtis_gomphophylla/Tw29299_c_gomphophylla_Tr2_2_5x,,Celtis gomphophylla,Celtis gomphophylla,B,genus_overlap_only,"P2,P3",,genus_match_only,Celtis adolfi-friderici|Celtis mildbraedii
data/images/micro/Celtis_gomphophylla/Tw29299_c_gomphophylla_Tr3_2_5x.jpg,Celtis_gomphophylla/Tw29299_c_gomphophylla_Tr3_2_5x.jpg,micro_congo,micro,transversal_semi_thin_section,Celtis gomphophylla,Celtis,,Tw29299,micro_congo:Celtis_gomphophylla/Tw29299_c_gomphophylla_Tr3_2_5x,,Celtis gomphophylla,Celtis gomphophylla,B,genus_overlap_only,"P2,P3",,genus_match_only,Celtis adolfi-friderici|Celtis mildbraedii
data/images/micro/Celtis_gomphophylla/Tw29299_c_gomphophylla_Tr4_2_5x.jpg,Celtis_gomphophylla/Tw29299_c_gomphophylla_Tr4_2_5x.jpg,micro_congo,micro,transversal_semi_thin_section,Celtis gomphophylla,Celtis,,Tw29299,micro_congo:Celtis_gomphophylla/Tw29299_c_gomphophylla_Tr4_2_5x,,Celtis gomphophylla,Celtis gomphophylla,B,genus_overlap_only,"P2,P3",,genus_match_only,Celtis adolfi-friderici|Celtis mildbraedii
data/images/micro/Celtis_gomphophylla/Tw29299_c_gomphophylla_Tr_2_5x.jpg,Celtis_gomphophylla/Tw29299_c_gomphophylla_Tr_2_5x.jpg,micro_congo,micro,transversal_semi_thin_section,Celtis gomphophylla,Celtis,,Tw29299,micro_congo:Celtis_gomphophylla/Tw29299_c_gomphophylla_Tr_2_5x,,Celtis gomphophylla,Celtis gomphophylla,B,genus_overlap_only,"P2,P3",,genus_match_only,Celtis adolfi-friderici|Celtis mildbraedii
data/images/micro/Celtis_gomphophylla/Tw5202_c_gomphophylla_Tr2_2_5x.jpg,Celtis_gomphophylla/Tw5202_c_gomphophylla_Tr2_2_5x.jpg,micro_congo,micro,transversal_semi_thin_section,Celtis gomphophylla,Celtis,,Tw5202,micro_congo:Celtis_gomphophylla/Tw5202_c_gomphophylla_Tr2_2_5x,,Celtis gomphophylla,Celtis gomphophylla,B,genus_overlap_only,"P2,P3",,genus_match_only,Celtis adolfi-friderici|Celtis mildbraedii
data/images/micro/Celtis_gomphophylla/Tw5202_c_gomphophylla_Tr3_2_5x.jpg,Celtis_gomphophylla/Tw5202_c_gomphophylla_Tr3_2_5x.jpg,micro_congo,micro,transversal_semi_thin_section,Celtis gomphophylla,Celtis,,Tw5202,micro_congo:Celtis_gomphophylla/Tw5202_c_gomphophylla_Tr3_2_5x,,Celtis gomphophylla,Celtis gomphophylla,B,genus_overlap_only,"P2,P3",,genus_match_only,Celtis adolfi-friderici|Celtis mildbraedii
data/images/micro/Celtis_gomphophylla/Tw5202_c_gomphophylla_Tr_2_5x.jpg,Celtis_gomphophylla/Tw5202_c_gomphophylla_Tr_2_5x.jpg,micro_congo,micro,transversal_semi_thin_section,Celtis gomphophylla,Celtis,,Tw5202,micro_congo:Celtis_gomphophylla/Tw5202_c_gomphophylla_Tr_2_5x,,Celtis gomphophylla,Celtis gomphophylla,B,genus_overlap_only,"P2,P3",,genus_match_only,Celtis adolfi-friderici|Celtis mildbraedii
data/images/micro/Celtis_gomphophylla/Tw5291_c_gomphophylla_Tr2_2_5x.jpg,Celtis_gomphophylla/Tw5291_c_gomphophylla_Tr2_2_5x.jpg,micro_congo,micro,transversal_semi_thin_section,Celtis gomphophylla,Celtis,,Tw5291,micro_congo:Celtis_gomphophylla/Tw5291_c_gomphophylla_Tr2_2_5x,,Celtis gomphophylla,Celtis gomphophylla,B,genus_overlap_only,"P2,P3",,genus_match_only,Celtis adolfi-friderici|Celtis mildbraedii
data/images/micro/Celtis_gomphophylla/Tw5291_c_gomphophylla_Tr3_2_5x.jpg,Celtis_gomphophylla/Tw5291_c_gomphophylla_Tr3_2_5x.jpg,micro_congo,micro,transversal_semi_thin_section,Celtis gomphophylla,Celtis,,Tw5291,micro_congo:Celtis_gomphophylla/Tw5291_c_gomphophylla_Tr3_2_5x,,Celtis gomphophylla,Celtis gomphophylla,B,genus_overlap_only,"P2,P3",,genus_match_only,Celtis adolfi-friderici|Celtis mildbraedii
data/images/micro/Celtis_gomphophylla/Tw5291_c_gomphophylla_Tr_2_5x.jpg,Celtis_gomphophylla/Tw5291_c_gomphophylla_Tr_2_5x.jpg,micro_congo,micro,transversal_semi_thin_section,Celtis gomphophylla,Celtis,,Tw5291,micro_congo:Celtis_gomphophylla/Tw5291_c_gomphophylla_Tr_2_5x,,Celtis gomphophylla,Celtis gomphophylla,B,genus_overlap_only,"P2,P3",,genus_match_only,Celtis adolfi-friderici|Celtis mildbraedii
data/images/micro/Chrysophyllum_africanum/Tw1571_C_africanum_R_boundarie_2_5x.jpg,Chrysophyllum_africanum/Tw1571_C_africanum_R_boundarie_2_5x.jpg,micro_congo,micro,transversal_semi_thin_section,Chrysophyllum africanum,Chrysophyllum,,Tw1571,micro_congo:Chrysophyllum_africanum/Tw1571_C_africanum_R_boundarie_2_5x,,Chrysophyllum africanum,Chrysophyllum africanum,B,genus_overlap_only,"P2,P3",,genus_match_only,Chrysophyllum perpulchrum
data/images/micro/Chrysophyllum_africanum/Tw1571_C_africanum_Tr_2_5x.jpg,Chrysophyllum_africanum/Tw1571_C_africanum_Tr_2_5x.jpg,micro_congo,micro,transversal_semi_thin_section,Chrysophyllum africanum,Chrysophyllum,,Tw1571,micro_congo:Chrysophyllum_africanum/Tw1571_C_africanum_Tr_2_5x,,Chrysophyllum africanum,Chrysophyllum africanum,B,genus_overlap_only,"P2,P3",,genus_match_only,Chrysophyllum perpulchrum
data/images/micro/Chrysophyllum_africanum/Tw61335_C_africanum_Tr_boundarie_2_5x.jpg,Chrysophyllum_africanum/Tw61335_C_africanum_Tr_boundarie_2_5x.jpg,micro_congo,micro,transversal_semi_thin_section,Chrysophyllum africanum,Chrysophyllum,,Tw61335,micro_congo:Chrysophyllum_africanum/Tw61335_C_africanum_Tr_boundarie_2_5x,,Chrysophyllum africanum,Chrysophyllum africanum,B,genus_overlap_only,"P2,P3",,genus_match_only,Chrysophyllum perpulchrum
data/images/micro/Chrysophyllum_africanum/Tw61335_Tv_2_5x.jpg,Chrysophyllum_africanum/Tw61335_Tv_2_5x.jpg,micro_congo,micro,transversal_semi_thin_section,Chrysophyllum africanum,Chrysophyllum,,Tw61335,micro_congo:Chrysophyllum_africanum/Tw61335_Tv_2_5x,,Chrysophyllum africanum,Chrysophyllum africanum,B,genus_overlap_only,"P2,P3",,genus_match_only,Chrysophyllum perpulchrum
data/images/micro/Chrysophyllum_africanum/Tw61383_Tv_2_5x.jpg,Chrysophyllum_africanum/Tw61383_Tv_2_5x.jpg,micro_congo,micro,transversal_semi_thin_section,Chrysophyllum africanum,Chrysophyllum,,Tw61383,micro_congo:Chrysophyllum_africanum/Tw61383_Tv_2_5x,,Chrysophyllum africanum,Chrysophyllum africanum,B,genus_overlap_only,"P2,P3",,genus_match_only,Chrysophyllum perpulchrum
data/images/micro/Chrysophyllum_africanum/Tw61432_C_africanum_Tr_boundarie_2_5x.jpg,Chrysophyllum_africanum/Tw61432_C_africanum_Tr_boundarie_2_5x.jpg,micro_congo,micro,transversal_semi_thin_section,Chrysophyllum africanum,Chrysophyllum,,Tw61432,micro_congo:Chrysophyllum_africanum/Tw61432_C_africanum_Tr_boundarie_2_5x,,Chrysophyllum africanum,Chrysophyllum africanum,B,genus_overlap_only,"P2,P3",,genus_match_only,Chrysophyllum perpulchrum
data/images/micro/Chrysophyllum_africanum/Tw61432_Tv_2_5x.jpg,Chrysophyllum_africanum/Tw61432_Tv_2_5x.jpg,micro_congo,micro,transversal_semi_thin_section,Chrysophyllum africanum,Chrysophyllum,,Tw61432,micro_congo:Chrysophyllum_africanum/Tw61432_Tv_2_5x,,Chrysophyllum africanum,Chrysophyllum africanum,B,genus_overlap_only,"P2,P3",,genus_match_only,Chrysophyllum perpulchrum
data/images/micro/Chrysophyllum_lacourtianum/Tw13_C__lacourtianum_Tr2_2_5x.jpg,Chrysophyllum_lacourtianum/Tw13_C__lacourtianum_Tr2_2_5x.jpg,micro_congo,micro,transversal_semi_thin_section,Chrysophyllum lacourtianum,Chrysophyllum,,Tw13,micro_congo:Chrysophyllum_lacourtianum/Tw13_C__lacourtianum_Tr2_2_5x,,Chrysophyllum lacourtianum,Chrysophyllum lacourtianum,B,genus_overlap_only,"P2,P3",,genus_match_only,Chrysophyllum perpulchrum
data/images/micro/Chrysophyllum_lacourtianum/Tw13_C__lacourtianum_Tr3_2_5x.jpg,Chrysophyllum_lacourtianum/Tw13_C__lacourtianum_Tr3_2_5x.jpg,micro_congo,micro,transversal_semi_thin_section,Chrysophyllum lacourtianum,Chrysophyllum,,Tw13,micro_congo:Chrysophyllum_lacourtianum/Tw13_C__lacourtianum_Tr3_2_5x,,Chrysophyllum lacourtianum,Chrysophyllum lacourtianum,B,genus_overlap_only,"P2,P3",,genus_match_only,Chrysophyllum perpulchrum
data/images/micro/Chrysophyllum_lacourtianum/Tw13_C__lacourtianum_Tr_2_5x.jpg,Chrysophyllum_lacourtianum/Tw13_C__lacourtianum_Tr_2_5x.jpg,micro_congo,micro,transversal_semi_thin_section,Chrysophyllum lacourtianum,Chrysophyllum,,Tw13,micro_congo:Chrysophyllum_lacourtianum/Tw13_C__lacourtianum_Tr_2_5x,,Chrysophyllum lacourtianum,Chrysophyllum lacourtianum,B,genus_overlap_only,"P2,P3",,genus_match_only,Chrysophyllum perpulchrum
data/images/micro/Chrysophyllum_lacourtianum/Tw1674_C__lacourtianum_Tr2_2_5x.jpg,Chrysophyllum_lacourtianum/Tw1674_C__lacourtianum_Tr2_2_5x.jpg,micro_congo,micro,transversal_semi_thin_section,Chrysophyllum lacourtianum,Chrysophyllum,,Tw1674,micro_congo:Chrysophyllum_lacourtianum/Tw1674_C__lacourtianum_Tr2_2_5x,,Chrysophyllum lacourtianum,Chrysophyllum lacourtianum,B,genus_overlap_only,"P2,P3",,genus_match_only,Chrysophyllum perpulchrum
data/images/micro/Chrysophyllum_lacourtianum/Tw1674_C__lacourtianum_Tr3_2_5x.jpg,Chrysophyllum_lacourtianum/Tw1674_C__lacourtianum_Tr3_2_5x.jpg,micro_congo,micro,transversal_semi_thin_section,Chrysophyllum lacourtianum,Chrysophyllum,,Tw1674,micro_congo:Chrysophyllum_lacourtianum/Tw1674_C__lacourtianum_Tr3_2_5x,,Chrysophyllum lacourtianum,Chrysophyllum lacourtianum,B,genus_overlap_only,"P2,P3",,genus_match_only,Chrysophyllum perpulchrum
data/images/micro/Chrysophyllum_lacourtianum/Tw1674_C__lacourtianum_Tr_2_5x.jpg,Chrysophyllum_lacourtianum/Tw1674_C__lacourtianum_Tr_2_5x.jpg,micro_congo,micro,transversal_semi_thin_section,Chrysophyllum lacourtianum,Chrysophyllum,,Tw1674,micro_congo:Chrysophyllum_lacourtianum/Tw1674_C__lacourtianum_Tr_2_5x,,Chrysophyllum lacourtianum,Chrysophyllum lacourtianum,B,genus_overlap_only,"P2,P3",,genus_match_only,Chrysophyllum perpulchrum
data/images/micro/Chrysophyllum_lacourtianum/Tw53058_C__lacourtianum_Tr2_2_5x.jpg,Chrysophyllum_lacourtianum/Tw53058_C__lacourtianum_Tr2_2_5x.jpg,micro_congo,micro,transversal_semi_thin_section,Chrysophyllum lacourtianum,Chrysophyllum,,Tw53058,micro_congo:Chrysophyllum_lacourtianum/Tw53058_C__lacourtianum_Tr2_2_5x,,Chrysophyllum lacourtianum,Chrysophyllum lacourtianum,B,genus_overlap_only,"P2,P3",,genus_match_only,Chrysophyllum perpulchrum
data/images/micro/Chrysophyllum_lacourtianum/Tw53058_C__lacourtianum_Tr3_2_5x.jpg,Chrysophyllum_lacourtianum/Tw53058_C__lacourtianum_Tr3_2_5x.jpg,micro_congo,micro,transversal_semi_thin_section,Chrysophyllum lacourtianum,Chrysophyllum,,Tw53058,micro_congo:Chrysophyllum_lacourtianum/Tw53058_C__lacourtianum_Tr3_2_5x,,Chrysophyllum lacourtianum,Chrysophyllum lacourtianum,B,genus_overlap_only,"P2,P3",,genus_match_only,Chrysophyllum perpulchrum
data/images/micro/Chrysophyllum_lacourtianum/Tw53058_C__lacourtianum_Tr_2_5x.jpg,Chrysophyllum_lacourtianum/Tw53058_C__lacourtianum_Tr_2_5x.jpg,micro_congo,micro,transversal_semi_thin_section,Chrysophyllum lacourtianum,Chrysophyllum,,Tw53058,micro_congo:Chrysophyllum_lacourtianum/Tw53058_C__lacourtianum_Tr_2_5x,,Chrysophyllum lacourtianum,Chrysophyllum lacourtianum,B,genus_overlap_only,"P2,P3",,genus_match_only,Chrysophyllum perpulchrum
data/images/micro/Diospyros_crassiflora/Tw14483_Tv_2_5x_3.jpg,Diospyros_crassiflora/Tw14483_Tv_2_5x_3.jpg,micro_congo,micro,transversal_semi_thin_section,Diospyros crassiflora,Diospyros,,Tw14483,micro_congo:Diospyros_crassiflora/Tw14483_Tv_2_5x_3,,Diospyros crassiflora,Diospyros crassiflora,B,genus_overlap_only,"P2,P3",,genus_match_only,Diospyros salletii
data/images/micro/Diospyros_crassiflora/Tw14483_Tv_2_5x_4.jpg,Diospyros_crassiflora/Tw14483_Tv_2_5x_4.jpg,micro_congo,micro,transversal_semi_thin_section,Diospyros crassiflora,Diospyros,,Tw14483,micro_congo:Diospyros_crassiflora/Tw14483_Tv_2_5x_4,,Diospyros crassiflora,Diospyros crassiflora,B,genus_overlap_only,"P2,P3",,genus_match_only,Diospyros salletii
data/images/micro/Diospyros_crassiflora/Tw2088_Tv_2_5x_2.jpg,Diospyros_crassiflora/Tw2088_Tv_2_5x_2.jpg,micro_congo,micro,transversal_semi_thin_section,Diospyros crassiflora,Diospyros,,Tw2088,micro_congo:Diospyros_crassiflora/Tw2088_Tv_2_5x_2,,Diospyros crassiflora,Diospyros crassiflora,B,genus_overlap_only,"P2,P3",,genus_match_only,Diospyros salletii
data/images/micro/Diospyros_crassiflora/Tw523_Tv_2_5x_1.jpg,Diospyros_crassiflora/Tw523_Tv_2_5x_1.jpg,micro_congo,micro,transversal_semi_thin_section,Diospyros crassiflora,Diospyros,,Tw523,micro_congo:Diospyros_crassiflora/Tw523_Tv_2_5x_1,,Diospyros crassiflora,Diospyros crassiflora,B,genus_overlap_only,"P2,P3",,genus_match_only,Diospyros salletii
data/images/micro/Diospyros_crassiflora/Tw523_Tv_2_5x_2.jpg,Diospyros_crassiflora/Tw523_Tv_2_5x_2.jpg,micro_congo,micro,transversal_semi_thin_section,Diospyros crassiflora,Diospyros,,Tw523,micro_congo:Diospyros_crassiflora/Tw523_Tv_2_5x_2,,Diospyros crassiflora,Diospyros crassiflora,B,genus_overlap_only,"P2,P3",,genus_match_only,Diospyros salletii
data/images/micro/Diospyros_crassiflora/Tw523_Tv_2_5x_3.jpg,Diospyros_crassiflora/Tw523_Tv_2_5x_3.jpg,micro_congo,micro,transversal_semi_thin_section,Diospyros crassiflora,Diospyros,,Tw523,micro_congo:Diospyros_crassiflora/Tw523_Tv_2_5x_3,,Diospyros crassiflora,Diospyros crassiflora,B,genus_overlap_only,"P2,P3",,genus_match_only,Diospyros salletii
data/images/micro/Diospyros_crassiflora/Tw788_Tv_2_5x_1.jpg,Diospyros_crassiflora/Tw788_Tv_2_5x_1.jpg,micro_congo,micro,transversal_semi_thin_section,Diospyros crassiflora,Diospyros,,Tw788,micro_congo:Diospyros_crassiflora/Tw788_Tv_2_5x_1,,Diospyros crassiflora,Diospyros crassiflora,B,genus_overlap_only,"P2,P3",,genus_match_only,Diospyros salletii
data/images/micro/Diospyros_crassiflora/Tw788_Tv_2_5x_2.jpg,Diospyros_crassiflora/Tw788_Tv_2_5x_2.jpg,micro_congo,micro,transversal_semi_thin_section,Diospyros crassiflora,Diospyros,,Tw788,micro_congo:Diospyros_crassiflora/Tw788_Tv_2_5x_2,,Diospyros crassiflora,Diospyros crassiflora,B,genus_overlap_only,"P2,P3",,genus_match_only,Diospyros salletii
data/images/micro/Diospyros_crassiflora/Tw788_Tv_2_5x_3.jpg,Diospyros_crassiflora/Tw788_Tv_2_5x_3.jpg,micro_congo,micro,transversal_semi_thin_section,Diospyros crassiflora,Diospyros,,Tw788,micro_congo:Diospyros_crassiflora/Tw788_Tv_2_5x_3,,Diospyros crassiflora,Diospyros crassiflora,B,genus_overlap_only,"P2,P3",,genus_match_only,Diospyros salletii
data/images/micro/Diospyros_crassiflora/Tw806_Tv_2_5x_1.jpg,Diospyros_crassiflora/Tw806_Tv_2_5x_1.jpg,micro_congo,micro,transversal_semi_thin_section,Diospyros crassiflora,Diospyros,,Tw806,micro_congo:Diospyros_crassiflora/Tw806_Tv_2_5x_1,,Diospyros crassiflora,Diospyros crassiflora,B,genus_overlap_only,"P2,P3",,genus_match_only,Diospyros salletii
data/images/micro/Diospyros_crassiflora/Tw806_Tv_2_5x_2.jpg,Diospyros_crassiflora/Tw806_Tv_2_5x_2.jpg,micro_congo,micro,transversal_semi_thin_section,Diospyros crassiflora,Diospyros,,Tw806,micro_congo:Diospyros_crassiflora/Tw806_Tv_2_5x_2,,Diospyros crassiflora,Diospyros crassiflora,B,genus_overlap_only,"P2,P3",,genus_match_only,Diospyros salletii
data/images/micro/Diospyros_crassiflora/Tw806_Tv_2_5x_3.jpg,Diospyros_crassiflora/Tw806_Tv_2_5x_3.jpg,micro_congo,micro,transversal_semi_thin_section,Diospyros crassiflora,Diospyros,,Tw806,micro_congo:Diospyros_crassiflora/Tw806_Tv_2_5x_3,,Diospyros crassiflora,Diospyros crassiflora,B,genus_overlap_only,"P2,P3",,genus_match_only,Diospyros salletii
data/images/micro/Entandrophragma_candollei/Tw11070_Tv_2_5x_1.jpg,Entandrophragma_candollei/Tw11070_Tv_2_5x_1.jpg,micro_congo,micro,transversal_semi_thin_section,Entandrophragma candollei,Entandrophragma,,Tw11070,micro_congo:Entandrophragma_candollei/Tw11070_Tv_2_5x_1,,Entandrophragma candollei,Entandrophragma candollei,B,genus_overlap_only,"P2,P3",,genus_match_only,Entandrophragma angolense|Entandrophragma cylindricum|Entandrophragma utile
data/images/micro/Entandrophragma_candollei/Tw11070_Tv_2_5x_2.jpg,Entandrophragma_candollei/Tw11070_Tv_2_5x_2.jpg,micro_congo,micro,transversal_semi_thin_section,Entandrophragma candollei,Entandrophragma,,Tw11070,micro_congo:Entandrophragma_candollei/Tw11070_Tv_2_5x_2,,Entandrophragma candollei,Entandrophragma candollei,B,genus_overlap_only,"P2,P3",,genus_match_only,Entandrophragma angolense|Entandrophragma cylindricum|Entandrophragma utile
data/images/micro/Entandrophragma_candollei/Tw11070_Tv_2_5x_3.jpg,Entandrophragma_candollei/Tw11070_Tv_2_5x_3.jpg,micro_congo,micro,transversal_semi_thin_section,Entandrophragma candollei,Entandrophragma,,Tw11070,micro_congo:Entandrophragma_candollei/Tw11070_Tv_2_5x_3,,Entandrophragma candollei,Entandrophragma candollei,B,genus_overlap_only,"P2,P3",,genus_match_only,Entandrophragma angolense|Entandrophragma cylindricum|Entandrophragma utile
data/images/micro/Entandrophragma_candollei/Tw11442_Tv_2_5x_1.jpg,Entandrophragma_candollei/Tw11442_Tv_2_5x_1.jpg,micro_congo,micro,transversal_semi_thin_section,Entandrophragma candollei,Entandrophragma,,Tw11442,micro_congo:Entandrophragma_candollei/Tw11442_Tv_2_5x_1,,Entandrophragma candollei,Entandrophragma candollei,B,genus_overlap_only,"P2,P3",,genus_match_only,Entandrophragma angolense|Entandrophragma cylindricum|Entandrophragma utile
data/images/micro/Entandrophragma_candollei/Tw11442_Tv_2_5x_2.jpg,Entandrophragma_candollei/Tw11442_Tv_2_5x_2.jpg,micro_congo,micro,transversal_semi_thin_section,Entandrophragma candollei,Entandrophragma,,Tw11442,micro_congo:Entandrophragma_candollei/Tw11442_Tv_2_5x_2,,Entandrophragma candollei,Entandrophragma candollei,B,genus_overlap_only,"P2,P3",,genus_match_only,Entandrophragma angolense|Entandrophragma cylindricum|Entandrophragma utile
data/images/micro/Entandrophragma_candollei/Tw11442_Tv_2_5x_3.jpg,Entandrophragma_candollei/Tw11442_Tv_2_5x_3.jpg,micro_congo,micro,transversal_semi_thin_section,Entandrophragma candollei,Entandrophragma,,Tw11442,micro_congo:Entandrophragma_candollei/Tw11442_Tv_2_5x_3,,Entandrophragma candollei,Entandrophragma candollei,B,genus_overlap_only,"P2,P3",,genus_match_only,Entandrophragma angolense|Entandrophragma cylindricum|Entandrophragma utile
data/images/micro/Entandrophragma_candollei/Tw17988_Tv_2_5x_1.jpg,Entandrophragma_candollei/Tw17988_Tv_2_5x_1.jpg,micro_congo,micro,transversal_semi_thin_section,Entandrophragma candollei,Entandrophragma,,Tw17988,micro_congo:Entandrophragma_candollei/Tw17988_Tv_2_5x_1,,Entandrophragma candollei,Entandrophragma candollei,B,genus_overlap_only,"P2,P3",,genus_match_only,Entandrophragma angolense|Entandrophragma cylindricum|Entandrophragma utile
data/images/micro/Entandrophragma_candollei/Tw17988_Tv_2_5x_2.jpg,Entandrophragma_candollei/Tw17988_Tv_2_5x_2.jpg,micro_congo,micro,transversal_semi_thin_section,Entandrophragma candollei,Entandrophragma,,Tw17988,micro_congo:Entandrophragma_candollei/Tw17988_Tv_2_5x_2,,Entandrophragma candollei,Entandrophragma candollei,B,genus_overlap_only,"P2,P3",,genus_match_only,Entandrophragma angolense|Entandrophragma cylindricum|Entandrophragma utile
data/images/micro/Entandrophragma_candollei/Tw17988_Tv_2_5x_3.jpg,Entandrophragma_candollei/Tw17988_Tv_2_5x_3.jpg,micro_congo,micro,transversal_semi_thin_section,Entandrophragma candollei,Entandrophragma,,Tw17988,micro_congo:Entandrophragma_candollei/Tw17988_Tv_2_5x_3,,Entandrophragma candollei,Entandrophragma candollei,B,genus_overlap_only,"P2,P3",,genus_match_only,Entandrophragma angolense|Entandrophragma cylindricum|Entandrophragma utile
data/images/micro/Entandrophragma_candollei/Tw26455_Tv_2_5x_1.jpg,Entandrophragma_candollei/Tw26455_Tv_2_5x_1.jpg,micro_congo,micro,transversal_semi_thin_section,Entandrophragma candollei,Entandrophragma,,Tw26455,micro_congo:Entandrophragma_candollei/Tw26455_Tv_2_5x_1,,Entandrophragma candollei,Entandrophragma candollei,B,genus_overlap_only,"P2,P3",,genus_match_only,Entandrophragma angolense|Entandrophragma cylindricum|Entandrophragma utile
data/images/micro/Entandrophragma_candollei/Tw26455_Tv_2_5x_2.jpg,Entandrophragma_candollei/Tw26455_Tv_2_5x_2.jpg,micro_congo,micro,transversal_semi_thin_section,Entandrophragma candollei,Entandrophragma,,Tw26455,micro_congo:Entandrophragma_candollei/Tw26455_Tv_2_5x_2,,Entandrophragma candollei,Entandrophragma candollei,B,genus_overlap_only,"P2,P3",,genus_match_only,Entandrophragma angolense|Entandrophragma cylindricum|Entandrophragma utile
data/images/micro/Entandrophragma_candollei/Tw26461_Tv_2_5x_1.jpg,Entandrophragma_candollei/Tw26461_Tv_2_5x_1.jpg,micro_congo,micro,transversal_semi_thin_section,Entandrophragma candollei,Entandrophragma,,Tw26461,micro_congo:Entandrophragma_candollei/Tw26461_Tv_2_5x_1,,Entandrophragma candollei,Entandrophragma candollei,B,genus_overlap_only,"P2,P3",,genus_match_only,Entandrophragma angolense|Entandrophragma cylindricum|Entandrophragma utile
data/images/micro/Entandrophragma_candollei/Tw26461_Tv_2_5x_2.jpg,Entandrophragma_candollei/Tw26461_Tv_2_5x_2.jpg,micro_congo,micro,transversal_semi_thin_section,Entandrophragma candollei,Entandrophragma,,Tw26461,micro_congo:Entandrophragma_candollei/Tw26461_Tv_2_5x_2,,Entandrophragma candollei,Entandrophragma candollei,B,genus_overlap_only,"P2,P3",,genus_match_only,Entandrophragma angolense|Entandrophragma cylindricum|Entandrophragma utile
data/images/micro/Entandrophragma_candollei/Tw54298_Tv_2_5x_1.jpg,Entandrophragma_candollei/Tw54298_Tv_2_5x_1.jpg,micro_congo,micro,transversal_semi_thin_section,Entandrophragma candollei,Entandrophragma,,Tw54298,micro_congo:Entandrophragma_candollei/Tw54298_Tv_2_5x_1,,Entandrophragma candollei,Entandrophragma candollei,B,genus_overlap_only,"P2,P3",,genus_match_only,Entandrophragma angolense|Entandrophragma cylindricum|Entandrophragma utile
data/images/micro/Entandrophragma_candollei/Tw54298_Tv_2_5x_2.jpg,Entandrophragma_candollei/Tw54298_Tv_2_5x_2.jpg,micro_congo,micro,transversal_semi_thin_section,Entandrophragma candollei,Entandrophragma,,Tw54298,micro_congo:Entandrophragma_candollei/Tw54298_Tv_2_5x_2,,Entandrophragma candollei,Entandrophragma candollei,B,genus_overlap_only,"P2,P3",,genus_match_only,Entandrophragma angolense|Entandrophragma cylindricum|Entandrophragma utile
data/images/micro/Erythrophleum_suaveolens/Tw321_E_suaveolens_Tr2_2_5x.jpg,Erythrophleum_suaveolens/Tw321_E_suaveolens_Tr2_2_5x.jpg,micro_congo,micro,transversal_semi_thin_section,Erythrophleum suaveolens,Erythrophleum,,Tw321,micro_congo:Erythrophleum_suaveolens/Tw321_E_suaveolens_Tr2_2_5x,,Erythrophleum suaveolens,Erythrophleum suaveolens,B,genus_overlap_only,"P2,P3",,genus_match_only,Erythrophleum ivorense
data/images/micro/Erythrophleum_suaveolens/Tw321_E_suaveolens_Tr3_2_5x.jpg,Erythrophleum_suaveolens/Tw321_E_suaveolens_Tr3_2_5x.jpg,micro_congo,micro,transversal_semi_thin_section,Erythrophleum suaveolens,Erythrophleum,,Tw321,micro_congo:Erythrophleum_suaveolens/Tw321_E_suaveolens_Tr3_2_5x,,Erythrophleum suaveolens,Erythrophleum suaveolens,B,genus_overlap_only,"P2,P3",,genus_match_only,Erythrophleum ivorense
data/images/micro/Erythrophleum_suaveolens/Tw321_E_suaveolens_Tr_2_5x.jpg,Erythrophleum_suaveolens/Tw321_E_suaveolens_Tr_2_5x.jpg,micro_congo,micro,transversal_semi_thin_section,Erythrophleum suaveolens,Erythrophleum,,Tw321,micro_congo:Erythrophleum_suaveolens/Tw321_E_suaveolens_Tr_2_5x,,Erythrophleum suaveolens,Erythrophleum suaveolens,B,genus_overlap_only,"P2,P3",,genus_match_only,Erythrophleum ivorense
data/images/micro/Erythrophleum_suaveolens/Tw3619_E_suaveolens_Tg_general_2_5x.jpg,Erythrophleum_suaveolens/Tw3619_E_suaveolens_Tg_general_2_5x.jpg,micro_congo,micro,transversal_semi_thin_section,Erythrophleum suaveolens,Erythrophleum,,Tw3619,micro_congo:Erythrophleum_suaveolens/Tw3619_E_suaveolens_Tg_general_2_5x,,Erythrophleum suaveolens,Erythrophleum suaveolens,B,genus_overlap_only,"P2,P3",,genus_match_only,Erythrophleum ivorense
data/images/micro/Erythrophleum_suaveolens/Tw3619_E_suaveolens_Tr_general23_2_5x.jpg,Erythrophleum_suaveolens/Tw3619_E_suaveolens_Tr_general23_2_5x.jpg,micro_congo,micro,transversal_semi_thin_section,Erythrophleum suaveolens,Erythrophleum,,Tw3619,micro_congo:Erythrophleum_suaveolens/Tw3619_E_suaveolens_Tr_general23_2_5x,,Erythrophleum suaveolens,Erythrophleum suaveolens,B,genus_overlap_only,"P2,P3",,genus_match_only,Erythrophleum ivorense
data/images/micro/Erythrophleum_suaveolens/Tw3619_E_suaveolens_Tr_general2_2_5x.jpg,Erythrophleum_suaveolens/Tw3619_E_suaveolens_Tr_general2_2_5x.jpg,micro_congo,micro,transversal_semi_thin_section,Erythrophleum suaveolens,Erythrophleum,,Tw3619,micro_congo:Erythrophleum_suaveolens/Tw3619_E_suaveolens_Tr_general2_2_5x,,Erythrophleum suaveolens,Erythrophleum suaveolens,B,genus_overlap_only,"P2,P3",,genus_match_only,Erythrophleum ivorense
data/images/micro/Erythrophleum_suaveolens/Tw3619_E_suaveolens_Tr_general_2_5x.jpg,Erythrophleum_suaveolens/Tw3619_E_suaveolens_Tr_general_2_5x.jpg,micro_congo,micro,transversal_semi_thin_section,Erythrophleum suaveolens,Erythrophleum,,Tw3619,micro_congo:Erythrophleum_suaveolens/Tw3619_E_suaveolens_Tr_general_2_5x,,Erythrophleum suaveolens,Erythrophleum suaveolens,B,genus_overlap_only,"P2,P3",,genus_match_only,Erythrophleum ivorense
data/images/micro/Erythrophleum_suaveolens/Tw853_E_suaveolens_tr_general_2_5x.jpg,Erythrophleum_suaveolens/Tw853_E_suaveolens_tr_general_2_5x.jpg,micro_congo,micro,transversal_semi_thin_section,Erythrophleum suaveolens,Erythrophleum,,Tw853,micro_congo:Erythrophleum_suaveolens/Tw853_E_suaveolens_tr_general_2_5x,,Erythrophleum suaveolens,Erythrophleum suaveolens,B,genus_overlap_only,"P2,P3",,genus_match_only,Erythrophleum ivorense
data/images/micro/Erythrophleum_suaveolens/Tw864_E_suaveolens_Tr_general2_2_5x.jpg,Erythrophleum_suaveolens/Tw864_E_suaveolens_Tr_general2_2_5x.jpg,micro_congo,micro,transversal_semi_thin_section,Erythrophleum suaveolens,Erythrophleum,,Tw864,micro_congo:Erythrophleum_suaveolens/Tw864_E_suaveolens_Tr_general2_2_5x,,Erythrophleum suaveolens,Erythrophleum suaveolens,B,genus_overlap_only,"P2,P3",,genus_match_only,Erythrophleum ivorense
data/images/micro/Erythrophleum_suaveolens/Tw864_E_suaveolens_Tr_general3_2_5x.jpg,Erythrophleum_suaveolens/Tw864_E_suaveolens_Tr_general3_2_5x.jpg,micro_congo,micro,transversal_semi_thin_section,Erythrophleum suaveolens,Erythrophleum,,Tw864,micro_congo:Erythrophleum_suaveolens/Tw864_E_suaveolens_Tr_general3_2_5x,,Erythrophleum suaveolens,Erythrophleum suaveolens,B,genus_overlap_only,"P2,P3",,genus_match_only,Erythrophleum ivorense
data/images/micro/Erythrophleum_suaveolens/Tw864_E_suaveolens_Tr_general_2_5x.jpg,Erythrophleum_suaveolens/Tw864_E_suaveolens_Tr_general_2_5x.jpg,micro_congo,micro,transversal_semi_thin_section,Erythrophleum suaveolens,Erythrophleum,,Tw864,micro_congo:Erythrophleum_suaveolens/Tw864_E_suaveolens_Tr_general_2_5x,,Erythrophleum suaveolens,Erythrophleum suaveolens,B,genus_overlap_only,"P2,P3",,genus_match_only,Erythrophleum ivorense
data/images/micro/Erythrophleum_suaveolens/Tw931_E_suaveolens_TR_general2_2_5x.jpg,Erythrophleum_suaveolens/Tw931_E_suaveolens_TR_general2_2_5x.jpg,micro_congo,micro,transversal_semi_thin_section,Erythrophleum suaveolens,Erythrophleum,,Tw931,micro_congo:Erythrophleum_suaveolens/Tw931_E_suaveolens_TR_general2_2_5x,,Erythrophleum suaveolens,Erythrophleum suaveolens,B,genus_overlap_only,"P2,P3",,genus_match_only,Erythrophleum ivorense
data/images/micro/Erythrophleum_suaveolens/Tw931_E_suaveolens_TR_general_2_5.jpg,Erythrophleum_suaveolens/Tw931_E_suaveolens_TR_general_2_5.jpg,micro_congo,micro,transversal_semi_thin_section,Erythrophleum suaveolens,Erythrophleum,,Tw931,micro_congo:Erythrophleum_suaveolens/Tw931_E_suaveolens_TR_general_2_5,,Erythrophleum suaveolens,Erythrophleum suaveolens,B,genus_overlap_only,"P2,P3",,genus_match_only,Erythrophleum ivorense
data/images/micro/Erythrophleum_suaveolens/Tw931_E_suaveolens_TR_general_2_5x.jpg,Erythrophleum_suaveolens/Tw931_E_suaveolens_TR_general_2_5x.jpg,micro_congo,micro,transversal_semi_thin_section,Erythrophleum suaveolens,Erythrophleum,,Tw931,micro_congo:Erythrophleum_suaveolens/Tw931_E_suaveolens_TR_general_2_5x,,Erythrophleum suaveolens,Erythrophleum suaveolens,B,genus_overlap_only,"P2,P3",,genus_match_only,Erythrophleum ivorense
data/images/micro/Guibourtia_demeusei/Guibourtia_demeusei010.jpg,Guibourtia_demeusei/Guibourtia_demeusei010.jpg,micro_congo,micro,transversal_semi_thin_section,Guibourtia demeusei,Guibourtia,,Guibourtia_demeusei010,micro_congo:Guibourtia_demeusei/Guibourtia_demeusei010,,Guibourtia demeusei,Guibourtia demeusei,B,genus_overlap_only,"P2,P3",,genus_match_only,Guibourtia arnoldiana|Guibourtia coleosperma
data/images/micro/Guibourtia_demeusei/Guibourtia_demeusei09.jpg,Guibourtia_demeusei/Guibourtia_demeusei09.jpg,micro_congo,micro,transversal_semi_thin_section,Guibourtia demeusei,Guibourtia,,Guibourtia_demeusei09,micro_congo:Guibourtia_demeusei/Guibourtia_demeusei09,,Guibourtia demeusei,Guibourtia demeusei,B,genus_overlap_only,"P2,P3",,genus_match_only,Guibourtia arnoldiana|Guibourtia coleosperma
data/images/micro/Guibourtia_demeusei/Guibourtia_demeusei11.jpg,Guibourtia_demeusei/Guibourtia_demeusei11.jpg,micro_congo,micro,transversal_semi_thin_section,Guibourtia demeusei,Guibourtia,,Guibourtia_demeusei11,micro_congo:Guibourtia_demeusei/Guibourtia_demeusei11,,Guibourtia demeusei,Guibourtia demeusei,B,genus_overlap_only,"P2,P3",,genus_match_only,Guibourtia arnoldiana|Guibourtia coleosperma
data/images/micro/Guibourtia_demeusei/Guibourtia_demeusei12.jpg,Guibourtia_demeusei/Guibourtia_demeusei12.jpg,micro_congo,micro,transversal_semi_thin_section,Guibourtia demeusei,Guibourtia,,Guibourtia_demeusei12,micro_congo:Guibourtia_demeusei/Guibourtia_demeusei12,,Guibourtia demeusei,Guibourtia demeusei,B,genus_overlap_only,"P2,P3",,genus_match_only,Guibourtia arnoldiana|Guibourtia coleosperma
data/images/micro/Guibourtia_demeusei/Guibourtia_demeusei13.jpg,Guibourtia_demeusei/Guibourtia_demeusei13.jpg,micro_congo,micro,transversal_semi_thin_section,Guibourtia demeusei,Guibourtia,,Guibourtia_demeusei13,micro_congo:Guibourtia_demeusei/Guibourtia_demeusei13,,Guibourtia demeusei,Guibourtia demeusei,B,genus_overlap_only,"P2,P3",,genus_match_only,Guibourtia arnoldiana|Guibourtia coleosperma
data/images/micro/Guibourtia_demeusei/Tw17698_Tv_2_5x_1.jpg,Guibourtia_demeusei/Tw17698_Tv_2_5x_1.jpg,micro_congo,micro,transversal_semi_thin_section,Guibourtia demeusei,Guibourtia,,Tw17698,micro_congo:Guibourtia_demeusei/Tw17698_Tv_2_5x_1,,Guibourtia demeusei,Guibourtia demeusei,B,genus_overlap_only,"P2,P3",,genus_match_only,Guibourtia arnoldiana|Guibourtia coleosperma
data/images/micro/Guibourtia_demeusei/Tw17698_Tv_2_5x_2.jpg,Guibourtia_demeusei/Tw17698_Tv_2_5x_2.jpg,micro_congo,micro,transversal_semi_thin_section,Guibourtia demeusei,Guibourtia,,Tw17698,micro_congo:Guibourtia_demeusei/Tw17698_Tv_2_5x_2,,Guibourtia demeusei,Guibourtia demeusei,B,genus_overlap_only,"P2,P3",,genus_match_only,Guibourtia arnoldiana|Guibourtia coleosperma
data/images/micro/Guibourtia_demeusei/Tw17698_Tv_2_5x_3.jpg,Guibourtia_demeusei/Tw17698_Tv_2_5x_3.jpg,micro_congo,micro,transversal_semi_thin_section,Guibourtia demeusei,Guibourtia,,Tw17698,micro_congo:Guibourtia_demeusei/Tw17698_Tv_2_5x_3,,Guibourtia demeusei,Guibourtia demeusei,B,genus_overlap_only,"P2,P3",,genus_match_only,Guibourtia arnoldiana|Guibourtia coleosperma
data/images/micro/Guibourtia_demeusei/Tw44832_Tv_2_5x_1.jpg,Guibourtia_demeusei/Tw44832_Tv_2_5x_1.jpg,micro_congo,micro,transversal_semi_thin_section,Guibourtia demeusei,Guibourtia,,Tw44832,micro_congo:Guibourtia_demeusei/Tw44832_Tv_2_5x_1,,Guibourtia demeusei,Guibourtia demeusei,B,genus_overlap_only,"P2,P3",,genus_match_only,Guibourtia arnoldiana|Guibourtia coleosperma
data/images/micro/Guibourtia_demeusei/Tw44832_Tv_2_5x_2.jpg,Guibourtia_demeusei/Tw44832_Tv_2_5x_2.jpg,micro_congo,micro,transversal_semi_thin_section,Guibourtia demeusei,Guibourtia,,Tw44832,micro_congo:Guibourtia_demeusei/Tw44832_Tv_2_5x_2,,Guibourtia demeusei,Guibourtia demeusei,B,genus_overlap_only,"P2,P3",,genus_match_only,Guibourtia arnoldiana|Guibourtia coleosperma
data/images/micro/Guibourtia_demeusei/Tw44832_Tv_2_5x_3.jpg,Guibourtia_demeusei/Tw44832_Tv_2_5x_3.jpg,micro_congo,micro,transversal_semi_thin_section,Guibourtia demeusei,Guibourtia,,Tw44832,micro_congo:Guibourtia_demeusei/Tw44832_Tv_2_5x_3,,Guibourtia demeusei,Guibourtia demeusei,B,genus_overlap_only,"P2,P3",,genus_match_only,Guibourtia arnoldiana|Guibourtia coleosperma
data/images/micro/Guibourtia_demeusei/Tw803_Tv_2_5x_1.jpg,Guibourtia_demeusei/Tw803_Tv_2_5x_1.jpg,micro_congo,micro,transversal_semi_thin_section,Guibourtia demeusei,Guibourtia,,Tw803,micro_congo:Guibourtia_demeusei/Tw803_Tv_2_5x_1,,Guibourtia demeusei,Guibourtia demeusei,B,genus_overlap_only,"P2,P3",,genus_match_only,Guibourtia arnoldiana|Guibourtia coleosperma
data/images/micro/Guibourtia_demeusei/Tw803_Tv_2_5x_2.jpg,Guibourtia_demeusei/Tw803_Tv_2_5x_2.jpg,micro_congo,micro,transversal_semi_thin_section,Guibourtia demeusei,Guibourtia,,Tw803,micro_congo:Guibourtia_demeusei/Tw803_Tv_2_5x_2,,Guibourtia demeusei,Guibourtia demeusei,B,genus_overlap_only,"P2,P3",,genus_match_only,Guibourtia arnoldiana|Guibourtia coleosperma
data/images/micro/Guibourtia_demeusei/Tw803_Tv_2_5x_3.jpg,Guibourtia_demeusei/Tw803_Tv_2_5x_3.jpg,micro_congo,micro,transversal_semi_thin_section,Guibourtia demeusei,Guibourtia,,Tw803,micro_congo:Guibourtia_demeusei/Tw803_Tv_2_5x_3,,Guibourtia demeusei,Guibourtia demeusei,B,genus_overlap_only,"P2,P3",,genus_match_only,Guibourtia arnoldiana|Guibourtia coleosperma
data/images/micro/Khaya_anthotheca/K_anthotheca001.jpg,Khaya_anthotheca/K_anthotheca001.jpg,micro_congo,micro,transversal_semi_thin_section,Khaya anthotheca,Khaya,,K_anthotheca001,micro_congo:Khaya_anthotheca/K_anthotheca001,,Khaya anthotheca,Khaya anthotheca,B,genus_overlap_only,"P2,P3",,genus_match_only,Khaya grandifoliola|Khaya ivorensis|Khaya senegalensis
data/images/micro/Khaya_anthotheca/K_anthotheca002.jpg,Khaya_anthotheca/K_anthotheca002.jpg,micro_congo,micro,transversal_semi_thin_section,Khaya anthotheca,Khaya,,K_anthotheca002,micro_congo:Khaya_anthotheca/K_anthotheca002,,Khaya anthotheca,Khaya anthotheca,B,genus_overlap_only,"P2,P3",,genus_match_only,Khaya grandifoliola|Khaya ivorensis|Khaya senegalensis
data/images/micro/Khaya_anthotheca/K_anthotheca003.jpg,Khaya_anthotheca/K_anthotheca003.jpg,micro_congo,micro,transversal_semi_thin_section,Khaya anthotheca,Khaya,,K_anthotheca003,micro_congo:Khaya_anthotheca/K_anthotheca003,,Khaya anthotheca,Khaya anthotheca,B,genus_overlap_only,"P2,P3",,genus_match_only,Khaya grandifoliola|Khaya ivorensis|Khaya senegalensis
data/images/micro/Khaya_anthotheca/K_anthotheca025.jpg,Khaya_anthotheca/K_anthotheca025.jpg,micro_congo,micro,transversal_semi_thin_section,Khaya anthotheca,Khaya,,K_anthotheca025,micro_congo:Khaya_anthotheca/K_anthotheca025,,Khaya anthotheca,Khaya anthotheca,B,genus_overlap_only,"P2,P3",,genus_match_only,Khaya grandifoliola|Khaya ivorensis|Khaya senegalensis
data/images/micro/Khaya_anthotheca/K_anthotheca026.jpg,Khaya_anthotheca/K_anthotheca026.jpg,micro_congo,micro,transversal_semi_thin_section,Khaya anthotheca,Khaya,,K_anthotheca026,micro_congo:Khaya_anthotheca/K_anthotheca026,,Khaya anthotheca,Khaya anthotheca,B,genus_overlap_only,"P2,P3",,genus_match_only,Khaya grandifoliola|Khaya ivorensis|Khaya senegalensis
data/images/micro/Khaya_anthotheca/K_anthotheca027.jpg,Khaya_anthotheca/K_anthotheca027.jpg,micro_congo,micro,transversal_semi_thin_section,Khaya anthotheca,Khaya,,K_anthotheca027,micro_congo:Khaya_anthotheca/K_anthotheca027,,Khaya anthotheca,Khaya anthotheca,B,genus_overlap_only,"P2,P3",,genus_match_only,Khaya grandifoliola|Khaya ivorensis|Khaya senegalensis
data/images/micro/Khaya_anthotheca/Tw1570_Tv_2_5x_1.jpg,Khaya_anthotheca/Tw1570_Tv_2_5x_1.jpg,micro_congo,micro,transversal_semi_thin_section,Khaya anthotheca,Khaya,,Tw1570,micro_congo:Khaya_anthotheca/Tw1570_Tv_2_5x_1,,Khaya anthotheca,Khaya anthotheca,B,genus_overlap_only,"P2,P3",,genus_match_only,Khaya grandifoliola|Khaya ivorensis|Khaya senegalensis
data/images/micro/Khaya_anthotheca/Tw1570_Tv_2_5x_2.jpg,Khaya_anthotheca/Tw1570_Tv_2_5x_2.jpg,micro_congo,micro,transversal_semi_thin_section,Khaya anthotheca,Khaya,,Tw1570,micro_congo:Khaya_anthotheca/Tw1570_Tv_2_5x_2,,Khaya anthotheca,Khaya anthotheca,B,genus_overlap_only,"P2,P3",,genus_match_only,Khaya grandifoliola|Khaya ivorensis|Khaya senegalensis
data/images/micro/Khaya_anthotheca/Tw25105_Tv_2_5x_1.jpg,Khaya_anthotheca/Tw25105_Tv_2_5x_1.jpg,micro_congo,micro,transversal_semi_thin_section,Khaya anthotheca,Khaya,,Tw25105,micro_congo:Khaya_anthotheca/Tw25105_Tv_2_5x_1,,Khaya anthotheca,Khaya anthotheca,B,genus_overlap_only,"P2,P3",,genus_match_only,Khaya grandifoliola|Khaya ivorensis|Khaya senegalensis
data/images/micro/Khaya_anthotheca/Tw25105_Tv_2_5x_2.jpg,Khaya_anthotheca/Tw25105_Tv_2_5x_2.jpg,micro_congo,micro,transversal_semi_thin_section,Khaya anthotheca,Khaya,,Tw25105,micro_congo:Khaya_anthotheca/Tw25105_Tv_2_5x_2,,Khaya anthotheca,Khaya anthotheca,B,genus_overlap_only,"P2,P3",,genus_match_only,Khaya grandifoliola|Khaya ivorensis|Khaya senegalensis
data/images/micro/Khaya_anthotheca/Tw25105_Tv_2_5x_3.jpg,Khaya_anthotheca/Tw25105_Tv_2_5x_3.jpg,micro_congo,micro,transversal_semi_thin_section,Khaya anthotheca,Khaya,,Tw25105,micro_congo:Khaya_anthotheca/Tw25105_Tv_2_5x_3,,Khaya anthotheca,Khaya anthotheca,B,genus_overlap_only,"P2,P3",,genus_match_only,Khaya grandifoliola|Khaya ivorensis|Khaya senegalensis
data/images/micro/Khaya_anthotheca/Tw26483_Tv_2_5x_1.jpg,Khaya_anthotheca/Tw26483_Tv_2_5x_1.jpg,micro_congo,micro,transversal_semi_thin_section,Khaya anthotheca,Khaya,,Tw26483,micro_congo:Khaya_anthotheca/Tw26483_Tv_2_5x_1,,Khaya anthotheca,Khaya anthotheca,B,genus_overlap_only,"P2,P3",,genus_match_only,Khaya grandifoliola|Khaya ivorensis|Khaya senegalensis
data/images/micro/Khaya_anthotheca/Tw26483_Tv_2_5x_2.jpg,Khaya_anthotheca/Tw26483_Tv_2_5x_2.jpg,micro_congo,micro,transversal_semi_thin_section,Khaya anthotheca,Khaya,,Tw26483,micro_congo:Khaya_anthotheca/Tw26483_Tv_2_5x_2,,Khaya anthotheca,Khaya anthotheca,B,genus_overlap_only,"P2,P3",,genus_match_only,Khaya grandifoliola|Khaya ivorensis|Khaya senegalensis
data/images/micro/Khaya_anthotheca/Tw26484_Tv_2_5x_1.jpg,Khaya_anthotheca/Tw26484_Tv_2_5x_1.jpg,micro_congo,micro,transversal_semi_thin_section,Khaya anthotheca,Khaya,,Tw26484,micro_congo:Khaya_anthotheca/Tw26484_Tv_2_5x_1,,Khaya anthotheca,Khaya anthotheca,B,genus_overlap_only,"P2,P3",,genus_match_only,Khaya grandifoliola|Khaya ivorensis|Khaya senegalensis
data/images/micro/Khaya_anthotheca/Tw26484_Tv_2_5x_2.jpg,Khaya_anthotheca/Tw26484_Tv_2_5x_2.jpg,micro_congo,micro,transversal_semi_thin_section,Khaya anthotheca,Khaya,,Tw26484,micro_congo:Khaya_anthotheca/Tw26484_Tv_2_5x_2,,Khaya anthotheca,Khaya anthotheca,B,genus_overlap_only,"P2,P3",,genus_match_only,Khaya grandifoliola|Khaya ivorensis|Khaya senegalensis
data/images/micro/Khaya_anthotheca/Tw606_Tv_2_5x_1.jpg,Khaya_anthotheca/Tw606_Tv_2_5x_1.jpg,micro_congo,micro,transversal_semi_thin_section,Khaya anthotheca,Khaya,,Tw606,micro_congo:Khaya_anthotheca/Tw606_Tv_2_5x_1,,Khaya anthotheca,Khaya anthotheca,B,genus_overlap_only,"P2,P3",,genus_match_only,Khaya grandifoliola|Khaya ivorensis|Khaya senegalensis
data/images/micro/Khaya_anthotheca/Tw606_Tv_2_5x_2.jpg,Khaya_anthotheca/Tw606_Tv_2_5x_2.jpg,micro_congo,micro,transversal_semi_thin_section,Khaya anthotheca,Khaya,,Tw606,micro_congo:Khaya_anthotheca/Tw606_Tv_2_5x_2,,Khaya anthotheca,Khaya anthotheca,B,genus_overlap_only,"P2,P3",,genus_match_only,Khaya grandifoliola|Khaya ivorensis|Khaya senegalensis
data/images/micro/Khaya_anthotheca/Tw606_Tv_2_5x_3.jpg,Khaya_anthotheca/Tw606_Tv_2_5x_3.jpg,micro_congo,micro,transversal_semi_thin_section,Khaya anthotheca,Khaya,,Tw606,micro_congo:Khaya_anthotheca/Tw606_Tv_2_5x_3,,Khaya anthotheca,Khaya anthotheca,B,genus_overlap_only,"P2,P3",,genus_match_only,Khaya grandifoliola|Khaya ivorensis|Khaya senegalensis
data/images/micro/Khaya_anthotheca/Tw838_Tv_2_5x_1.jpg,Khaya_anthotheca/Tw838_Tv_2_5x_1.jpg,micro_congo,micro,transversal_semi_thin_section,Khaya anthotheca,Khaya,,Tw838,micro_congo:Khaya_anthotheca/Tw838_Tv_2_5x_1,,Khaya anthotheca,Khaya anthotheca,B,genus_overlap_only,"P2,P3",,genus_match_only,Khaya grandifoliola|Khaya ivorensis|Khaya senegalensis
data/images/micro/Khaya_anthotheca/Tw838_Tv_2_5x_2.jpg,Khaya_anthotheca/Tw838_Tv_2_5x_2.jpg,micro_congo,micro,transversal_semi_thin_section,Khaya anthotheca,Khaya,,Tw838,micro_congo:Khaya_anthotheca/Tw838_Tv_2_5x_2,,Khaya anthotheca,Khaya anthotheca,B,genus_overlap_only,"P2,P3",,genus_match_only,Khaya grandifoliola|Khaya ivorensis|Khaya senegalensis
data/images/micro/Khaya_anthotheca/Tw838_Tv_2_5x_3.jpg,Khaya_anthotheca/Tw838_Tv_2_5x_3.jpg,micro_congo,micro,transversal_semi_thin_section,Khaya anthotheca,Khaya,,Tw838,micro_congo:Khaya_anthotheca/Tw838_Tv_2_5x_3,,Khaya anthotheca,Khaya anthotheca,B,genus_overlap_only,"P2,P3",,genus_match_only,Khaya grandifoliola|Khaya ivorensis|Khaya senegalensis
data/images/micro/Khaya_anthotheca/Tw950_Tv_2_5x_1.jpg,Khaya_anthotheca/Tw950_Tv_2_5x_1.jpg,micro_congo,micro,transversal_semi_thin_section,Khaya anthotheca,Khaya,,Tw950,micro_congo:Khaya_anthotheca/Tw950_Tv_2_5x_1,,Khaya anthotheca,Khaya anthotheca,B,genus_overlap_only,"P2,P3",,genus_match_only,Khaya grandifoliola|Khaya ivorensis|Khaya senegalensis
data/images/micro/Khaya_anthotheca/Tw950_Tv_2_5x_2.jpg,Khaya_anthotheca/Tw950_Tv_2_5x_2.jpg,micro_congo,micro,transversal_semi_thin_section,Khaya anthotheca,Khaya,,Tw950,micro_congo:Khaya_anthotheca/Tw950_Tv_2_5x_2,,Khaya anthotheca,Khaya anthotheca,B,genus_overlap_only,"P2,P3",,genus_match_only,Khaya grandifoliola|Khaya ivorensis|Khaya senegalensis
data/images/micro/Nesogordonia_kabingaensis/Tw26901_Tv_2_5x_1.jpg,Nesogordonia_kabingaensis/Tw26901_Tv_2_5x_1.jpg,micro_congo,micro,transversal_semi_thin_section,Nesogordonia kabingaensis,Nesogordonia,,Tw26901,micro_congo:Nesogordonia_kabingaensis/Tw26901_Tv_2_5x_1,,Nesogordonia kabingaensis,Nesogordonia kabingaensis,B,genus_overlap_only,"P2,P3",,genus_match_only,Nesogordonia papaverifera
data/images/micro/Nesogordonia_kabingaensis/Tw26901_Tv_2_5x_2.jpg,Nesogordonia_kabingaensis/Tw26901_Tv_2_5x_2.jpg,micro_congo,micro,transversal_semi_thin_section,Nesogordonia kabingaensis,Nesogordonia,,Tw26901,micro_congo:Nesogordonia_kabingaensis/Tw26901_Tv_2_5x_2,,Nesogordonia kabingaensis,Nesogordonia kabingaensis,B,genus_overlap_only,"P2,P3",,genus_match_only,Nesogordonia papaverifera
data/images/micro/Nesogordonia_kabingaensis/Tw26901_Tv_2_5x_3.jpg,Nesogordonia_kabingaensis/Tw26901_Tv_2_5x_3.jpg,micro_congo,micro,transversal_semi_thin_section,Nesogordonia kabingaensis,Nesogordonia,,Tw26901,micro_congo:Nesogordonia_kabingaensis/Tw26901_Tv_2_5x_3,,Nesogordonia kabingaensis,Nesogordonia kabingaensis,B,genus_overlap_only,"P2,P3",,genus_match_only,Nesogordonia papaverifera
data/images/micro/Nesogordonia_kabingaensis/Tw848_Tv_2_5x_1.jpg,Nesogordonia_kabingaensis/Tw848_Tv_2_5x_1.jpg,micro_congo,micro,transversal_semi_thin_section,Nesogordonia kabingaensis,Nesogordonia,,Tw848,micro_congo:Nesogordonia_kabingaensis/Tw848_Tv_2_5x_1,,Nesogordonia kabingaensis,Nesogordonia kabingaensis,B,genus_overlap_only,"P2,P3",,genus_match_only,Nesogordonia papaverifera
data/images/micro/Nesogordonia_kabingaensis/Tw848_Tv_2_5x_2.jpg,Nesogordonia_kabingaensis/Tw848_Tv_2_5x_2.jpg,micro_congo,micro,transversal_semi_thin_section,Nesogordonia kabingaensis,Nesogordonia,,Tw848,micro_congo:Nesogordonia_kabingaensis/Tw848_Tv_2_5x_2,,Nesogordonia kabingaensis,Nesogordonia kabingaensis,B,genus_overlap_only,"P2,P3",,genus_match_only,Nesogordonia papaverifera
data/images/micro/Nesogordonia_kabingaensis/Tw848_Tv_2_5x_3.jpg,Nesogordonia_kabingaensis/Tw848_Tv_2_5x_3.jpg,micro_congo,micro,transversal_semi_thin_section,Nesogordonia kabingaensis,Nesogordonia,,Tw848,micro_congo:Nesogordonia_kabingaensis/Tw848_Tv_2_5x_3,,Nesogordonia kabingaensis,Nesogordonia kabingaensis,B,genus_overlap_only,"P2,P3",,genus_match_only,Nesogordonia papaverifera
data/images/micro/Nesogordonia_kabingaensis/Tw861_Tv_2_5x_1.jpg,Nesogordonia_kabingaensis/Tw861_Tv_2_5x_1.jpg,micro_congo,micro,transversal_semi_thin_section,Nesogordonia kabingaensis,Nesogordonia,,Tw861,micro_congo:Nesogordonia_kabingaensis/Tw861_Tv_2_5x_1,,Nesogordonia kabingaensis,Nesogordonia kabingaensis,B,genus_overlap_only,"P2,P3",,genus_match_only,Nesogordonia papaverifera
data/images/micro/Nesogordonia_kabingaensis/Tw861_Tv_2_5x_2.jpg,Nesogordonia_kabingaensis/Tw861_Tv_2_5x_2.jpg,micro_congo,micro,transversal_semi_thin_section,Nesogordonia kabingaensis,Nesogordonia,,Tw861,micro_congo:Nesogordonia_kabingaensis/Tw861_Tv_2_5x_2,,Nesogordonia kabingaensis,Nesogordonia kabingaensis,B,genus_overlap_only,"P2,P3",,genus_match_only,Nesogordonia papaverifera
data/images/micro/Nesogordonia_kabingaensis/Tw861_Tv_2_5x_3.jpg,Nesogordonia_kabingaensis/Tw861_Tv_2_5x_3.jpg,micro_congo,micro,transversal_semi_thin_section,Nesogordonia kabingaensis,Nesogordonia,,Tw861,micro_congo:Nesogordonia_kabingaensis/Tw861_Tv_2_5x_3,,Nesogordonia kabingaensis,Nesogordonia kabingaensis,B,genus_overlap_only,"P2,P3",,genus_match_only,Nesogordonia papaverifera
data/images/micro/Pterocarpus_tinctorius/Pterocarpus_tinctorius001.jpg,Pterocarpus_tinctorius/Pterocarpus_tinctorius001.jpg,micro_congo,micro,transversal_semi_thin_section,Pterocarpus tinctorius,Pterocarpus,,Pterocarpus_tinctorius001,micro_congo:Pterocarpus_tinctorius/Pterocarpus_tinctorius001,,Pterocarpus tinctorius,Pterocarpus tinctorius,B,genus_overlap_only,"P2,P3",,genus_match_only,Pterocarpus erinaceus|Pterocarpus macrocarpus|Pterocarpus soyauxii
data/images/micro/Pterocarpus_tinctorius/Pterocarpus_tinctorius002.jpg,Pterocarpus_tinctorius/Pterocarpus_tinctorius002.jpg,micro_congo,micro,transversal_semi_thin_section,Pterocarpus tinctorius,Pterocarpus,,Pterocarpus_tinctorius002,micro_congo:Pterocarpus_tinctorius/Pterocarpus_tinctorius002,,Pterocarpus tinctorius,Pterocarpus tinctorius,B,genus_overlap_only,"P2,P3",,genus_match_only,Pterocarpus erinaceus|Pterocarpus macrocarpus|Pterocarpus soyauxii
data/images/micro/Pterocarpus_tinctorius/Pterocarpus_tinctorius020.jpg,Pterocarpus_tinctorius/Pterocarpus_tinctorius020.jpg,micro_congo,micro,transversal_semi_thin_section,Pterocarpus tinctorius,Pterocarpus,,Pterocarpus_tinctorius020,micro_congo:Pterocarpus_tinctorius/Pterocarpus_tinctorius020,,Pterocarpus tinctorius,Pterocarpus tinctorius,B,genus_overlap_only,"P2,P3",,genus_match_only,Pterocarpus erinaceus|Pterocarpus macrocarpus|Pterocarpus soyauxii
data/images/micro/Pterocarpus_tinctorius/Pterocarpus_tinctorius021.jpg,Pterocarpus_tinctorius/Pterocarpus_tinctorius021.jpg,micro_congo,micro,transversal_semi_thin_section,Pterocarpus tinctorius,Pterocarpus,,Pterocarpus_tinctorius021,micro_congo:Pterocarpus_tinctorius/Pterocarpus_tinctorius021,,Pterocarpus tinctorius,Pterocarpus tinctorius,B,genus_overlap_only,"P2,P3",,genus_match_only,Pterocarpus erinaceus|Pterocarpus macrocarpus|Pterocarpus soyauxii
data/images/micro/Pterocarpus_tinctorius/Pterocarpus_tinctorius022.jpg,Pterocarpus_tinctorius/Pterocarpus_tinctorius022.jpg,micro_congo,micro,transversal_semi_thin_section,Pterocarpus tinctorius,Pterocarpus,,Pterocarpus_tinctorius022,micro_congo:Pterocarpus_tinctorius/Pterocarpus_tinctorius022,,Pterocarpus tinctorius,Pterocarpus tinctorius,B,genus_overlap_only,"P2,P3",,genus_match_only,Pterocarpus erinaceus|Pterocarpus macrocarpus|Pterocarpus soyauxii
data/images/micro/Pterocarpus_tinctorius/Pterocarpus_tinctorius024.jpg,Pterocarpus_tinctorius/Pterocarpus_tinctorius024.jpg,micro_congo,micro,transversal_semi_thin_section,Pterocarpus tinctorius,Pterocarpus,,Pterocarpus_tinctorius024,micro_congo:Pterocarpus_tinctorius/Pterocarpus_tinctorius024,,Pterocarpus tinctorius,Pterocarpus tinctorius,B,genus_overlap_only,"P2,P3",,genus_match_only,Pterocarpus erinaceus|Pterocarpus macrocarpus|Pterocarpus soyauxii
data/images/micro/Pterocarpus_tinctorius/Pterocarpus_tinctorius03.jpg,Pterocarpus_tinctorius/Pterocarpus_tinctorius03.jpg,micro_congo,micro,transversal_semi_thin_section,Pterocarpus tinctorius,Pterocarpus,,Pterocarpus_tinctorius03,micro_congo:Pterocarpus_tinctorius/Pterocarpus_tinctorius03,,Pterocarpus tinctorius,Pterocarpus tinctorius,B,genus_overlap_only,"P2,P3",,genus_match_only,Pterocarpus erinaceus|Pterocarpus macrocarpus|Pterocarpus soyauxii
data/images/micro/Pterocarpus_tinctorius/Tw26_Tv_2_5x.jpg,Pterocarpus_tinctorius/Tw26_Tv_2_5x.jpg,micro_congo,micro,transversal_semi_thin_section,Pterocarpus tinctorius,Pterocarpus,,Tw26,micro_congo:Pterocarpus_tinctorius/Tw26_Tv_2_5x,,Pterocarpus tinctorius,Pterocarpus tinctorius,B,genus_overlap_only,"P2,P3",,genus_match_only,Pterocarpus erinaceus|Pterocarpus macrocarpus|Pterocarpus soyauxii
data/images/micro/Pterocarpus_tinctorius/Tw26_Tv_2_5x_1.jpg,Pterocarpus_tinctorius/Tw26_Tv_2_5x_1.jpg,micro_congo,micro,transversal_semi_thin_section,Pterocarpus tinctorius,Pterocarpus,,Tw26,micro_congo:Pterocarpus_tinctorius/Tw26_Tv_2_5x_1,,Pterocarpus tinctorius,Pterocarpus tinctorius,B,genus_overlap_only,"P2,P3",,genus_match_only,Pterocarpus erinaceus|Pterocarpus macrocarpus|Pterocarpus soyauxii
data/images/micro/Pterocarpus_tinctorius/Tw26_Tv_2_5x_2.jpg,Pterocarpus_tinctorius/Tw26_Tv_2_5x_2.jpg,micro_congo,micro,transversal_semi_thin_section,Pterocarpus tinctorius,Pterocarpus,,Tw26,micro_congo:Pterocarpus_tinctorius/Tw26_Tv_2_5x_2,,Pterocarpus tinctorius,Pterocarpus tinctorius,B,genus_overlap_only,"P2,P3",,genus_match_only,Pterocarpus erinaceus|Pterocarpus macrocarpus|Pterocarpus soyauxii
data/images/micro/Pterocarpus_tinctorius/Tw30_P_tinctorius_Tr_2_5x.jpg,Pterocarpus_tinctorius/Tw30_P_tinctorius_Tr_2_5x.jpg,micro_congo,micro,transversal_semi_thin_section,Pterocarpus tinctorius,Pterocarpus,,Tw30,micro_congo:Pterocarpus_tinctorius/Tw30_P_tinctorius_Tr_2_5x,,Pterocarpus tinctorius,Pterocarpus tinctorius,B,genus_overlap_only,"P2,P3",,genus_match_only,Pterocarpus erinaceus|Pterocarpus macrocarpus|Pterocarpus soyauxii
data/images/micro/Pterocarpus_tinctorius/Tw30_P_tinctorius_Tr_vessels_2_5x.jpg,Pterocarpus_tinctorius/Tw30_P_tinctorius_Tr_vessels_2_5x.jpg,micro_congo,micro,transversal_semi_thin_section,Pterocarpus tinctorius,Pterocarpus,,Tw30,micro_congo:Pterocarpus_tinctorius/Tw30_P_tinctorius_Tr_vessels_2_5x,,Pterocarpus tinctorius,Pterocarpus tinctorius,B,genus_overlap_only,"P2,P3",,genus_match_only,Pterocarpus erinaceus|Pterocarpus macrocarpus|Pterocarpus soyauxii
data/images/micro/Pterocarpus_tinctorius/Tw30_Tv_2_5x_1.jpg,Pterocarpus_tinctorius/Tw30_Tv_2_5x_1.jpg,micro_congo,micro,transversal_semi_thin_section,Pterocarpus tinctorius,Pterocarpus,,Tw30,micro_congo:Pterocarpus_tinctorius/Tw30_Tv_2_5x_1,,Pterocarpus tinctorius,Pterocarpus tinctorius,B,genus_overlap_only,"P2,P3",,genus_match_only,Pterocarpus erinaceus|Pterocarpus macrocarpus|Pterocarpus soyauxii
data/images/micro/Pterocarpus_tinctorius/Tw30_Tv_2_5x_2.jpg,Pterocarpus_tinctorius/Tw30_Tv_2_5x_2.jpg,micro_congo,micro,transversal_semi_thin_section,Pterocarpus tinctorius,Pterocarpus,,Tw30,micro_congo:Pterocarpus_tinctorius/Tw30_Tv_2_5x_2,,Pterocarpus tinctorius,Pterocarpus tinctorius,B,genus_overlap_only,"P2,P3",,genus_match_only,Pterocarpus erinaceus|Pterocarpus macrocarpus|Pterocarpus soyauxii
data/images/micro/Pterocarpus_tinctorius/Tw30_Tv_2_5x_3.jpg,Pterocarpus_tinctorius/Tw30_Tv_2_5x_3.jpg,micro_congo,micro,transversal_semi_thin_section,Pterocarpus tinctorius,Pterocarpus,,Tw30,micro_congo:Pterocarpus_tinctorius/Tw30_Tv_2_5x_3,,Pterocarpus tinctorius,Pterocarpus tinctorius,B,genus_overlap_only,"P2,P3",,genus_match_only,Pterocarpus erinaceus|Pterocarpus macrocarpus|Pterocarpus soyauxii
data/images/micro/Pterocarpus_tinctorius/Tw5157_Tv_2_5x_1.jpg,Pterocarpus_tinctorius/Tw5157_Tv_2_5x_1.jpg,micro_congo,micro,transversal_semi_thin_section,Pterocarpus tinctorius,Pterocarpus,,Tw5157,micro_congo:Pterocarpus_tinctorius/Tw5157_Tv_2_5x_1,,Pterocarpus tinctorius,Pterocarpus tinctorius,B,genus_overlap_only,"P2,P3",,genus_match_only,Pterocarpus erinaceus|Pterocarpus macrocarpus|Pterocarpus soyauxii
data/images/micro/Pterocarpus_tinctorius/Tw5157_Tv_2_5x_2.jpg,Pterocarpus_tinctorius/Tw5157_Tv_2_5x_2.jpg,micro_congo,micro,transversal_semi_thin_section,Pterocarpus tinctorius,Pterocarpus,,Tw5157,micro_congo:Pterocarpus_tinctorius/Tw5157_Tv_2_5x_2,,Pterocarpus tinctorius,Pterocarpus tinctorius,B,genus_overlap_only,"P2,P3",,genus_match_only,Pterocarpus erinaceus|Pterocarpus macrocarpus|Pterocarpus soyauxii
data/images/micro/Pterocarpus_tinctorius/Tw5157_Tv_2_5x_3.jpg,Pterocarpus_tinctorius/Tw5157_Tv_2_5x_3.jpg,micro_congo,micro,transversal_semi_thin_section,Pterocarpus tinctorius,Pterocarpus,,Tw5157,micro_congo:Pterocarpus_tinctorius/Tw5157_Tv_2_5x_3,,Pterocarpus tinctorius,Pterocarpus tinctorius,B,genus_overlap_only,"P2,P3",,genus_match_only,Pterocarpus erinaceus|Pterocarpus macrocarpus|Pterocarpus soyauxii
data/images/micro/Pterocarpus_tinctorius/Tw762_Tv_2_5x_1.jpg,Pterocarpus_tinctorius/Tw762_Tv_2_5x_1.jpg,micro_congo,micro,transversal_semi_thin_section,Pterocarpus tinctorius,Pterocarpus,,Tw762,micro_congo:Pterocarpus_tinctorius/Tw762_Tv_2_5x_1,,Pterocarpus tinctorius,Pterocarpus tinctorius,B,genus_overlap_only,"P2,P3",,genus_match_only,Pterocarpus erinaceus|Pterocarpus macrocarpus|Pterocarpus soyauxii
data/images/micro/Pterocarpus_tinctorius/Tw762_Tv_2_5x_2.jpg,Pterocarpus_tinctorius/Tw762_Tv_2_5x_2.jpg,micro_congo,micro,transversal_semi_thin_section,Pterocarpus tinctorius,Pterocarpus,,Tw762,micro_congo:Pterocarpus_tinctorius/Tw762_Tv_2_5x_2,,Pterocarpus tinctorius,Pterocarpus tinctorius,B,genus_overlap_only,"P2,P3",,genus_match_only,Pterocarpus erinaceus|Pterocarpus macrocarpus|Pterocarpus soyauxii
data/images/micro/Pterocarpus_tinctorius/Tw762_Tv_2_5x_3.jpg,Pterocarpus_tinctorius/Tw762_Tv_2_5x_3.jpg,micro_congo,micro,transversal_semi_thin_section,Pterocarpus tinctorius,Pterocarpus,,Tw762,micro_congo:Pterocarpus_tinctorius/Tw762_Tv_2_5x_3,,Pterocarpus tinctorius,Pterocarpus tinctorius,B,genus_overlap_only,"P2,P3",,genus_match_only,Pterocarpus erinaceus|Pterocarpus macrocarpus|Pterocarpus soyauxii
data/images/micro/Zanthoxylum_lemairei/Tw13227_Tv_2_5x_3.jpg,Zanthoxylum_lemairei/Tw13227_Tv_2_5x_3.jpg,micro_congo,micro,transversal_semi_thin_section,Zanthoxylum lemairei,Zanthoxylum,,Tw13227,micro_congo:Zanthoxylum_lemairei/Tw13227_Tv_2_5x_3,,Zanthoxylum lemairei,Zanthoxylum lemairei,B,genus_overlap_only,"P2,P3",,genus_match_only,Zanthoxylum gilletii
data/images/micro/Zanthoxylum_lemairei/Tw13227_Tv_2_5x_4.jpg,Zanthoxylum_lemairei/Tw13227_Tv_2_5x_4.jpg,micro_congo,micro,transversal_semi_thin_section,Zanthoxylum lemairei,Zanthoxylum,,Tw13227,micro_congo:Zanthoxylum_lemairei/Tw13227_Tv_2_5x_4,,Zanthoxylum lemairei,Zanthoxylum lemairei,B,genus_overlap_only,"P2,P3",,genus_match_only,Zanthoxylum gilletii
data/images/micro/Zanthoxylum_lemairei/Tw43831_Tv_2_5x_4.jpg,Zanthoxylum_lemairei/Tw43831_Tv_2_5x_4.jpg,micro_congo,micro,transversal_semi_thin_section,Zanthoxylum lemairei,Zanthoxylum,,Tw43831,micro_congo:Zanthoxylum_lemairei/Tw43831_Tv_2_5x_4,,Zanthoxylum lemairei,Zanthoxylum lemairei,B,genus_overlap_only,"P2,P3",,genus_match_only,Zanthoxylum gilletii
data/images/micro/Zanthoxylum_lemairei/Tw43831_Tv_2_5x_5.jpg,Zanthoxylum_lemairei/Tw43831_Tv_2_5x_5.jpg,micro_congo,micro,transversal_semi_thin_section,Zanthoxylum lemairei,Zanthoxylum,,Tw43831,micro_congo:Zanthoxylum_lemairei/Tw43831_Tv_2_5x_5,,Zanthoxylum lemairei,Zanthoxylum lemairei,B,genus_overlap_only,"P2,P3",,genus_match_only,Zanthoxylum gilletii
data/images/micro/Zanthoxylum_lemairei/Tw43831_Z_lemairei_Tr2_2_5x.jpg,Zanthoxylum_lemairei/Tw43831_Z_lemairei_Tr2_2_5x.jpg,micro_congo,micro,transversal_semi_thin_section,Zanthoxylum lemairei,Zanthoxylum,,Tw43831,micro_congo:Zanthoxylum_lemairei/Tw43831_Z_lemairei_Tr2_2_5x,,Zanthoxylum lemairei,Zanthoxylum lemairei,B,genus_overlap_only,"P2,P3",,genus_match_only,Zanthoxylum gilletii
data/images/micro/Zanthoxylum_lemairei/Tw43831_Z_lemairei_Tr3_2_5x.jpg,Zanthoxylum_lemairei/Tw43831_Z_lemairei_Tr3_2_5x.jpg,micro_congo,micro,transversal_semi_thin_section,Zanthoxylum lemairei,Zanthoxylum,,Tw43831,micro_congo:Zanthoxylum_lemairei/Tw43831_Z_lemairei_Tr3_2_5x,,Zanthoxylum lemairei,Zanthoxylum lemairei,B,genus_overlap_only,"P2,P3",,genus_match_only,Zanthoxylum gilletii
data/images/micro/Zanthoxylum_lemairei/Tw43831_Z_lemairei_Tr4_2_5x.jpg,Zanthoxylum_lemairei/Tw43831_Z_lemairei_Tr4_2_5x.jpg,micro_congo,micro,transversal_semi_thin_section,Zanthoxylum lemairei,Zanthoxylum,,Tw43831,micro_congo:Zanthoxylum_lemairei/Tw43831_Z_lemairei_Tr4_2_5x,,Zanthoxylum lemairei,Zanthoxylum lemairei,B,genus_overlap_only,"P2,P3",,genus_match_only,Zanthoxylum gilletii
data/images/micro/Zanthoxylum_lemairei/Tw43831_Z_lemairei_Tr_2_5x.jpg,Zanthoxylum_lemairei/Tw43831_Z_lemairei_Tr_2_5x.jpg,micro_congo,micro,transversal_semi_thin_section,Zanthoxylum lemairei,Zanthoxylum,,Tw43831,micro_congo:Zanthoxylum_lemairei/Tw43831_Z_lemairei_Tr_2_5x,,Zanthoxylum lemairei,Zanthoxylum lemairei,B,genus_overlap_only,"P2,P3",,genus_match_only,Zanthoxylum gilletii
data/images/micro/Zanthoxylum_lemairei/Tw60043_Tv_2_5x_4.jpg,Zanthoxylum_lemairei/Tw60043_Tv_2_5x_4.jpg,micro_congo,micro,transversal_semi_thin_section,Zanthoxylum lemairei,Zanthoxylum,,Tw60043,micro_congo:Zanthoxylum_lemairei/Tw60043_Tv_2_5x_4,,Zanthoxylum lemairei,Zanthoxylum lemairei,B,genus_overlap_only,"P2,P3",,genus_match_only,Zanthoxylum gilletii
data/images/micro/Zanthoxylum_lemairei/Tw60043_Tv_2_5x_5.jpg,Zanthoxylum_lemairei/Tw60043_Tv_2_5x_5.jpg,micro_congo,micro,transversal_semi_thin_section,Zanthoxylum lemairei,Zanthoxylum,,Tw60043,micro_congo:Zanthoxylum_lemairei/Tw60043_Tv_2_5x_5,,Zanthoxylum lemairei,Zanthoxylum lemairei,B,genus_overlap_only,"P2,P3",,genus_match_only,Zanthoxylum gilletii
data/images/micro/Zanthoxylum_lemairei/Tw60043_Z_lemairei_Tr2_2_5x.jpg,Zanthoxylum_lemairei/Tw60043_Z_lemairei_Tr2_2_5x.jpg,micro_congo,micro,transversal_semi_thin_section,Zanthoxylum lemairei,Zanthoxylum,,Tw60043,micro_congo:Zanthoxylum_lemairei/Tw60043_Z_lemairei_Tr2_2_5x,,Zanthoxylum lemairei,Zanthoxylum lemairei,B,genus_overlap_only,"P2,P3",,genus_match_only,Zanthoxylum gilletii
data/images/micro/Zanthoxylum_lemairei/Tw60043_Z_lemairei_Tr4_2_5x.jpg,Zanthoxylum_lemairei/Tw60043_Z_lemairei_Tr4_2_5x.jpg,micro_congo,micro,transversal_semi_thin_section,Zanthoxylum lemairei,Zanthoxylum,,Tw60043,micro_congo:Zanthoxylum_lemairei/Tw60043_Z_lemairei_Tr4_2_5x,,Zanthoxylum lemairei,Zanthoxylum lemairei,B,genus_overlap_only,"P2,P3",,genus_match_only,Zanthoxylum gilletii
data/images/micro/Zanthoxylum_lemairei/Tw60043_Z_lemairei_Tr_2_5x.jpg,Zanthoxylum_lemairei/Tw60043_Z_lemairei_Tr_2_5x.jpg,micro_congo,micro,transversal_semi_thin_section,Zanthoxylum lemairei,Zanthoxylum,,Tw60043,micro_congo:Zanthoxylum_lemairei/Tw60043_Z_lemairei_Tr_2_5x,,Zanthoxylum lemairei,Zanthoxylum lemairei,B,genus_overlap_only,"P2,P3",,genus_match_only,Zanthoxylum gilletii
data/images/micro/Zanthoxylum_lemairei/Tw9775_Tv_2_5x_1.jpg,Zanthoxylum_lemairei/Tw9775_Tv_2_5x_1.jpg,micro_congo,micro,transversal_semi_thin_section,Zanthoxylum lemairei,Zanthoxylum,,Tw9775,micro_congo:Zanthoxylum_lemairei/Tw9775_Tv_2_5x_1,,Zanthoxylum lemairei,Zanthoxylum lemairei,B,genus_overlap_only,"P2,P3",,genus_match_only,Zanthoxylum gilletii
data/images/micro/Zanthoxylum_lemairei/Tw9775_Tv_2_5x_2.jpg,Zanthoxylum_lemairei/Tw9775_Tv_2_5x_2.jpg,micro_congo,micro,transversal_semi_thin_section,Zanthoxylum lemairei,Zanthoxylum,,Tw9775,micro_congo:Zanthoxylum_lemairei/Tw9775_Tv_2_5x_2,,Zanthoxylum lemairei,Zanthoxylum lemairei,B,genus_overlap_only,"P2,P3",,genus_match_only,Zanthoxylum gilletii
data/images/micro/Zanthoxylum_lemairei/Tw9775_Tv_2_5x_3.jpg,Zanthoxylum_lemairei/Tw9775_Tv_2_5x_3.jpg,micro_congo,micro,transversal_semi_thin_section,Zanthoxylum lemairei,Zanthoxylum,,Tw9775,micro_congo:Zanthoxylum_lemairei/Tw9775_Tv_2_5x_3,,Zanthoxylum lemairei,Zanthoxylum lemairei,B,genus_overlap_only,"P2,P3",,genus_match_only,Zanthoxylum gilletii
